[
    {
        "id": "C0SPKG90F",
        "name": "design",
        "created": "1458028070",
        "creator": "U0R46MR7W",
        "is_archived": false,
        "is_general": false,
        "members": [
            "U0R46MR7W",
            "U0R4CQRK9",
            "U0R4D9RM5",
            "U0R4EM6QN",
            "U0RD4DJP3",
            "U0ZTCA30C"
        ],
        "topic": {
            "value": "",
            "creator": "",
            "last_set": "0"
        },
        "purpose": {
            "value": "",
            "creator": "",
            "last_set": "0"
        }
    },
    {
        "id": "C0R4C5BBL",
        "name": "general",
        "created": "1457420133",
        "creator": "U0R46MR7W",
        "is_archived": false,
        "is_general": true,
        "members": [
            "U0R46MR7W",
            "U0R4CQRK9",
            "U0R4D9RM5",
            "U0R4EM6QN",
            "U0RD4DJP3",
            "U0ZTCA30C"
        ],
        "topic": {
            "value": "Company-wide announcements and work-based matters",
            "creator": "",
            "last_set": "0"
        },
        "purpose": {
            "value": "This channel is for team-wide communication and announcements. All team members are in this channel.",
            "creator": "U0R46MR7W",
            "last_set": "1457487295"
        }
    },
    {
        "id": "C0RCYA4SC",
        "name": "git-updates",
        "created": "1457486629",
        "creator": "U0R46MR7W",
        "is_archived": false,
        "is_general": false,
        "members": [
            "U0R46MR7W",
            "U0R4CQRK9",
            "U0R4D9RM5",
            "U0R4EM6QN",
            "U0ZTCA30C"
        ],
        "topic": {
            "value": "",
            "creator": "",
            "last_set": "0"
        },
        "purpose": {
            "value": "Git bot will post updates here",
            "creator": "U0R46MR7W",
            "last_set": "1457486630"
        }
    },
    {
        "id": "C0R4A8NBF",
        "name": "random",
        "created": "1457420133",
        "creator": "U0R46MR7W",
        "is_archived": false,
        "is_general": false,
        "members": [
            "U0R46MR7W",
            "U0R4CQRK9",
            "U0R4D9RM5",
            "U0R4EM6QN",
            "U0RD4DJP3"
        ],
        "topic": {
            "value": "Non-work banter and water cooler conversation",
            "creator": "",
            "last_set": "0"
        },
        "purpose": {
            "value": "A place for non-work-related flimflam, faffing, hodge-podge or jibber-jabber you'd prefer to keep out of more focused work-related channels.",
            "creator": "",
            "last_set": "0"
        }
    },
    {
        "id": "C0RDL4LBG",
        "name": "testing",
        "created": "1457489694",
        "creator": "U0R46MR7W",
        "is_archived": false,
        "is_general": false,
        "members": [
            "U0R46MR7W",
            "U0RD4DJP3"
        ],
        "topic": {
            "value": "",
            "creator": "",
            "last_set": "0"
        },
        "purpose": {
            "value": "",
            "creator": "",
            "last_set": "0"
        }
    },
    {
        "id": "C0RCZ26P2",
        "name": "trello",
        "created": "1457486876",
        "creator": "U0R46MR7W",
        "is_archived": false,
        "is_general": false,
        "members": [
            "U0R46MR7W",
            "U0R4CQRK9",
            "U0R4D9RM5",
            "U0R4EM6QN",
            "U0ZTCA30C"
        ],
        "topic": {
            "value": "",
            "creator": "",
            "last_set": "0"
        },
        "purpose": {
            "value": "",
            "creator": "",
            "last_set": "0"
        }
    }
]