[
    {
        "user_id": "U0R4CQRK9",
        "user_name": "joshua",
        "date": "1457604739",
        "change_type": "added",
        "app_type": "Lucidchart",
        "app_id": "A0G8S1LSC",
        "scope": "identify,incoming-webhook,commands,channels:read,users:read,chat:write:bot"
    },
    {
        "user_id": "U0R4EM6QN",
        "user_name": "jeet",
        "date": "1457604242",
        "change_type": "added",
        "app_type": "Lucidchart",
        "app_id": "A0G8S1LSC",
        "scope": "identify,incoming-webhook,commands,channels:read,users:read,chat:write:bot"
    },
    {
        "user_id": "U0R4D9RM5",
        "user_name": "sarah-giapitzakis",
        "date": "1457502592",
        "change_type": "added",
        "app_type": "Lucidchart",
        "app_id": "A0G8S1LSC",
        "scope": "identify,incoming-webhook,commands,channels:read,users:read,chat:write:bot"
    },
    {
        "user_id": "U0R46MR7W",
        "user_name": "wolfzimmermann",
        "date": "1457488325",
        "change_type": "added",
        "app_type": "Polls by Subcurrent",
        "app_id": "A04E6JX41",
        "scope": "identify,commands,bot"
    },
    {
        "user_id": "U0R46MR7W",
        "user_name": "wolfzimmermann",
        "date": "1457488271",
        "change_type": "removed",
        "app_type": "Simple Poll",
        "app_id": "A0HFW7MR6",
        "scope": "identify,commands,chat:write:bot,reactions:write"
    },
    {
        "user_id": "U0R46MR7W",
        "user_name": "wolfzimmermann",
        "date": "1457487932",
        "change_type": "added",
        "app_type": "Simple Poll",
        "app_id": "A0HFW7MR6",
        "scope": "identify,commands,chat:write:bot,reactions:write"
    },
    {
        "user_id": "U0R46MR7W",
        "user_name": "wolfzimmermann",
        "date": "1457487814",
        "change_type": "updated",
        "service_id": "25453248582",
        "service_type": "GitHub",
        "scope": "incoming-webhook",
        "channel": "C0RCYA4SC"
    },
    {
        "user_id": "U0R46MR7W",
        "user_name": "wolfzimmermann",
        "date": "1457487164",
        "change_type": "added",
        "app_type": "Lucidchart",
        "app_id": "A0G8S1LSC",
        "scope": "identify,commands,channels:read,users:read,chat:write:bot"
    },
    {
        "user_id": "U0R46MR7W",
        "user_name": "wolfzimmermann",
        "date": "1457486907",
        "change_type": "updated",
        "service_id": "25452435799",
        "service_type": "Trello",
        "scope": "incoming-webhook",
        "channel": "C0RCZ26P2"
    },
    {
        "user_id": "U0R46MR7W",
        "user_name": "wolfzimmermann",
        "date": "1457486900",
        "change_type": "updated",
        "service_id": "25452435799",
        "service_type": "Trello",
        "scope": "incoming-webhook",
        "channel": "C0RCZ26P2"
    },
    {
        "user_id": "U0R46MR7W",
        "user_name": "wolfzimmermann",
        "date": "1457486879",
        "change_type": "added",
        "service_id": "25452435799",
        "service_type": "Trello",
        "scope": "incoming-webhook",
        "channel": "C0RCZ26P2"
    },
    {
        "user_id": "U0R46MR7W",
        "user_name": "wolfzimmermann",
        "date": "1457486692",
        "change_type": "updated",
        "service_id": "25453248582",
        "service_type": "GitHub",
        "scope": "incoming-webhook",
        "channel": "C0RCYA4SC"
    },
    {
        "user_id": "U0R46MR7W",
        "user_name": "wolfzimmermann",
        "date": "1457486643",
        "change_type": "added",
        "service_id": "25453248582",
        "service_type": "GitHub",
        "scope": "incoming-webhook",
        "channel": "C0RCYA4SC"
    },
    {
        "user_id": "U0R46MR7W",
        "user_name": "wolfzimmermann",
        "date": "1457486350",
        "change_type": "added",
        "app_type": "\/todo",
        "app_id": "A0HBTUUPK",
        "scope": "identify,commands,chat:write:bot"
    },
    {
        "user_id": 0,
        "user_name": "slack",
        "date": "1457420133",
        "change_type": "added",
        "service_id": "25138365393",
        "service_type": "Google Drive",
        "scope": "files:write:user"
    }
]