[
    {
        "id": "U0ZTCA30C",
        "team_id": "T0R416NJU",
        "name": "adityajagtap",
        "deleted": false,
        "status": null,
        "color": "e96699",
        "real_name": "Aditya Jagtap",
        "tz": "Australia\/Canberra",
        "tz_label": "Australian Eastern Standard Time",
        "tz_offset": 36000,
        "profile": {
            "first_name": "Aditya",
            "last_name": "Jagtap",
            "avatar_hash": "g1a61d5c6f13",
            "real_name": "Aditya Jagtap",
            "real_name_normalized": "Aditya Jagtap",
            "email": "aditya.jagtap@rmit.edu.au",
            "image_24": "https:\/\/secure.gravatar.com\/avatar\/1a61d5c6f13e2dbf78b8a4efbbd8599d.jpg?s=24&d=https%3A%2F%2Fa.slack-edge.com%2F0180%2Fimg%2Favatars%2Fava_0004-24.png",
            "image_32": "https:\/\/secure.gravatar.com\/avatar\/1a61d5c6f13e2dbf78b8a4efbbd8599d.jpg?s=32&d=https%3A%2F%2Fa.slack-edge.com%2F66f9%2Fimg%2Favatars%2Fava_0004-32.png",
            "image_48": "https:\/\/secure.gravatar.com\/avatar\/1a61d5c6f13e2dbf78b8a4efbbd8599d.jpg?s=48&d=https%3A%2F%2Fa.slack-edge.com%2F66f9%2Fimg%2Favatars%2Fava_0004-48.png",
            "image_72": "https:\/\/secure.gravatar.com\/avatar\/1a61d5c6f13e2dbf78b8a4efbbd8599d.jpg?s=72&d=https%3A%2F%2Fa.slack-edge.com%2F66f9%2Fimg%2Favatars%2Fava_0004-72.png",
            "image_192": "https:\/\/secure.gravatar.com\/avatar\/1a61d5c6f13e2dbf78b8a4efbbd8599d.jpg?s=192&d=https%3A%2F%2Fa.slack-edge.com%2F7fa9%2Fimg%2Favatars%2Fava_0004-192.png",
            "image_512": "https:\/\/secure.gravatar.com\/avatar\/1a61d5c6f13e2dbf78b8a4efbbd8599d.jpg?s=512&d=https%3A%2F%2Fa.slack-edge.com%2F7fa9%2Fimg%2Favatars%2Fava_0004-512.png",
            "fields": null
        },
        "is_admin": false,
        "is_owner": false,
        "is_primary_owner": false,
        "is_restricted": false,
        "is_ultra_restricted": false,
        "is_bot": false
    },
    {
        "id": "U0R4EM6QN",
        "team_id": "T0R416NJU",
        "name": "jeet",
        "deleted": false,
        "status": null,
        "color": "e7392d",
        "real_name": "",
        "tz": "Australia\/Canberra",
        "tz_label": "Australian Eastern Standard Time",
        "tz_offset": 36000,
        "profile": {
            "avatar_hash": "g12a0a293dda",
            "real_name": "",
            "real_name_normalized": "",
            "email": "s3400586@student.rmit.edu.au",
            "image_24": "https:\/\/secure.gravatar.com\/avatar\/12a0a293ddaca5ef4c801e57a2d3efa6.jpg?s=24&d=https%3A%2F%2Fa.slack-edge.com%2F66f9%2Fimg%2Favatars%2Fava_0019-24.png",
            "image_32": "https:\/\/secure.gravatar.com\/avatar\/12a0a293ddaca5ef4c801e57a2d3efa6.jpg?s=32&d=https%3A%2F%2Fa.slack-edge.com%2F66f9%2Fimg%2Favatars%2Fava_0019-32.png",
            "image_48": "https:\/\/secure.gravatar.com\/avatar\/12a0a293ddaca5ef4c801e57a2d3efa6.jpg?s=48&d=https%3A%2F%2Fa.slack-edge.com%2F66f9%2Fimg%2Favatars%2Fava_0019-48.png",
            "image_72": "https:\/\/secure.gravatar.com\/avatar\/12a0a293ddaca5ef4c801e57a2d3efa6.jpg?s=72&d=https%3A%2F%2Fa.slack-edge.com%2F66f9%2Fimg%2Favatars%2Fava_0019-72.png",
            "image_192": "https:\/\/secure.gravatar.com\/avatar\/12a0a293ddaca5ef4c801e57a2d3efa6.jpg?s=192&d=https%3A%2F%2Fa.slack-edge.com%2F7fa9%2Fimg%2Favatars%2Fava_0019-192.png",
            "image_512": "https:\/\/secure.gravatar.com\/avatar\/12a0a293ddaca5ef4c801e57a2d3efa6.jpg?s=512&d=https%3A%2F%2Fa.slack-edge.com%2F7fa9%2Fimg%2Favatars%2Fava_0019-512.png",
            "fields": null
        },
        "is_admin": false,
        "is_owner": false,
        "is_primary_owner": false,
        "is_restricted": false,
        "is_ultra_restricted": false,
        "is_bot": false
    },
    {
        "id": "U0R4CQRK9",
        "team_id": "T0R416NJU",
        "name": "joshua",
        "deleted": false,
        "status": null,
        "color": "4bbe2e",
        "real_name": "",
        "tz": "Australia\/Canberra",
        "tz_label": "Australian Eastern Standard Time",
        "tz_offset": 36000,
        "profile": {
            "avatar_hash": "g98cee3703dc",
            "real_name": "",
            "real_name_normalized": "",
            "email": "s3485796@student.rmit.edu.au",
            "image_24": "https:\/\/secure.gravatar.com\/avatar\/98cee3703dcde736b69b2214bcbe6569.jpg?s=24&d=https%3A%2F%2Fa.slack-edge.com%2F66f9%2Fimg%2Favatars%2Fava_0011-24.png",
            "image_32": "https:\/\/secure.gravatar.com\/avatar\/98cee3703dcde736b69b2214bcbe6569.jpg?s=32&d=https%3A%2F%2Fa.slack-edge.com%2F66f9%2Fimg%2Favatars%2Fava_0011-32.png",
            "image_48": "https:\/\/secure.gravatar.com\/avatar\/98cee3703dcde736b69b2214bcbe6569.jpg?s=48&d=https%3A%2F%2Fa.slack-edge.com%2F66f9%2Fimg%2Favatars%2Fava_0011-48.png",
            "image_72": "https:\/\/secure.gravatar.com\/avatar\/98cee3703dcde736b69b2214bcbe6569.jpg?s=72&d=https%3A%2F%2Fa.slack-edge.com%2F3654%2Fimg%2Favatars%2Fava_0011-72.png",
            "image_192": "https:\/\/secure.gravatar.com\/avatar\/98cee3703dcde736b69b2214bcbe6569.jpg?s=192&d=https%3A%2F%2Fa.slack-edge.com%2F7fa9%2Fimg%2Favatars%2Fava_0011-192.png",
            "image_512": "https:\/\/secure.gravatar.com\/avatar\/98cee3703dcde736b69b2214bcbe6569.jpg?s=512&d=https%3A%2F%2Fa.slack-edge.com%2F7fa9%2Fimg%2Favatars%2Fava_0011-512.png",
            "fields": null
        },
        "is_admin": false,
        "is_owner": false,
        "is_primary_owner": false,
        "is_restricted": false,
        "is_ultra_restricted": false,
        "is_bot": false
    },
    {
        "id": "U0R4D9RM5",
        "team_id": "T0R416NJU",
        "name": "sarah-giapitzakis",
        "deleted": false,
        "status": null,
        "color": "3c989f",
        "real_name": "",
        "tz": "Australia\/Canberra",
        "tz_label": "Australian Eastern Standard Time",
        "tz_offset": 36000,
        "profile": {
            "avatar_hash": "gc4d57e539bd",
            "real_name": "",
            "real_name_normalized": "",
            "email": "s3477089@student.rmit.edu.au",
            "image_24": "https:\/\/secure.gravatar.com\/avatar\/c4d57e539bd1eae78522fd8d320e65d5.jpg?s=24&d=https%3A%2F%2Fa.slack-edge.com%2F66f9%2Fimg%2Favatars%2Fava_0024-24.png",
            "image_32": "https:\/\/secure.gravatar.com\/avatar\/c4d57e539bd1eae78522fd8d320e65d5.jpg?s=32&d=https%3A%2F%2Fa.slack-edge.com%2F66f9%2Fimg%2Favatars%2Fava_0024-32.png",
            "image_48": "https:\/\/secure.gravatar.com\/avatar\/c4d57e539bd1eae78522fd8d320e65d5.jpg?s=48&d=https%3A%2F%2Fa.slack-edge.com%2F66f9%2Fimg%2Favatars%2Fava_0024-48.png",
            "image_72": "https:\/\/secure.gravatar.com\/avatar\/c4d57e539bd1eae78522fd8d320e65d5.jpg?s=72&d=https%3A%2F%2Fa.slack-edge.com%2F66f9%2Fimg%2Favatars%2Fava_0024-72.png",
            "image_192": "https:\/\/secure.gravatar.com\/avatar\/c4d57e539bd1eae78522fd8d320e65d5.jpg?s=192&d=https%3A%2F%2Fa.slack-edge.com%2F7fa9%2Fimg%2Favatars%2Fava_0024-192.png",
            "image_512": "https:\/\/secure.gravatar.com\/avatar\/c4d57e539bd1eae78522fd8d320e65d5.jpg?s=512&d=https%3A%2F%2Fa.slack-edge.com%2F7fa9%2Fimg%2Favatars%2Fava_0024-512.png",
            "fields": null
        },
        "is_admin": false,
        "is_owner": false,
        "is_primary_owner": false,
        "is_restricted": false,
        "is_ultra_restricted": false,
        "is_bot": false
    },
    {
        "id": "U0RD4DJP3",
        "team_id": "T0R416NJU",
        "name": "subcurrent",
        "deleted": false,
        "status": null,
        "color": "674b1b",
        "real_name": "Polls by Subcurrent",
        "tz": null,
        "tz_label": "Pacific Daylight Time",
        "tz_offset": -25200,
        "profile": {
            "bot_id": "B0RD4DJNM",
            "api_app_id": "A04E6JX41",
            "first_name": "Polls by Subcurrent",
            "avatar_hash": "77c5c4cb87df",
            "image_24": "https:\/\/avatars.slack-edge.com\/2016-03-10\/25888239379_77c5c4cb87df4b2659dd_24.jpg",
            "image_32": "https:\/\/avatars.slack-edge.com\/2016-03-10\/25888239379_77c5c4cb87df4b2659dd_32.jpg",
            "image_48": "https:\/\/avatars.slack-edge.com\/2016-03-10\/25888239379_77c5c4cb87df4b2659dd_48.jpg",
            "image_72": "https:\/\/avatars.slack-edge.com\/2016-03-10\/25888239379_77c5c4cb87df4b2659dd_72.jpg",
            "image_192": "https:\/\/avatars.slack-edge.com\/2016-03-10\/25888239379_77c5c4cb87df4b2659dd_192.jpg",
            "image_512": "https:\/\/avatars.slack-edge.com\/2016-03-10\/25888239379_77c5c4cb87df4b2659dd_192.jpg",
            "image_1024": "https:\/\/avatars.slack-edge.com\/2016-03-10\/25888239379_77c5c4cb87df4b2659dd_192.jpg",
            "image_original": "https:\/\/avatars.slack-edge.com\/2016-03-10\/25888239379_77c5c4cb87df4b2659dd_original.jpg",
            "real_name": "Polls by Subcurrent",
            "real_name_normalized": "Polls by Subcurrent",
            "fields": null
        },
        "is_admin": false,
        "is_owner": false,
        "is_primary_owner": false,
        "is_restricted": false,
        "is_ultra_restricted": false,
        "is_bot": true
    },
    {
        "id": "U0R46MR7W",
        "team_id": "T0R416NJU",
        "name": "wolfzimmermann",
        "deleted": false,
        "status": null,
        "color": "9f69e7",
        "real_name": "wolf zimmermann",
        "tz": "Australia\/Canberra",
        "tz_label": "Australian Eastern Standard Time",
        "tz_offset": 36000,
        "profile": {
            "first_name": "wolf",
            "last_name": "zimmermann",
            "avatar_hash": "g2baab5b009c",
            "fields": [

            ],
            "title": "Uni",
            "phone": "",
            "skype": "",
            "real_name": "wolf zimmermann",
            "real_name_normalized": "wolf zimmermann",
            "email": "s3495671@student.rmit.edu.au",
            "image_24": "https:\/\/secure.gravatar.com\/avatar\/2baab5b009cff0fb2b25731af9a71c6f.jpg?s=24&d=https%3A%2F%2Fa.slack-edge.com%2F66f9%2Fimg%2Favatars%2Fava_0008-24.png",
            "image_32": "https:\/\/secure.gravatar.com\/avatar\/2baab5b009cff0fb2b25731af9a71c6f.jpg?s=32&d=https%3A%2F%2Fa.slack-edge.com%2F66f9%2Fimg%2Favatars%2Fava_0008-32.png",
            "image_48": "https:\/\/secure.gravatar.com\/avatar\/2baab5b009cff0fb2b25731af9a71c6f.jpg?s=48&d=https%3A%2F%2Fa.slack-edge.com%2F66f9%2Fimg%2Favatars%2Fava_0008-48.png",
            "image_72": "https:\/\/secure.gravatar.com\/avatar\/2baab5b009cff0fb2b25731af9a71c6f.jpg?s=72&d=https%3A%2F%2Fa.slack-edge.com%2F66f9%2Fimg%2Favatars%2Fava_0008-72.png",
            "image_192": "https:\/\/secure.gravatar.com\/avatar\/2baab5b009cff0fb2b25731af9a71c6f.jpg?s=192&d=https%3A%2F%2Fa.slack-edge.com%2F7fa9%2Fimg%2Favatars%2Fava_0008-192.png",
            "image_512": "https:\/\/secure.gravatar.com\/avatar\/2baab5b009cff0fb2b25731af9a71c6f.jpg?s=512&d=https%3A%2F%2Fa.slack-edge.com%2F7fa9%2Fimg%2Favatars%2Fava_0008-512.png"
        },
        "is_admin": true,
        "is_owner": true,
        "is_primary_owner": true,
        "is_restricted": false,
        "is_ultra_restricted": false,
        "is_bot": false
    }
]