[
    {
        "user": "U0R46MR7W",
        "type": "message",
        "subtype": "channel_join",
        "text": "<@U0R46MR7W|wolfzimmermann> has joined the channel",
        "ts": "1457486629.000002"
    },
    {
        "user": "U0R46MR7W",
        "purpose": "Git bot will post updates here",
        "type": "message",
        "subtype": "channel_purpose",
        "text": "<@U0R46MR7W|wolfzimmermann> set the channel purpose: Git bot will post updates here",
        "ts": "1457486630.000003"
    },
    {
        "text": "added an integration to this channel: <https:\/\/septgroupteam.slack.com\/services\/B0RDB7AH4|github>",
        "bot_id": "B0RDB7AH4",
        "type": "message",
        "subtype": "bot_add",
        "user": "U0R46MR7W",
        "ts": "1457486643.000004"
    },
    {
        "text": "",
        "bot_id": "B0RDB7AH4",
        "attachments": [
            {
                "fallback": "[sept-assignment-1:master] <https:\/\/github.com\/z1mmz\/sept-assignment-1\/commit\/a2ff5efc1eab8252a1169b53850d150adf446d9a|1 new commit> by Wolf ZImmermann",
                "text": "<https:\/\/github.com\/z1mmz\/sept-assignment-1\/commit\/a2ff5efc1eab8252a1169b53850d150adf446d9a|a2ff5ef>: Update README.md - Wolf ZImmermann",
                "pretext": "[sept-assignment-1:master] 1 new commit by Wolf ZImmermann:",
                "id": 1,
                "color": "4183C4",
                "mrkdwn_in": [
                    "text",
                    "pretext"
                ]
            }
        ],
        "type": "message",
        "subtype": "bot_message",
        "ts": "1457486716.000005"
    },
    {
        "user": "U0R4EM6QN",
        "inviter": "U0R46MR7W",
        "type": "message",
        "subtype": "channel_join",
        "text": "<@U0R4EM6QN|jeet> has joined the channel",
        "ts": "1457487259.000006"
    },
    {
        "user": "U0R4CQRK9",
        "inviter": "U0R46MR7W",
        "type": "message",
        "subtype": "channel_join",
        "text": "<@U0R4CQRK9|joshua> has joined the channel",
        "ts": "1457487259.000007"
    },
    {
        "user": "U0R4D9RM5",
        "inviter": "U0R46MR7W",
        "type": "message",
        "subtype": "channel_join",
        "text": "<@U0R4D9RM5|sarah-giapitzakis> has joined the channel",
        "ts": "1457487259.000008"
    },
    {
        "text": "",
        "bot_id": "B0RDB7AH4",
        "attachments": [
            {
                "fallback": "[sept-assignment-1:master] <https:\/\/github.com\/z1mmz\/sept-assignment-1\/commit\/28541f9501d2f333544a79304de7cb4f4f37c46b|1 new commit> by Wolf ZImmermann",
                "text": "<https:\/\/github.com\/z1mmz\/sept-assignment-1\/commit\/28541f9501d2f333544a79304de7cb4f4f37c46b|28541f9>: Update README.md - Wolf ZImmermann",
                "pretext": "[sept-assignment-1:master] 1 new commit by Wolf ZImmermann:",
                "id": 1,
                "color": "4183C4",
                "mrkdwn_in": [
                    "text",
                    "pretext"
                ]
            }
        ],
        "type": "message",
        "subtype": "bot_message",
        "ts": "1457487692.000009"
    },
    {
        "text": "",
        "bot_id": "B0RDB7AH4",
        "attachments": [
            {
                "fallback": "[sept-assignment-1:master] <https:\/\/github.com\/z1mmz\/sept-assignment-1\/commit\/b8d0007162792740bb3ca38e77db3681f4028600|1 new commit> by Wolf ZImmermann",
                "text": "<https:\/\/github.com\/z1mmz\/sept-assignment-1\/commit\/b8d0007162792740bb3ca38e77db3681f4028600|b8d0007>: Update README.md - Wolf ZImmermann",
                "pretext": "[sept-assignment-1:master] 1 new commit by Wolf ZImmermann:",
                "id": 1,
                "color": "4183C4",
                "mrkdwn_in": [
                    "text",
                    "pretext"
                ]
            }
        ],
        "type": "message",
        "subtype": "bot_message",
        "ts": "1457487706.000010"
    },
    {
        "text": "",
        "bot_id": "B0RDB7AH4",
        "attachments": [
            {
                "fallback": "[sept-assignment-1:master] <https:\/\/github.com\/z1mmz\/sept-assignment-1\/compare\/b8d000716279...bf66acc42c39|2 new commits> by Sarah Giapitzakis",
                "text": "<https:\/\/github.com\/z1mmz\/sept-assignment-1\/commit\/07a40aa632f13561693d76f0a04496fc28e4fec1|07a40aa>: initialized java eclipse project - Sarah Giapitzakis\n <https:\/\/github.com\/z1mmz\/sept-assignment-1\/commit\/bf66acc42c39cc6b6ddd443a34a316ae2000d683|bf66acc>: wouldn't commit empty folders? - Sarah Giapitzakis",
                "pretext": "[sept-assignment-1:master] <https:\/\/github.com\/z1mmz\/sept-assignment-1\/compare\/b8d000716279...bf66acc42c39|2 new commits> by Sarah Giapitzakis:",
                "id": 1,
                "color": "4183C4",
                "mrkdwn_in": [
                    "text",
                    "pretext"
                ]
            }
        ],
        "type": "message",
        "subtype": "bot_message",
        "ts": "1457502095.000011"
    }
]