[
    {
        "text": "",
        "bot_id": "B0RDB7AH4",
        "attachments": [
            {
                "fallback": "<https:\/\/github.com\/z1mmz\/sept-assignment-1\/tree\/master|[sept-assignment-1:master]> <https:\/\/github.com\/z1mmz\/sept-assignment-1\/compare\/314016a848a3...c28795e5e5f6|2 new commits> by z1mmz",
                "text": "`<https:\/\/github.com\/z1mmz\/sept-assignment-1\/commit\/3a9818be32c45657b10cda09a144ccda9544993c|3a9818b>`  fav loading - z1mmz\n `<https:\/\/github.com\/z1mmz\/sept-assignment-1\/commit\/c28795e5e5f6845c3fe37ddd8f732f920740ed9f|c28795e>`  Merge remote-tracking branch 'origin\/master' - z1mmz",
                "pretext": "<https:\/\/github.com\/z1mmz\/sept-assignment-1\/tree\/master|[sept-assignment-1:master]> <https:\/\/github.com\/z1mmz\/sept-assignment-1\/compare\/314016a848a3...c28795e5e5f6|2 new commits> by z1mmz:",
                "id": 1,
                "color": "4183C4",
                "mrkdwn_in": [
                    "text",
                    "pretext"
                ]
            }
        ],
        "type": "message",
        "subtype": "bot_message",
        "ts": "1460533517.000011"
    },
    {
        "text": "",
        "bot_id": "B0RDB7AH4",
        "attachments": [
            {
                "fallback": "<https:\/\/github.com\/z1mmz\/sept-assignment-1\/tree\/master|[sept-assignment-1:master]> <https:\/\/github.com\/z1mmz\/sept-assignment-1\/commit\/b657e03dff008fcb5110e7357bca1ef02adbddc6|1 new commit> by z1mmz",
                "text": "`<https:\/\/github.com\/z1mmz\/sept-assignment-1\/commit\/b657e03dff008fcb5110e7357bca1ef02adbddc6|b657e03>`  . - z1mmz",
                "pretext": "<https:\/\/github.com\/z1mmz\/sept-assignment-1\/tree\/master|[sept-assignment-1:master]> 1 new commit by z1mmz:",
                "id": 1,
                "color": "4183C4",
                "mrkdwn_in": [
                    "text",
                    "pretext"
                ]
            }
        ],
        "type": "message",
        "subtype": "bot_message",
        "ts": "1460533956.000012"
    },
    {
        "text": "",
        "bot_id": "B0RDB7AH4",
        "attachments": [
            {
                "fallback": "<https:\/\/github.com\/z1mmz\/sept-assignment-1\/tree\/master|[sept-assignment-1:master]> <https:\/\/github.com\/z1mmz\/sept-assignment-1\/commit\/98268ea250e7c49c17e6fe62e35381d2439156e2|1 new commit> by z1mmz",
                "text": "`<https:\/\/github.com\/z1mmz\/sept-assignment-1\/commit\/98268ea250e7c49c17e6fe62e35381d2439156e2|98268ea>`  cleaned fav.txt - z1mmz",
                "pretext": "<https:\/\/github.com\/z1mmz\/sept-assignment-1\/tree\/master|[sept-assignment-1:master]> 1 new commit by z1mmz:",
                "id": 1,
                "color": "4183C4",
                "mrkdwn_in": [
                    "text",
                    "pretext"
                ]
            }
        ],
        "type": "message",
        "subtype": "bot_message",
        "ts": "1460534191.000013"
    },
    {
        "text": "",
        "bot_id": "B0RDB7AH4",
        "attachments": [
            {
                "fallback": "<https:\/\/github.com\/z1mmz\/sept-assignment-1\/tree\/master|[sept-assignment-1:master]> <https:\/\/github.com\/z1mmz\/sept-assignment-1\/commit\/133a83ba94467df41cf04654400c49671fee6168|1 new commit> by z1mmz",
                "text": "`<https:\/\/github.com\/z1mmz\/sept-assignment-1\/commit\/133a83ba94467df41cf04654400c49671fee6168|133a83b>`  Fix fav loading - z1mmz",
                "pretext": "<https:\/\/github.com\/z1mmz\/sept-assignment-1\/tree\/master|[sept-assignment-1:master]> 1 new commit by z1mmz:",
                "id": 1,
                "color": "4183C4",
                "mrkdwn_in": [
                    "text",
                    "pretext"
                ]
            }
        ],
        "type": "message",
        "subtype": "bot_message",
        "ts": "1460535615.000014"
    },
    {
        "text": "",
        "bot_id": "B0RDB7AH4",
        "attachments": [
            {
                "fallback": "<https:\/\/github.com\/z1mmz\/sept-assignment-1\/tree\/master|[sept-assignment-1:master]> <https:\/\/github.com\/z1mmz\/sept-assignment-1\/compare\/133a83ba9446...498500a1ddf2|4 new commits> by nairabhijeet",
                "text": "`<https:\/\/github.com\/z1mmz\/sept-assignment-1\/commit\/daaa123e378dd336d05e37f500a52a677f0dc2fc|daaa123>`  Commited changes to favouriates - nairabhijeet\n `<https:\/\/github.com\/z1mmz\/sept-assignment-1\/commit\/1d62d269c3805abc09209697e054f5f48a123caa|1d62d26>`  Can Display charts for all cities - nairabhijeet\n `<https:\/\/github.com\/z1mmz\/sept-assignment-1\/commit\/d5065656ba91d67fdc9084fda1b3dcc25280a1c0|d506565>`  Commited with fixed chart display - nairabhijeet\n `<https:\/\/github.com\/z1mmz\/sept-assignment-1\/commit\/498500a1ddf20f2eaf9fc261d73c606d27a40ce7|498500a>`  Merge remote-tracking branch 'origin\/master' - nairabhijeet",
                "pretext": "<https:\/\/github.com\/z1mmz\/sept-assignment-1\/tree\/master|[sept-assignment-1:master]> <https:\/\/github.com\/z1mmz\/sept-assignment-1\/compare\/133a83ba9446...498500a1ddf2|4 new commits> by nairabhijeet:",
                "id": 1,
                "color": "4183C4",
                "mrkdwn_in": [
                    "text",
                    "pretext"
                ]
            }
        ],
        "type": "message",
        "subtype": "bot_message",
        "ts": "1460540790.000015"
    },
    {
        "text": "",
        "bot_id": "B0RDB7AH4",
        "attachments": [
            {
                "fallback": "<https:\/\/github.com\/z1mmz\/sept-assignment-1\/tree\/master|[sept-assignment-1:master]> <https:\/\/github.com\/z1mmz\/sept-assignment-1\/commit\/68daa75a75caf6dd4cfdd07d22be8e26dc9c8299|1 new commit> by z1mmz",
                "text": "`<https:\/\/github.com\/z1mmz\/sept-assignment-1\/commit\/68daa75a75caf6dd4cfdd07d22be8e26dc9c8299|68daa75>`  Revert \"Merge remote-tracking branch 'origin\/master'\" - z1mmz",
                "pretext": "<https:\/\/github.com\/z1mmz\/sept-assignment-1\/tree\/master|[sept-assignment-1:master]> 1 new commit by z1mmz:",
                "id": 1,
                "color": "4183C4",
                "mrkdwn_in": [
                    "text",
                    "pretext"
                ]
            }
        ],
        "type": "message",
        "subtype": "bot_message",
        "ts": "1460542701.000016"
    },
    {
        "text": "",
        "bot_id": "B0RDB7AH4",
        "attachments": [
            {
                "fallback": "<https:\/\/github.com\/z1mmz\/sept-assignment-1\/tree\/master|[sept-assignment-1:master]> <https:\/\/github.com\/z1mmz\/sept-assignment-1\/commit\/0d107748e7d9173cd84f5cac79b3117ef0956359|1 new commit> by z1mmz",
                "text": "`<https:\/\/github.com\/z1mmz\/sept-assignment-1\/commit\/0d107748e7d9173cd84f5cac79b3117ef0956359|0d10774>`  String update - z1mmz",
                "pretext": "<https:\/\/github.com\/z1mmz\/sept-assignment-1\/tree\/master|[sept-assignment-1:master]> 1 new commit by z1mmz:",
                "id": 1,
                "color": "4183C4",
                "mrkdwn_in": [
                    "text",
                    "pretext"
                ]
            }
        ],
        "type": "message",
        "subtype": "bot_message",
        "ts": "1460543950.000017"
    },
    {
        "text": "",
        "bot_id": "B0RDB7AH4",
        "attachments": [
            {
                "fallback": "<https:\/\/github.com\/z1mmz\/sept-assignment-1\/tree\/master|[sept-assignment-1:master]> <https:\/\/github.com\/z1mmz\/sept-assignment-1\/commit\/b69d9937d7e66cb0be0a0528f1700a06648c8674|1 new commit> by z1mmz",
                "text": "`<https:\/\/github.com\/z1mmz\/sept-assignment-1\/commit\/b69d9937d7e66cb0be0a0528f1700a06648c8674|b69d993>`  Licences - z1mmz",
                "pretext": "<https:\/\/github.com\/z1mmz\/sept-assignment-1\/tree\/master|[sept-assignment-1:master]> 1 new commit by z1mmz:",
                "id": 1,
                "color": "4183C4",
                "mrkdwn_in": [
                    "text",
                    "pretext"
                ]
            }
        ],
        "type": "message",
        "subtype": "bot_message",
        "ts": "1460547955.000018"
    },
    {
        "text": "",
        "bot_id": "B0RDB7AH4",
        "attachments": [
            {
                "fallback": "<https:\/\/github.com\/z1mmz\/sept-assignment-1\/tree\/master|[sept-assignment-1:master]> <https:\/\/github.com\/z1mmz\/sept-assignment-1\/commit\/0491ce8182eefb9068a9106925d1e95355b5ad13|1 new commit> by nairabhijeet",
                "text": "`<https:\/\/github.com\/z1mmz\/sept-assignment-1\/commit\/0491ce8182eefb9068a9106925d1e95355b5ad13|0491ce8>`  Commented to test if it commits - nairabhijeet",
                "pretext": "<https:\/\/github.com\/z1mmz\/sept-assignment-1\/tree\/master|[sept-assignment-1:master]> 1 new commit by nairabhijeet:",
                "id": 1,
                "color": "4183C4",
                "mrkdwn_in": [
                    "text",
                    "pretext"
                ]
            }
        ],
        "type": "message",
        "subtype": "bot_message",
        "ts": "1460549874.000019"
    },
    {
        "text": "",
        "bot_id": "B0RDB7AH4",
        "attachments": [
            {
                "fallback": "<https:\/\/github.com\/z1mmz\/sept-assignment-1\/tree\/master|[sept-assignment-1:master]> <https:\/\/github.com\/z1mmz\/sept-assignment-1\/compare\/0491ce8182ee...43c13e7bfe3e|2 new commits> by z1mmz",
                "text": "`<https:\/\/github.com\/z1mmz\/sept-assignment-1\/commit\/ce43987fbacea3e3a8a6265f052b2abd627bfeb7|ce43987>`  Error handling - z1mmz\n `<https:\/\/github.com\/z1mmz\/sept-assignment-1\/commit\/43c13e7bfe3e2796bf277d2f6efe479804f89937|43c13e7>`  Merge remote-tracking branch 'origin\/master' - z1mmz",
                "pretext": "<https:\/\/github.com\/z1mmz\/sept-assignment-1\/tree\/master|[sept-assignment-1:master]> <https:\/\/github.com\/z1mmz\/sept-assignment-1\/compare\/0491ce8182ee...43c13e7bfe3e|2 new commits> by z1mmz:",
                "id": 1,
                "color": "4183C4",
                "mrkdwn_in": [
                    "text",
                    "pretext"
                ]
            }
        ],
        "type": "message",
        "subtype": "bot_message",
        "ts": "1460550302.000020"
    },
    {
        "text": "",
        "bot_id": "B0RDB7AH4",
        "attachments": [
            {
                "fallback": "<https:\/\/github.com\/z1mmz\/sept-assignment-1\/tree\/master|[sept-assignment-1:master]> <https:\/\/github.com\/z1mmz\/sept-assignment-1\/compare\/43c13e7bfe3e...f303760ca5be|3 new commits> by nairabhijeet",
                "text": "`<https:\/\/github.com\/z1mmz\/sept-assignment-1\/commit\/cdc2e62f720e14260c52c8ef2c2c4dd02e6cb1d6|cdc2e62>`  Just commted - nairabhijeet\n `<https:\/\/github.com\/z1mmz\/sept-assignment-1\/commit\/2bc49ed530ecd5b2e3fe844b4e1b212ab1f01b92|2bc49ed>`  Changed the Look of the  - nairabhijeet\n `<https:\/\/github.com\/z1mmz\/sept-assignment-1\/commit\/f303760ca5beedac30354348e081d18ff0069c4d|f303760>`  Merge remote-tracking branch 'origin\/master' - nairabhijeet",
                "pretext": "<https:\/\/github.com\/z1mmz\/sept-assignment-1\/tree\/master|[sept-assignment-1:master]> <https:\/\/github.com\/z1mmz\/sept-assignment-1\/compare\/43c13e7bfe3e...f303760ca5be|3 new commits> by nairabhijeet:",
                "id": 1,
                "color": "4183C4",
                "mrkdwn_in": [
                    "text",
                    "pretext"
                ]
            }
        ],
        "type": "message",
        "subtype": "bot_message",
        "ts": "1460558742.000021"
    }
]