[
    {
        "text": "",
        "bot_id": "B0RDB7AH4",
        "attachments": [
            {
                "fallback": "<https:\/\/github.com\/z1mmz\/sept-assignment-1\/tree\/master|[sept-assignment-1:master]> <https:\/\/github.com\/z1mmz\/sept-assignment-1\/commit\/fbb621ba428b7b3ef1bd8aa03f36152e52e53989|1 new commit> by z1mmz",
                "text": "`<https:\/\/github.com\/z1mmz\/sept-assignment-1\/commit\/fbb621ba428b7b3ef1bd8aa03f36152e52e53989|fbb621b>`  Fixed Antarctica button - z1mmz",
                "pretext": "<https:\/\/github.com\/z1mmz\/sept-assignment-1\/tree\/master|[sept-assignment-1:master]> 1 new commit by z1mmz:",
                "id": 1,
                "color": "4183C4",
                "mrkdwn_in": [
                    "text",
                    "pretext"
                ]
            }
        ],
        "type": "message",
        "subtype": "bot_message",
        "ts": "1460102933.000007"
    },
    {
        "text": "",
        "bot_id": "B0RDB7AH4",
        "attachments": [
            {
                "fallback": "<https:\/\/github.com\/z1mmz\/sept-assignment-1\/tree\/master|[sept-assignment-1:master]> <https:\/\/github.com\/z1mmz\/sept-assignment-1\/commit\/a8ca2fc66b886c7a3ef89d191a947f83c550caa8|1 new commit> by Sarah Giapitzakis",
                "text": "`<https:\/\/github.com\/z1mmz\/sept-assignment-1\/commit\/a8ca2fc66b886c7a3ef89d191a947f83c550caa8|a8ca2fc>`  Setting up initial junit testing framework - Sarah Giapitzakis",
                "pretext": "<https:\/\/github.com\/z1mmz\/sept-assignment-1\/tree\/master|[sept-assignment-1:master]> 1 new commit by Sarah Giapitzakis:",
                "id": 1,
                "color": "4183C4",
                "mrkdwn_in": [
                    "text",
                    "pretext"
                ]
            }
        ],
        "type": "message",
        "subtype": "bot_message",
        "ts": "1460105803.000008"
    }
]