[
    {
        "text": "",
        "bot_id": "B0RDB7AH4",
        "attachments": [
            {
                "fallback": "[sept-assignment-1:master] <https:\/\/github.com\/z1mmz\/sept-assignment-1\/commit\/88c095092f2920c03c8ff2ef240affcdddf62f9f|1 new commit> by Wolf ZImmermann",
                "text": "<https:\/\/github.com\/z1mmz\/sept-assignment-1\/commit\/88c095092f2920c03c8ff2ef240affcdddf62f9f|88c0950>: Update README.md - Wolf ZImmermann",
                "pretext": "[sept-assignment-1:master] 1 new commit by Wolf ZImmermann:",
                "id": 1,
                "color": "4183C4",
                "mrkdwn_in": [
                    "text",
                    "pretext"
                ]
            }
        ],
        "type": "message",
        "subtype": "bot_message",
        "ts": "1457511564.000012"
    }
]