[
    {
        "text": "",
        "bot_id": "B0RDB7AH4",
        "attachments": [
            {
                "fallback": "<https:\/\/github.com\/z1mmz\/sept-assignment-1\/tree\/master|[sept-assignment-1:master]> <https:\/\/github.com\/z1mmz\/sept-assignment-1\/commit\/f32ef971b3399634917122380a58cfec30af714a|1 new commit> by nairabhijeet",
                "text": "`<https:\/\/github.com\/z1mmz\/sept-assignment-1\/commit\/f32ef971b3399634917122380a58cfec30af714a|f32ef97>`  Saving a commit - nairabhijeet",
                "pretext": "<https:\/\/github.com\/z1mmz\/sept-assignment-1\/tree\/master|[sept-assignment-1:master]> 1 new commit by nairabhijeet:",
                "id": 1,
                "color": "4183C4",
                "mrkdwn_in": [
                    "text",
                    "pretext"
                ]
            }
        ],
        "type": "message",
        "subtype": "bot_message",
        "ts": "1460703828.000004"
    },
    {
        "text": "",
        "bot_id": "B0RDB7AH4",
        "attachments": [
            {
                "fallback": "<https:\/\/github.com\/z1mmz\/sept-assignment-1\/tree\/master|[sept-assignment-1:master]> <https:\/\/github.com\/z1mmz\/sept-assignment-1\/commit\/b38c79b410489d9194e525821149ee923713283c|1 new commit> by nairabhijeet",
                "text": "`<https:\/\/github.com\/z1mmz\/sept-assignment-1\/commit\/b38c79b410489d9194e525821149ee923713283c|b38c79b>`  Add or Remove favouriates implemented - nairabhijeet",
                "pretext": "<https:\/\/github.com\/z1mmz\/sept-assignment-1\/tree\/master|[sept-assignment-1:master]> 1 new commit by nairabhijeet:",
                "id": 1,
                "color": "4183C4",
                "mrkdwn_in": [
                    "text",
                    "pretext"
                ]
            }
        ],
        "type": "message",
        "subtype": "bot_message",
        "ts": "1460706207.000005"
    },
    {
        "text": "",
        "bot_id": "B0RDB7AH4",
        "attachments": [
            {
                "fallback": "<https:\/\/github.com\/z1mmz\/sept-assignment-1\/tree\/master|[sept-assignment-1:master]> <https:\/\/github.com\/z1mmz\/sept-assignment-1\/commit\/91a47acbc27e70f25a5a6f82aa9e465e0ba3d617|1 new commit> by nairabhijeet",
                "text": "`<https:\/\/github.com\/z1mmz\/sept-assignment-1\/commit\/91a47acbc27e70f25a5a6f82aa9e465e0ba3d617|91a47ac>`  Added the listeners - nairabhijeet",
                "pretext": "<https:\/\/github.com\/z1mmz\/sept-assignment-1\/tree\/master|[sept-assignment-1:master]> 1 new commit by nairabhijeet:",
                "id": 1,
                "color": "4183C4",
                "mrkdwn_in": [
                    "text",
                    "pretext"
                ]
            }
        ],
        "type": "message",
        "subtype": "bot_message",
        "ts": "1460708967.000006"
    },
    {
        "text": "",
        "bot_id": "B0RDB7AH4",
        "attachments": [
            {
                "fallback": "<https:\/\/github.com\/z1mmz\/sept-assignment-1\/tree\/master|[sept-assignment-1:master]> <https:\/\/github.com\/z1mmz\/sept-assignment-1\/compare\/91a47acbc27e...0da84a43a0f8|2 new commits> by nairabhijeet",
                "text": "`<https:\/\/github.com\/z1mmz\/sept-assignment-1\/commit\/63e9f3fa008d28999a349c2f2572e2c02e8b08be|63e9f3f>`  Changed the Look of the Dialog box, looks fancy and - nairabhijeet\n `<https:\/\/github.com\/z1mmz\/sept-assignment-1\/commit\/0da84a43a0f8846ca061095cca849d6f38703c95|0da84a4>`  Changes - nairabhijeet",
                "pretext": "<https:\/\/github.com\/z1mmz\/sept-assignment-1\/tree\/master|[sept-assignment-1:master]> <https:\/\/github.com\/z1mmz\/sept-assignment-1\/compare\/91a47acbc27e...0da84a43a0f8|2 new commits> by nairabhijeet:",
                "id": 1,
                "color": "4183C4",
                "mrkdwn_in": [
                    "text",
                    "pretext"
                ]
            }
        ],
        "type": "message",
        "subtype": "bot_message",
        "ts": "1460710802.000007"
    },
    {
        "text": "",
        "bot_id": "B0RDB7AH4",
        "attachments": [
            {
                "fallback": "<https:\/\/github.com\/z1mmz\/sept-assignment-1\/tree\/master|[sept-assignment-1:master]> <https:\/\/github.com\/z1mmz\/sept-assignment-1\/commit\/05c1d4112f526d8c0b910b9111c59bc4a3960c71|1 new commit> by nairabhijeet",
                "text": "`<https:\/\/github.com\/z1mmz\/sept-assignment-1\/commit\/05c1d4112f526d8c0b910b9111c59bc4a3960c71|05c1d41>`  Changing the look and feel to nimbus - nairabhijeet",
                "pretext": "<https:\/\/github.com\/z1mmz\/sept-assignment-1\/tree\/master|[sept-assignment-1:master]> 1 new commit by nairabhijeet:",
                "id": 1,
                "color": "4183C4",
                "mrkdwn_in": [
                    "text",
                    "pretext"
                ]
            }
        ],
        "type": "message",
        "subtype": "bot_message",
        "ts": "1460713563.000008"
    },
    {
        "text": "",
        "bot_id": "B0RDB7AH4",
        "attachments": [
            {
                "fallback": "<https:\/\/github.com\/z1mmz\/sept-assignment-1\/tree\/master|[sept-assignment-1:master]> <https:\/\/github.com\/z1mmz\/sept-assignment-1\/commit\/ab191619a36dd44d2b57a00be13d35e3f2bf00ae|1 new commit> by Joshua",
                "text": "`<https:\/\/github.com\/z1mmz\/sept-assignment-1\/commit\/ab191619a36dd44d2b57a00be13d35e3f2bf00ae|ab19161>`  Art Pass 2 WIP - Joshua",
                "pretext": "<https:\/\/github.com\/z1mmz\/sept-assignment-1\/tree\/master|[sept-assignment-1:master]> 1 new commit by Joshua:",
                "id": 1,
                "color": "4183C4",
                "mrkdwn_in": [
                    "text",
                    "pretext"
                ]
            }
        ],
        "type": "message",
        "subtype": "bot_message",
        "ts": "1460763897.000002"
    },
    {
        "text": "",
        "bot_id": "B0RDB7AH4",
        "attachments": [
            {
                "fallback": "<https:\/\/github.com\/z1mmz\/sept-assignment-1\/tree\/master|[sept-assignment-1:master]> <https:\/\/github.com\/z1mmz\/sept-assignment-1\/commit\/c399db8036c2f56bfc5d4acc2fc483320a0db591|1 new commit> by Joshua",
                "text": "`<https:\/\/github.com\/z1mmz\/sept-assignment-1\/commit\/c399db8036c2f56bfc5d4acc2fc483320a0db591|c399db8>`  Art Pass 2.1 - Joshua",
                "pretext": "<https:\/\/github.com\/z1mmz\/sept-assignment-1\/tree\/master|[sept-assignment-1:master]> 1 new commit by Joshua:",
                "id": 1,
                "color": "4183C4",
                "mrkdwn_in": [
                    "text",
                    "pretext"
                ]
            }
        ],
        "type": "message",
        "subtype": "bot_message",
        "ts": "1460777582.000002"
    },
    {
        "text": "",
        "bot_id": "B0RDB7AH4",
        "attachments": [
            {
                "fallback": "<https:\/\/github.com\/z1mmz\/sept-assignment-1\/tree\/master|[sept-assignment-1:master]> <https:\/\/github.com\/z1mmz\/sept-assignment-1\/commit\/8db92d0f98154ae23392c62a22a20106451cec6b|1 new commit> by z1mmz",
                "text": "`<https:\/\/github.com\/z1mmz\/sept-assignment-1\/commit\/8db92d0f98154ae23392c62a22a20106451cec6b|8db92d0>`  Data refresh - z1mmz",
                "pretext": "<https:\/\/github.com\/z1mmz\/sept-assignment-1\/tree\/master|[sept-assignment-1:master]> 1 new commit by z1mmz:",
                "id": 1,
                "color": "4183C4",
                "mrkdwn_in": [
                    "text",
                    "pretext"
                ]
            }
        ],
        "type": "message",
        "subtype": "bot_message",
        "ts": "1460787743.000003"
    },
    {
        "text": "",
        "bot_id": "B0RDB7AH4",
        "attachments": [
            {
                "fallback": "<https:\/\/github.com\/z1mmz\/sept-assignment-1\/tree\/master|[sept-assignment-1:master]> <https:\/\/github.com\/z1mmz\/sept-assignment-1\/commit\/f6ec52b29e719bc6e8e25807fab522c398f6ccde|1 new commit> by z1mmz",
                "text": "`<https:\/\/github.com\/z1mmz\/sept-assignment-1\/commit\/f6ec52b29e719bc6e8e25807fab522c398f6ccde|f6ec52b>`  GOT ACT WORKING - z1mmz",
                "pretext": "<https:\/\/github.com\/z1mmz\/sept-assignment-1\/tree\/master|[sept-assignment-1:master]> 1 new commit by z1mmz:",
                "id": 1,
                "color": "4183C4",
                "mrkdwn_in": [
                    "text",
                    "pretext"
                ]
            }
        ],
        "type": "message",
        "subtype": "bot_message",
        "ts": "1460788671.000004"
    }
]