[
    {
        "text": "",
        "bot_id": "B0RDB7AH4",
        "attachments": [
            {
                "fallback": "<https:\/\/github.com\/z1mmz\/sept-assignment-1\/tree\/master|[sept-assignment-1:master]> <https:\/\/github.com\/z1mmz\/sept-assignment-1\/commit\/dbbee4c6e112df39cb527b15226e93dc5641b491|1 new commit> by nairabhijeet",
                "text": "`<https:\/\/github.com\/z1mmz\/sept-assignment-1\/commit\/dbbee4c6e112df39cb527b15226e93dc5641b491|dbbee4c>`  Improved UI of the Dialog Box - nairabhijeet",
                "pretext": "<https:\/\/github.com\/z1mmz\/sept-assignment-1\/tree\/master|[sept-assignment-1:master]> 1 new commit by nairabhijeet:",
                "id": 1,
                "color": "4183C4",
                "mrkdwn_in": [
                    "text",
                    "pretext"
                ]
            }
        ],
        "type": "message",
        "subtype": "bot_message",
        "ts": "1460687861.000002"
    },
    {
        "text": "",
        "bot_id": "B0RDB7AH4",
        "attachments": [
            {
                "fallback": "<https:\/\/github.com\/z1mmz\/sept-assignment-1\/tree\/master|[sept-assignment-1:master]> <https:\/\/github.com\/z1mmz\/sept-assignment-1\/commit\/203c93cf8fda4fcb72a104d6722d1bc68f79da9a|1 new commit> by nairabhijeet",
                "text": "`<https:\/\/github.com\/z1mmz\/sept-assignment-1\/commit\/203c93cf8fda4fcb72a104d6722d1bc68f79da9a|203c93c>`  Multiple addition of fav fixed - nairabhijeet",
                "pretext": "<https:\/\/github.com\/z1mmz\/sept-assignment-1\/tree\/master|[sept-assignment-1:master]> 1 new commit by nairabhijeet:",
                "id": 1,
                "color": "4183C4",
                "mrkdwn_in": [
                    "text",
                    "pretext"
                ]
            }
        ],
        "type": "message",
        "subtype": "bot_message",
        "ts": "1460696496.000003"
    }
]