[
    {
        "text": "",
        "bot_id": "B0RDB7AH4",
        "attachments": [
            {
                "fallback": "<https:\/\/github.com\/z1mmz\/sept-assignment-1\/tree\/master|[sept-assignment-1:master]> <https:\/\/github.com\/z1mmz\/sept-assignment-1\/commit\/0b1c457817ecacfc6209cef2721b83f3b5065234|1 new commit> by z1mmz",
                "text": "`<https:\/\/github.com\/z1mmz\/sept-assignment-1\/commit\/0b1c457817ecacfc6209cef2721b83f3b5065234|0b1c457>`  Loading screen - z1mmz",
                "pretext": "<https:\/\/github.com\/z1mmz\/sept-assignment-1\/tree\/master|[sept-assignment-1:master]> 1 new commit by z1mmz:",
                "id": 1,
                "color": "4183C4",
                "mrkdwn_in": [
                    "text",
                    "pretext"
                ]
            }
        ],
        "type": "message",
        "subtype": "bot_message",
        "ts": "1460294694.000002"
    },
    {
        "text": "",
        "bot_id": "B0RDB7AH4",
        "attachments": [
            {
                "fallback": "<https:\/\/github.com\/z1mmz\/sept-assignment-1\/tree\/master|[sept-assignment-1:master]> <https:\/\/github.com\/z1mmz\/sept-assignment-1\/commit\/b4cdef087fbf80a783aabe2f277f87d376ad5584|1 new commit> by z1mmz",
                "text": "`<https:\/\/github.com\/z1mmz\/sept-assignment-1\/commit\/b4cdef087fbf80a783aabe2f277f87d376ad5584|b4cdef0>`  Basic connectivity testing. - z1mmz",
                "pretext": "<https:\/\/github.com\/z1mmz\/sept-assignment-1\/tree\/master|[sept-assignment-1:master]> 1 new commit by z1mmz:",
                "id": 1,
                "color": "4183C4",
                "mrkdwn_in": [
                    "text",
                    "pretext"
                ]
            }
        ],
        "type": "message",
        "subtype": "bot_message",
        "ts": "1460347916.000002"
    },
    {
        "text": "",
        "bot_id": "B0RDB7AH4",
        "attachments": [
            {
                "fallback": "<https:\/\/github.com\/z1mmz\/sept-assignment-1\/tree\/master|[sept-assignment-1:master]> <https:\/\/github.com\/z1mmz\/sept-assignment-1\/commit\/41d9d1bc6823f076456f31be3a68b90ac0b46bc2|1 new commit> by z1mmz",
                "text": "`<https:\/\/github.com\/z1mmz\/sept-assignment-1\/commit\/41d9d1bc6823f076456f31be3a68b90ac0b46bc2|41d9d1b>`  Code tidy - z1mmz",
                "pretext": "<https:\/\/github.com\/z1mmz\/sept-assignment-1\/tree\/master|[sept-assignment-1:master]> 1 new commit by z1mmz:",
                "id": 1,
                "color": "4183C4",
                "mrkdwn_in": [
                    "text",
                    "pretext"
                ]
            }
        ],
        "type": "message",
        "subtype": "bot_message",
        "ts": "1460355190.000003"
    }
]