[
    {
        "text": "",
        "bot_id": "B0RDB7AH4",
        "attachments": [
            {
                "fallback": "<https:\/\/github.com\/z1mmz\/sept-assignment-1\/tree\/master|[sept-assignment-1:master]> <https:\/\/github.com\/z1mmz\/sept-assignment-1\/commit\/a62c394b735674a6664bc54915ce2b862b79525c|1 new commit> by z1mmz",
                "text": "`<https:\/\/github.com\/z1mmz\/sept-assignment-1\/commit\/a62c394b735674a6664bc54915ce2b862b79525c|a62c394>`  Loading box color change - z1mmz",
                "pretext": "<https:\/\/github.com\/z1mmz\/sept-assignment-1\/tree\/master|[sept-assignment-1:master]> 1 new commit by z1mmz:",
                "id": 1,
                "color": "4183C4",
                "mrkdwn_in": [
                    "text",
                    "pretext"
                ]
            }
        ],
        "type": "message",
        "subtype": "bot_message",
        "ts": "1460878061.000015"
    },
    {
        "text": "",
        "bot_id": "B0RDB7AH4",
        "attachments": [
            {
                "fallback": "<https:\/\/github.com\/z1mmz\/sept-assignment-1\/tree\/master|[sept-assignment-1:master]> <https:\/\/github.com\/z1mmz\/sept-assignment-1\/commit\/66e579490204c9ebfeb7208bd19b3eeb6d869f6c|1 new commit> by z1mmz",
                "text": "`<https:\/\/github.com\/z1mmz\/sept-assignment-1\/commit\/66e579490204c9ebfeb7208bd19b3eeb6d869f6c|66e5794>`  Commented state and weather - z1mmz",
                "pretext": "<https:\/\/github.com\/z1mmz\/sept-assignment-1\/tree\/master|[sept-assignment-1:master]> 1 new commit by z1mmz:",
                "id": 1,
                "color": "4183C4",
                "mrkdwn_in": [
                    "text",
                    "pretext"
                ]
            }
        ],
        "type": "message",
        "subtype": "bot_message",
        "ts": "1460878846.000016"
    },
    {
        "text": "",
        "bot_id": "B0RDB7AH4",
        "attachments": [
            {
                "fallback": "<https:\/\/github.com\/z1mmz\/sept-assignment-1\/tree\/master|[sept-assignment-1:master]> <https:\/\/github.com\/z1mmz\/sept-assignment-1\/commit\/a3924682fc6f159cd4938e8ac19685b95effd3e7|1 new commit> by Sarah Giapitzakis",
                "text": "`<https:\/\/github.com\/z1mmz\/sept-assignment-1\/commit\/a3924682fc6f159cd4938e8ac19685b95effd3e7|a392468>`  Organising UML into github - Sarah Giapitzakis",
                "pretext": "<https:\/\/github.com\/z1mmz\/sept-assignment-1\/tree\/master|[sept-assignment-1:master]> 1 new commit by Sarah Giapitzakis:",
                "id": 1,
                "color": "4183C4",
                "mrkdwn_in": [
                    "text",
                    "pretext"
                ]
            }
        ],
        "type": "message",
        "subtype": "bot_message",
        "ts": "1460880441.000017"
    },
    {
        "text": "",
        "bot_id": "B0RDB7AH4",
        "attachments": [
            {
                "fallback": "<https:\/\/github.com\/z1mmz\/sept-assignment-1\/tree\/master|[sept-assignment-1:master]> <https:\/\/github.com\/z1mmz\/sept-assignment-1\/commit\/eac4af9f17b71c9d36970582f3257ca35fd6915c|1 new commit> by z1mmz",
                "text": "`<https:\/\/github.com\/z1mmz\/sept-assignment-1\/commit\/eac4af9f17b71c9d36970582f3257ca35fd6915c|eac4af9>`  Updates to weather and readme - z1mmz",
                "pretext": "<https:\/\/github.com\/z1mmz\/sept-assignment-1\/tree\/master|[sept-assignment-1:master]> 1 new commit by z1mmz:",
                "id": 1,
                "color": "4183C4",
                "mrkdwn_in": [
                    "text",
                    "pretext"
                ]
            }
        ],
        "type": "message",
        "subtype": "bot_message",
        "ts": "1460880522.000018"
    },
    {
        "text": "",
        "bot_id": "B0RDB7AH4",
        "attachments": [
            {
                "fallback": "<https:\/\/github.com\/z1mmz\/sept-assignment-1\/tree\/master|[sept-assignment-1:master]> <https:\/\/github.com\/z1mmz\/sept-assignment-1\/commit\/d88414576a6c72c2befaacaaab0f63a3fbccf765|1 new commit> by Sarah Giapitzakis",
                "text": "`<https:\/\/github.com\/z1mmz\/sept-assignment-1\/commit\/d88414576a6c72c2befaacaaab0f63a3fbccf765|d884145>`  Formatted peer reviews - Sarah Giapitzakis",
                "pretext": "<https:\/\/github.com\/z1mmz\/sept-assignment-1\/tree\/master|[sept-assignment-1:master]> 1 new commit by Sarah Giapitzakis:",
                "id": 1,
                "color": "4183C4",
                "mrkdwn_in": [
                    "text",
                    "pretext"
                ]
            }
        ],
        "type": "message",
        "subtype": "bot_message",
        "ts": "1460880851.000019"
    },
    {
        "text": "",
        "bot_id": "B0RDB7AH4",
        "attachments": [
            {
                "fallback": "<https:\/\/github.com\/z1mmz\/sept-assignment-1\/tree\/master|[sept-assignment-1:master]> <https:\/\/github.com\/z1mmz\/sept-assignment-1\/commit\/eecaccbfe153b22db3b38241ca6381278a0b1785|1 new commit> by Sarah Giapitzakis",
                "text": "`<https:\/\/github.com\/z1mmz\/sept-assignment-1\/commit\/eecaccbfe153b22db3b38241ca6381278a0b1785|eecaccb>`  Tidying up Utility and into Preferences - Sarah Giapitzakis",
                "pretext": "<https:\/\/github.com\/z1mmz\/sept-assignment-1\/tree\/master|[sept-assignment-1:master]> 1 new commit by Sarah Giapitzakis:",
                "id": 1,
                "color": "4183C4",
                "mrkdwn_in": [
                    "text",
                    "pretext"
                ]
            }
        ],
        "type": "message",
        "subtype": "bot_message",
        "ts": "1460881815.000020"
    },
    {
        "text": "",
        "bot_id": "B0RDB7AH4",
        "attachments": [
            {
                "fallback": "<https:\/\/github.com\/z1mmz\/sept-assignment-1\/tree\/master|[sept-assignment-1:master]> <https:\/\/github.com\/z1mmz\/sept-assignment-1\/commit\/e1940cb5fd89a6b9adc7563d5b365f264fec3091|1 new commit> by z1mmz",
                "text": "`<https:\/\/github.com\/z1mmz\/sept-assignment-1\/commit\/e1940cb5fd89a6b9adc7563d5b365f264fec3091|e1940cb>`  readme - z1mmz",
                "pretext": "<https:\/\/github.com\/z1mmz\/sept-assignment-1\/tree\/master|[sept-assignment-1:master]> 1 new commit by z1mmz:",
                "id": 1,
                "color": "4183C4",
                "mrkdwn_in": [
                    "text",
                    "pretext"
                ]
            }
        ],
        "type": "message",
        "subtype": "bot_message",
        "ts": "1460882060.000021"
    },
    {
        "text": "",
        "bot_id": "B0RDB7AH4",
        "attachments": [
            {
                "fallback": "<https:\/\/github.com\/z1mmz\/sept-assignment-1\/tree\/master|[sept-assignment-1:master]> <https:\/\/github.com\/z1mmz\/sept-assignment-1\/commit\/1782707e4a7879e4f4bbab4195d51712eeee6da8|1 new commit> by z1mmz",
                "text": "`<https:\/\/github.com\/z1mmz\/sept-assignment-1\/commit\/1782707e4a7879e4f4bbab4195d51712eeee6da8|1782707>`  reviews - z1mmz",
                "pretext": "<https:\/\/github.com\/z1mmz\/sept-assignment-1\/tree\/master|[sept-assignment-1:master]> 1 new commit by z1mmz:",
                "id": 1,
                "color": "4183C4",
                "mrkdwn_in": [
                    "text",
                    "pretext"
                ]
            }
        ],
        "type": "message",
        "subtype": "bot_message",
        "ts": "1460882181.000022"
    },
    {
        "text": "",
        "bot_id": "B0RDB7AH4",
        "attachments": [
            {
                "fallback": "<https:\/\/github.com\/z1mmz\/sept-assignment-1\/tree\/master|[sept-assignment-1:master]> <https:\/\/github.com\/z1mmz\/sept-assignment-1\/commit\/5f455b8b3bda99117d6ce0ebb50fa5d4814a99d8|1 new commit> by z1mmz",
                "text": "`<https:\/\/github.com\/z1mmz\/sept-assignment-1\/commit\/5f455b8b3bda99117d6ce0ebb50fa5d4814a99d8|5f455b8>`  Comments - z1mmz",
                "pretext": "<https:\/\/github.com\/z1mmz\/sept-assignment-1\/tree\/master|[sept-assignment-1:master]> 1 new commit by z1mmz:",
                "id": 1,
                "color": "4183C4",
                "mrkdwn_in": [
                    "text",
                    "pretext"
                ]
            }
        ],
        "type": "message",
        "subtype": "bot_message",
        "ts": "1460882767.000023"
    },
    {
        "text": "",
        "bot_id": "B0RDB7AH4",
        "attachments": [
            {
                "fallback": "<https:\/\/github.com\/z1mmz\/sept-assignment-1\/tree\/master|[sept-assignment-1:master]> <https:\/\/github.com\/z1mmz\/sept-assignment-1\/commit\/e33062f1317e9df33e86f6e8e29deb971eef2f15|1 new commit> by Sarah Giapitzakis",
                "text": "`<https:\/\/github.com\/z1mmz\/sept-assignment-1\/commit\/e33062f1317e9df33e86f6e8e29deb971eef2f15|e33062f>`  fixed reading favourites - Sarah Giapitzakis",
                "pretext": "<https:\/\/github.com\/z1mmz\/sept-assignment-1\/tree\/master|[sept-assignment-1:master]> 1 new commit by Sarah Giapitzakis:",
                "id": 1,
                "color": "4183C4",
                "mrkdwn_in": [
                    "text",
                    "pretext"
                ]
            }
        ],
        "type": "message",
        "subtype": "bot_message",
        "ts": "1460883137.000024"
    },
    {
        "text": "",
        "bot_id": "B0RDB7AH4",
        "attachments": [
            {
                "fallback": "<https:\/\/github.com\/z1mmz\/sept-assignment-1\/tree\/master|[sept-assignment-1:master]> <https:\/\/github.com\/z1mmz\/sept-assignment-1\/commit\/fedc502191dd45dee7eb9fa0e5856423a8e42bd6|1 new commit> by Sarah Giapitzakis",
                "text": "`<https:\/\/github.com\/z1mmz\/sept-assignment-1\/commit\/fedc502191dd45dee7eb9fa0e5856423a8e42bd6|fedc502>`  comments - Sarah Giapitzakis",
                "pretext": "<https:\/\/github.com\/z1mmz\/sept-assignment-1\/tree\/master|[sept-assignment-1:master]> 1 new commit by Sarah Giapitzakis:",
                "id": 1,
                "color": "4183C4",
                "mrkdwn_in": [
                    "text",
                    "pretext"
                ]
            }
        ],
        "type": "message",
        "subtype": "bot_message",
        "ts": "1460883304.000025"
    },
    {
        "text": "",
        "bot_id": "B0RDB7AH4",
        "attachments": [
            {
                "fallback": "<https:\/\/github.com\/z1mmz\/sept-assignment-1\/tree\/master|[sept-assignment-1:master]> <https:\/\/github.com\/z1mmz\/sept-assignment-1\/commit\/fb27a5447374b4141585b88addec45c0cd55e963|1 new commit> by Sarah Giapitzakis",
                "text": "`<https:\/\/github.com\/z1mmz\/sept-assignment-1\/commit\/fb27a5447374b4141585b88addec45c0cd55e963|fb27a54>`  implementing debugging var - Sarah Giapitzakis",
                "pretext": "<https:\/\/github.com\/z1mmz\/sept-assignment-1\/tree\/master|[sept-assignment-1:master]> 1 new commit by Sarah Giapitzakis:",
                "id": 1,
                "color": "4183C4",
                "mrkdwn_in": [
                    "text",
                    "pretext"
                ]
            }
        ],
        "type": "message",
        "subtype": "bot_message",
        "ts": "1460884419.000026"
    },
    {
        "text": "",
        "bot_id": "B0RDB7AH4",
        "attachments": [
            {
                "fallback": "<https:\/\/github.com\/z1mmz\/sept-assignment-1\/tree\/master|[sept-assignment-1:master]> <https:\/\/github.com\/z1mmz\/sept-assignment-1\/commit\/ebc3a49ae2b1e2e6adfb918e3ddeb11206be75ee|1 new commit> by Sarah Giapitzakis",
                "text": "`<https:\/\/github.com\/z1mmz\/sept-assignment-1\/commit\/ebc3a49ae2b1e2e6adfb918e3ddeb11206be75ee|ebc3a49>`  more debug boolean control - Sarah Giapitzakis",
                "pretext": "<https:\/\/github.com\/z1mmz\/sept-assignment-1\/tree\/master|[sept-assignment-1:master]> 1 new commit by Sarah Giapitzakis:",
                "id": 1,
                "color": "4183C4",
                "mrkdwn_in": [
                    "text",
                    "pretext"
                ]
            }
        ],
        "type": "message",
        "subtype": "bot_message",
        "ts": "1460884867.000027"
    },
    {
        "text": "",
        "bot_id": "B0RDB7AH4",
        "attachments": [
            {
                "fallback": "<https:\/\/github.com\/z1mmz\/sept-assignment-1\/tree\/master|[sept-assignment-1:master]> <https:\/\/github.com\/z1mmz\/sept-assignment-1\/compare\/ebc3a49ae2b1...13350860c530|5 new commits> by Joshua",
                "text": "`<https:\/\/github.com\/z1mmz\/sept-assignment-1\/commit\/807a4757c1736a0283cbd02bdb978bcece501c18|807a475>`  Art Pass 2 - Popup WIP - Joshua\n `<https:\/\/github.com\/z1mmz\/sept-assignment-1\/commit\/1c2d158845a8a021e7f3321565826f9d76df123e|1c2d158>`  Merge remote-tracking branch 'origin\/master' - Joshua\n `<https:\/\/github.com\/z1mmz\/sept-assignment-1\/commit\/77920bc24bf567186ddb7c59af94f9ceb3ed0343|77920bc>`  Art Pass 2 Done - Joshua\n `<https:\/\/github.com\/z1mmz\/sept-assignment-1\/commit\/5753d2e8ba85282558336f06135d9c01d4c66e2a|5753d2e>`  Art Pas 2 - Joshua\n `<https:\/\/github.com\/z1mmz\/sept-assignment-1\/commit\/13350860c530601b7acd886027e1a43068a9a579|1335086>`  Art pass 2 - Joshua",
                "pretext": "<https:\/\/github.com\/z1mmz\/sept-assignment-1\/tree\/master|[sept-assignment-1:master]> <https:\/\/github.com\/z1mmz\/sept-assignment-1\/compare\/ebc3a49ae2b1...13350860c530|5 new commits> by Joshua:",
                "id": 1,
                "color": "4183C4",
                "mrkdwn_in": [
                    "text",
                    "pretext"
                ]
            }
        ],
        "type": "message",
        "subtype": "bot_message",
        "ts": "1460885837.000028"
    },
    {
        "text": "",
        "bot_id": "B0RDB7AH4",
        "attachments": [
            {
                "fallback": "<https:\/\/github.com\/z1mmz\/sept-assignment-1\/tree\/master|[sept-assignment-1:master]> <https:\/\/github.com\/z1mmz\/sept-assignment-1\/commit\/e00d359689594240f646cbb81b2a11d4cb65124d|1 new commit> by z1mmz",
                "text": "`<https:\/\/github.com\/z1mmz\/sept-assignment-1\/commit\/e00d359689594240f646cbb81b2a11d4cb65124d|e00d359>`  Updated icons and threads - z1mmz",
                "pretext": "<https:\/\/github.com\/z1mmz\/sept-assignment-1\/tree\/master|[sept-assignment-1:master]> 1 new commit by z1mmz:",
                "id": 1,
                "color": "4183C4",
                "mrkdwn_in": [
                    "text",
                    "pretext"
                ]
            }
        ],
        "type": "message",
        "subtype": "bot_message",
        "ts": "1460886344.000029"
    },
    {
        "text": "",
        "bot_id": "B0RDB7AH4",
        "attachments": [
            {
                "fallback": "<https:\/\/github.com\/z1mmz\/sept-assignment-1\/tree\/master|[sept-assignment-1:master]> <https:\/\/github.com\/z1mmz\/sept-assignment-1\/commit\/c4ca4af13a5b1f722ead059565fec850af56f30f|1 new commit> by z1mmz",
                "text": "`<https:\/\/github.com\/z1mmz\/sept-assignment-1\/commit\/c4ca4af13a5b1f722ead059565fec850af56f30f|c4ca4af>`  test fix - z1mmz",
                "pretext": "<https:\/\/github.com\/z1mmz\/sept-assignment-1\/tree\/master|[sept-assignment-1:master]> 1 new commit by z1mmz:",
                "id": 1,
                "color": "4183C4",
                "mrkdwn_in": [
                    "text",
                    "pretext"
                ]
            }
        ],
        "type": "message",
        "subtype": "bot_message",
        "ts": "1460886620.000030"
    },
    {
        "text": "",
        "bot_id": "B0RDB7AH4",
        "attachments": [
            {
                "fallback": "<https:\/\/github.com\/z1mmz\/sept-assignment-1\/tree\/master|[sept-assignment-1:master]> <https:\/\/github.com\/z1mmz\/sept-assignment-1\/commit\/8891e1c5a819aece0ed0a366e56848e52a574689|1 new commit> by z1mmz",
                "text": "`<https:\/\/github.com\/z1mmz\/sept-assignment-1\/commit\/8891e1c5a819aece0ed0a366e56848e52a574689|8891e1c>`  test fix state - z1mmz",
                "pretext": "<https:\/\/github.com\/z1mmz\/sept-assignment-1\/tree\/master|[sept-assignment-1:master]> 1 new commit by z1mmz:",
                "id": 1,
                "color": "4183C4",
                "mrkdwn_in": [
                    "text",
                    "pretext"
                ]
            }
        ],
        "type": "message",
        "subtype": "bot_message",
        "ts": "1460886644.000031"
    },
    {
        "text": "",
        "bot_id": "B0RDB7AH4",
        "attachments": [
            {
                "fallback": "<https:\/\/github.com\/z1mmz\/sept-assignment-1\/tree\/master|[sept-assignment-1:master]> <https:\/\/github.com\/z1mmz\/sept-assignment-1\/commit\/f52e9d169998c5b70e6fb47282a9d69b35724902|1 new commit> by Sarah Giapitzakis",
                "text": "`<https:\/\/github.com\/z1mmz\/sept-assignment-1\/commit\/f52e9d169998c5b70e6fb47282a9d69b35724902|f52e9d1>`  Main window launches at relative size - Sarah Giapitzakis",
                "pretext": "<https:\/\/github.com\/z1mmz\/sept-assignment-1\/tree\/master|[sept-assignment-1:master]> 1 new commit by Sarah Giapitzakis:",
                "id": 1,
                "color": "4183C4",
                "mrkdwn_in": [
                    "text",
                    "pretext"
                ]
            }
        ],
        "type": "message",
        "subtype": "bot_message",
        "ts": "1460889607.000032"
    },
    {
        "text": "",
        "bot_id": "B0RDB7AH4",
        "attachments": [
            {
                "fallback": "<https:\/\/github.com\/z1mmz\/sept-assignment-1\/tree\/master|[sept-assignment-1:master]> <https:\/\/github.com\/z1mmz\/sept-assignment-1\/commit\/b6f18a9c3e81c8b5e18dc8ddf8edce7da252d4af|1 new commit> by z1mmz",
                "text": "`<https:\/\/github.com\/z1mmz\/sept-assignment-1\/commit\/b6f18a9c3e81c8b5e18dc8ddf8edce7da252d4af|b6f18a9>`  userdoc style - z1mmz",
                "pretext": "<https:\/\/github.com\/z1mmz\/sept-assignment-1\/tree\/master|[sept-assignment-1:master]> 1 new commit by z1mmz:",
                "id": 1,
                "color": "4183C4",
                "mrkdwn_in": [
                    "text",
                    "pretext"
                ]
            }
        ],
        "type": "message",
        "subtype": "bot_message",
        "ts": "1460890465.000033"
    },
    {
        "text": "",
        "bot_id": "B0RDB7AH4",
        "attachments": [
            {
                "fallback": "<https:\/\/github.com\/z1mmz\/sept-assignment-1\/tree\/master|[sept-assignment-1:master]> <https:\/\/github.com\/z1mmz\/sept-assignment-1\/commit\/6e5d5fe379883d0855cbf9765a5af27d61b46441|1 new commit> by Joshua",
                "text": "`<https:\/\/github.com\/z1mmz\/sept-assignment-1\/commit\/6e5d5fe379883d0855cbf9765a5af27d61b46441|6e5d5fe>`  javadoc in progress completion - Joshua",
                "pretext": "<https:\/\/github.com\/z1mmz\/sept-assignment-1\/tree\/master|[sept-assignment-1:master]> 1 new commit by Joshua:",
                "id": 1,
                "color": "4183C4",
                "mrkdwn_in": [
                    "text",
                    "pretext"
                ]
            }
        ],
        "type": "message",
        "subtype": "bot_message",
        "ts": "1460890535.000034"
    },
    {
        "text": "",
        "bot_id": "B0RDB7AH4",
        "attachments": [
            {
                "fallback": "<https:\/\/github.com\/z1mmz\/sept-assignment-1\/tree\/master|[sept-assignment-1:master]> <https:\/\/github.com\/z1mmz\/sept-assignment-1\/commit\/11251584c9576ad53f6e2760779e3730726f1b74|1 new commit> by z1mmz",
                "text": "`<https:\/\/github.com\/z1mmz\/sept-assignment-1\/commit\/11251584c9576ad53f6e2760779e3730726f1b74|1125158>`  updates - z1mmz",
                "pretext": "<https:\/\/github.com\/z1mmz\/sept-assignment-1\/tree\/master|[sept-assignment-1:master]> 1 new commit by z1mmz:",
                "id": 1,
                "color": "4183C4",
                "mrkdwn_in": [
                    "text",
                    "pretext"
                ]
            }
        ],
        "type": "message",
        "subtype": "bot_message",
        "ts": "1460890916.000035"
    },
    {
        "text": "",
        "bot_id": "B0RDB7AH4",
        "attachments": [
            {
                "fallback": "<https:\/\/github.com\/z1mmz\/sept-assignment-1\/tree\/master|[sept-assignment-1:master]> <https:\/\/github.com\/z1mmz\/sept-assignment-1\/commit\/8f638848a56007c15f9a59a525d3e0c9c88375f2|1 new commit> by Sarah Giapitzakis",
                "text": "`<https:\/\/github.com\/z1mmz\/sept-assignment-1\/commit\/8f638848a56007c15f9a59a525d3e0c9c88375f2|8f63884>`  removed hard-coded variable - Sarah Giapitzakis",
                "pretext": "<https:\/\/github.com\/z1mmz\/sept-assignment-1\/tree\/master|[sept-assignment-1:master]> 1 new commit by Sarah Giapitzakis:",
                "id": 1,
                "color": "4183C4",
                "mrkdwn_in": [
                    "text",
                    "pretext"
                ]
            }
        ],
        "type": "message",
        "subtype": "bot_message",
        "ts": "1460891037.000036"
    },
    {
        "text": "",
        "bot_id": "B0RDB7AH4",
        "attachments": [
            {
                "fallback": "<https:\/\/github.com\/z1mmz\/sept-assignment-1\/tree\/master|[sept-assignment-1:master]> <https:\/\/github.com\/z1mmz\/sept-assignment-1\/commit\/a4cebd7b5109dfaf4fb454b2fe97a9b16d5a77e6|1 new commit> by z1mmz",
                "text": "`<https:\/\/github.com\/z1mmz\/sept-assignment-1\/commit\/a4cebd7b5109dfaf4fb454b2fe97a9b16d5a77e6|a4cebd7>`  userdoc - z1mmz",
                "pretext": "<https:\/\/github.com\/z1mmz\/sept-assignment-1\/tree\/master|[sept-assignment-1:master]> 1 new commit by z1mmz:",
                "id": 1,
                "color": "4183C4",
                "mrkdwn_in": [
                    "text",
                    "pretext"
                ]
            }
        ],
        "type": "message",
        "subtype": "bot_message",
        "ts": "1460891791.000037"
    },
    {
        "text": "",
        "bot_id": "B0RDB7AH4",
        "attachments": [
            {
                "fallback": "<https:\/\/github.com\/z1mmz\/sept-assignment-1\/tree\/master|[sept-assignment-1:master]> <https:\/\/github.com\/z1mmz\/sept-assignment-1\/commit\/d73772f0a18ee3cdf287c2dc72a44c7ca2edd07f|1 new commit> by z1mmz",
                "text": "`<https:\/\/github.com\/z1mmz\/sept-assignment-1\/commit\/d73772f0a18ee3cdf287c2dc72a44c7ca2edd07f|d73772f>`  Scale images - z1mmz",
                "pretext": "<https:\/\/github.com\/z1mmz\/sept-assignment-1\/tree\/master|[sept-assignment-1:master]> 1 new commit by z1mmz:",
                "id": 1,
                "color": "4183C4",
                "mrkdwn_in": [
                    "text",
                    "pretext"
                ]
            }
        ],
        "type": "message",
        "subtype": "bot_message",
        "ts": "1460891902.000038"
    },
    {
        "text": "",
        "bot_id": "B0RDB7AH4",
        "attachments": [
            {
                "fallback": "<https:\/\/github.com\/z1mmz\/sept-assignment-1\/tree\/master|[sept-assignment-1:master]> <https:\/\/github.com\/z1mmz\/sept-assignment-1\/commit\/2e3f4d0a4791c1dee7aae390cf04b68095774abe|1 new commit> by z1mmz",
                "text": "`<https:\/\/github.com\/z1mmz\/sept-assignment-1\/commit\/2e3f4d0a4791c1dee7aae390cf04b68095774abe|2e3f4d0>`  Updated the pics - z1mmz",
                "pretext": "<https:\/\/github.com\/z1mmz\/sept-assignment-1\/tree\/master|[sept-assignment-1:master]> 1 new commit by z1mmz:",
                "id": 1,
                "color": "4183C4",
                "mrkdwn_in": [
                    "text",
                    "pretext"
                ]
            }
        ],
        "type": "message",
        "subtype": "bot_message",
        "ts": "1460893041.000039"
    },
    {
        "text": "",
        "bot_id": "B0RDB7AH4",
        "attachments": [
            {
                "fallback": "<https:\/\/github.com\/z1mmz\/sept-assignment-1\/tree\/master|[sept-assignment-1:master]> <https:\/\/github.com\/z1mmz\/sept-assignment-1\/commit\/70e3fc99a803e9bc6a0cce0888eda2c8a1440076|1 new commit> by Sarah Giapitzakis",
                "text": "`<https:\/\/github.com\/z1mmz\/sept-assignment-1\/commit\/70e3fc99a803e9bc6a0cce0888eda2c8a1440076|70e3fc9>`  working on relative screen sizes + bonus marks - Sarah Giapitzakis",
                "pretext": "<https:\/\/github.com\/z1mmz\/sept-assignment-1\/tree\/master|[sept-assignment-1:master]> 1 new commit by Sarah Giapitzakis:",
                "id": 1,
                "color": "4183C4",
                "mrkdwn_in": [
                    "text",
                    "pretext"
                ]
            }
        ],
        "type": "message",
        "subtype": "bot_message",
        "ts": "1460893361.000040"
    },
    {
        "text": "",
        "bot_id": "B0RDB7AH4",
        "attachments": [
            {
                "fallback": "<https:\/\/github.com\/z1mmz\/sept-assignment-1\/tree\/master|[sept-assignment-1:master]> <https:\/\/github.com\/z1mmz\/sept-assignment-1\/commit\/125119ceac2f6438fb73fed064c5a18ec40731b2|1 new commit> by Sarah Giapitzakis",
                "text": "`<https:\/\/github.com\/z1mmz\/sept-assignment-1\/commit\/125119ceac2f6438fb73fed064c5a18ec40731b2|125119c>`  uploaded system tests documentation - Sarah Giapitzakis",
                "pretext": "<https:\/\/github.com\/z1mmz\/sept-assignment-1\/tree\/master|[sept-assignment-1:master]> 1 new commit by Sarah Giapitzakis:",
                "id": 1,
                "color": "4183C4",
                "mrkdwn_in": [
                    "text",
                    "pretext"
                ]
            }
        ],
        "type": "message",
        "subtype": "bot_message",
        "ts": "1460893794.000041"
    },
    {
        "text": "",
        "bot_id": "B0RDB7AH4",
        "attachments": [
            {
                "fallback": "<https:\/\/github.com\/z1mmz\/sept-assignment-1\/tree\/master|[sept-assignment-1:master]> <https:\/\/github.com\/z1mmz\/sept-assignment-1\/compare\/125119ceac2f...eb2770209196|4 new commits> by Joshua",
                "text": "`<https:\/\/github.com\/z1mmz\/sept-assignment-1\/commit\/61d0619d9bdc0c64bee989a0fecb536eb2f19bfb|61d0619>`  readme update - Joshua\n `<https:\/\/github.com\/z1mmz\/sept-assignment-1\/commit\/521d634cda5a0d7e1f95a892a5c01b26ada0ee9d|521d634>`  Final Art Pass - Joshua\n `<https:\/\/github.com\/z1mmz\/sept-assignment-1\/commit\/d4cac16076270267217d6b68def02359d33a39c7|d4cac16>`  Merge remote-tracking branch 'origin\/master' - Joshua\n `<https:\/\/github.com\/z1mmz\/sept-assignment-1\/commit\/eb2770209196908397b940091914bf0db7d08dc2|eb27702>`  Merge branch 'master' of <https:\/\/github.com\/z1mmz\/sept-assignment-1> - Joshua",
                "pretext": "<https:\/\/github.com\/z1mmz\/sept-assignment-1\/tree\/master|[sept-assignment-1:master]> <https:\/\/github.com\/z1mmz\/sept-assignment-1\/compare\/125119ceac2f...eb2770209196|4 new commits> by Joshua:",
                "id": 1,
                "color": "4183C4",
                "mrkdwn_in": [
                    "text",
                    "pretext"
                ]
            }
        ],
        "type": "message",
        "subtype": "bot_message",
        "ts": "1460893843.000042"
    },
    {
        "text": "",
        "bot_id": "B0RDB7AH4",
        "attachments": [
            {
                "fallback": "<https:\/\/github.com\/z1mmz\/sept-assignment-1\/tree\/master|[sept-assignment-1:master]> <https:\/\/github.com\/z1mmz\/sept-assignment-1\/compare\/eb2770209196...fdc68064dab9|2 new commits> by z1mmz",
                "text": "`<https:\/\/github.com\/z1mmz\/sept-assignment-1\/commit\/6080c7a5e6bcc4afdd6a9d6674a700426015ed53|6080c7a>`  Images and user docs - z1mmz\n `<https:\/\/github.com\/z1mmz\/sept-assignment-1\/commit\/fdc68064dab94fbf3fe5016312c73274a2d85225|fdc6806>`  userdocs - z1mmz",
                "pretext": "<https:\/\/github.com\/z1mmz\/sept-assignment-1\/tree\/master|[sept-assignment-1:master]> <https:\/\/github.com\/z1mmz\/sept-assignment-1\/compare\/eb2770209196...fdc68064dab9|2 new commits> by z1mmz:",
                "id": 1,
                "color": "4183C4",
                "mrkdwn_in": [
                    "text",
                    "pretext"
                ]
            }
        ],
        "type": "message",
        "subtype": "bot_message",
        "ts": "1460894192.000043"
    },
    {
        "text": "",
        "bot_id": "B0RDB7AH4",
        "attachments": [
            {
                "fallback": "<https:\/\/github.com\/z1mmz\/sept-assignment-1\/tree\/master|[sept-assignment-1:master]> <https:\/\/github.com\/z1mmz\/sept-assignment-1\/commit\/312659029179bfd465139f81887abc2d4fa00f83|1 new commit> by z1mmz",
                "text": "`<https:\/\/github.com\/z1mmz\/sept-assignment-1\/commit\/312659029179bfd465139f81887abc2d4fa00f83|3126590>`  removed weird merge stuff - z1mmz",
                "pretext": "<https:\/\/github.com\/z1mmz\/sept-assignment-1\/tree\/master|[sept-assignment-1:master]> 1 new commit by z1mmz:",
                "id": 1,
                "color": "4183C4",
                "mrkdwn_in": [
                    "text",
                    "pretext"
                ]
            }
        ],
        "type": "message",
        "subtype": "bot_message",
        "ts": "1460894379.000044"
    },
    {
        "text": "",
        "bot_id": "B0RDB7AH4",
        "attachments": [
            {
                "fallback": "<https:\/\/github.com\/z1mmz\/sept-assignment-1\/tree\/master|[sept-assignment-1:master]> <https:\/\/github.com\/z1mmz\/sept-assignment-1\/commit\/f095fb28e7bf732e337a93447dacf57f7f555647|1 new commit> by z1mmz",
                "text": "`<https:\/\/github.com\/z1mmz\/sept-assignment-1\/commit\/f095fb28e7bf732e337a93447dacf57f7f555647|f095fb2>`  screen shots - z1mmz",
                "pretext": "<https:\/\/github.com\/z1mmz\/sept-assignment-1\/tree\/master|[sept-assignment-1:master]> 1 new commit by z1mmz:",
                "id": 1,
                "color": "4183C4",
                "mrkdwn_in": [
                    "text",
                    "pretext"
                ]
            }
        ],
        "type": "message",
        "subtype": "bot_message",
        "ts": "1460895176.000045"
    },
    {
        "text": "",
        "bot_id": "B0RDB7AH4",
        "attachments": [
            {
                "fallback": "<https:\/\/github.com\/z1mmz\/sept-assignment-1\/tree\/master|[sept-assignment-1:master]> <https:\/\/github.com\/z1mmz\/sept-assignment-1\/commit\/5a5f085d5e45ba3a549ec02a2ff3d4bc4fcb0c1e|1 new commit> by z1mmz",
                "text": "`<https:\/\/github.com\/z1mmz\/sept-assignment-1\/commit\/5a5f085d5e45ba3a549ec02a2ff3d4bc4fcb0c1e|5a5f085>`  Revert to jeets backup - z1mmz",
                "pretext": "<https:\/\/github.com\/z1mmz\/sept-assignment-1\/tree\/master|[sept-assignment-1:master]> 1 new commit by z1mmz:",
                "id": 1,
                "color": "4183C4",
                "mrkdwn_in": [
                    "text",
                    "pretext"
                ]
            }
        ],
        "type": "message",
        "subtype": "bot_message",
        "ts": "1460901181.000046"
    }
]