[
    {
        "text": "",
        "bot_id": "B0RDB7AH4",
        "attachments": [
            {
                "fallback": "[sept-assignment-1:master] <https:\/\/github.com\/z1mmz\/sept-assignment-1\/compare\/15987f669e29...b057637950a9|2 new commits> by z1mmz",
                "text": "<https:\/\/github.com\/z1mmz\/sept-assignment-1\/commit\/225275ade6ea3fbfa45df4202627d7a1b5aad1c5|225275a>: update - z1mmz\n <https:\/\/github.com\/z1mmz\/sept-assignment-1\/commit\/b057637950a969247513d6b4efedcb65705a1ea0|b057637>: data scrape update - z1mmz",
                "pretext": "[sept-assignment-1:master] <https:\/\/github.com\/z1mmz\/sept-assignment-1\/compare\/15987f669e29...b057637950a9|2 new commits> by z1mmz:",
                "id": 1,
                "color": "4183C4",
                "mrkdwn_in": [
                    "text",
                    "pretext"
                ]
            }
        ],
        "type": "message",
        "subtype": "bot_message",
        "ts": "1458608535.000002"
    }
]