[
    {
        "text": "",
        "bot_id": "B0RDB7AH4",
        "attachments": [
            {
                "fallback": "[sept-assignment-1:master] <https:\/\/github.com\/z1mmz\/sept-assignment-1\/commit\/8b5fba221921a9ec50203e1c752f18a280f5e055|1 new commit> by Sarah Giapitzakis",
                "text": "<https:\/\/github.com\/z1mmz\/sept-assignment-1\/commit\/8b5fba221921a9ec50203e1c752f18a280f5e055|8b5fba2>: Created basic main package and class - Sarah Giapitzakis",
                "pretext": "[sept-assignment-1:master] 1 new commit by Sarah Giapitzakis:",
                "id": 1,
                "color": "4183C4",
                "mrkdwn_in": [
                    "text",
                    "pretext"
                ]
            }
        ],
        "type": "message",
        "subtype": "bot_message",
        "ts": "1458024031.000002"
    },
    {
        "text": "",
        "bot_id": "B0RDB7AH4",
        "attachments": [
            {
                "fallback": "[sept-assignment-1:master] <https:\/\/github.com\/z1mmz\/sept-assignment-1\/commit\/91ffcd73dcc873a2eeaf4f2906772356d6512994|1 new commit> by z1mmz",
                "text": "<https:\/\/github.com\/z1mmz\/sept-assignment-1\/commit\/91ffcd73dcc873a2eeaf4f2906772356d6512994|91ffcd7>: Hello - z1mmz",
                "pretext": "[sept-assignment-1:master] 1 new commit by z1mmz:",
                "id": 1,
                "color": "4183C4",
                "mrkdwn_in": [
                    "text",
                    "pretext"
                ]
            }
        ],
        "type": "message",
        "subtype": "bot_message",
        "ts": "1458024194.000003"
    },
    {
        "text": "",
        "bot_id": "B0RDB7AH4",
        "attachments": [
            {
                "fallback": "[sept-assignment-1:master] <https:\/\/github.com\/z1mmz\/sept-assignment-1\/commit\/599d5fe5840388970090b86031efd9c3b4f38d0a|1 new commit> by Sarah Giapitzakis",
                "text": "<https:\/\/github.com\/z1mmz\/sept-assignment-1\/commit\/599d5fe5840388970090b86031efd9c3b4f38d0a|599d5fe>: :D - Sarah Giapitzakis",
                "pretext": "[sept-assignment-1:master] 1 new commit by Sarah Giapitzakis:",
                "id": 1,
                "color": "4183C4",
                "mrkdwn_in": [
                    "text",
                    "pretext"
                ]
            }
        ],
        "type": "message",
        "subtype": "bot_message",
        "ts": "1458024400.000004"
    }
]