[
    {
        "text": "",
        "bot_id": "B0RDB7AH4",
        "attachments": [
            {
                "fallback": "[sept-assignment-1:master] <https:\/\/github.com\/z1mmz\/sept-assignment-1\/commit\/17b23b4f9250b87411d18e7463035c85951f2dd7|1 new commit> by z1mmz",
                "text": "`<https:\/\/github.com\/z1mmz\/sept-assignment-1\/commit\/17b23b4f9250b87411d18e7463035c85951f2dd7|17b23b4>`  Merged and fixed data loading - z1mmz",
                "pretext": "[sept-assignment-1:master] 1 new commit by z1mmz:",
                "id": 1,
                "color": "4183C4",
                "mrkdwn_in": [
                    "text",
                    "pretext"
                ]
            }
        ],
        "type": "message",
        "subtype": "bot_message",
        "ts": "1460037327.000002"
    },
    {
        "text": "",
        "bot_id": "B0RDB7AH4",
        "attachments": [
            {
                "fallback": "<https:\/\/github.com\/z1mmz\/sept-assignment-1\/tree\/master|[sept-assignment-1:master]> <https:\/\/github.com\/z1mmz\/sept-assignment-1\/commit\/d5ef01866b4d6c61f5089a3bdfb82d3078d40135|1 new commit> by Sarah Giapitzakis",
                "text": "`<https:\/\/github.com\/z1mmz\/sept-assignment-1\/commit\/d5ef01866b4d6c61f5089a3bdfb82d3078d40135|d5ef018>`  Uploaded WIP Userdocs &amp; Added Jfree  &amp; jcommon libs - Sarah Giapitzakis",
                "pretext": "<https:\/\/github.com\/z1mmz\/sept-assignment-1\/tree\/master|[sept-assignment-1:master]> 1 new commit by Sarah Giapitzakis:",
                "id": 1,
                "color": "4183C4",
                "mrkdwn_in": [
                    "text",
                    "pretext"
                ]
            }
        ],
        "type": "message",
        "subtype": "bot_message",
        "ts": "1460083214.000003"
    },
    {
        "text": "",
        "bot_id": "B0RDB7AH4",
        "attachments": [
            {
                "fallback": "<https:\/\/github.com\/z1mmz\/sept-assignment-1\/tree\/master|[sept-assignment-1:master]> <https:\/\/github.com\/z1mmz\/sept-assignment-1\/commit\/942d6069af3c55d37127779ac82f7d2e74bec67b|1 new commit> by Sarah Giapitzakis",
                "text": "`<https:\/\/github.com\/z1mmz\/sept-assignment-1\/commit\/942d6069af3c55d37127779ac82f7d2e74bec67b|942d606>`  user docs: added more segments to the user docs - Sarah Giapitzakis",
                "pretext": "<https:\/\/github.com\/z1mmz\/sept-assignment-1\/tree\/master|[sept-assignment-1:master]> 1 new commit by Sarah Giapitzakis:",
                "id": 1,
                "color": "4183C4",
                "mrkdwn_in": [
                    "text",
                    "pretext"
                ]
            }
        ],
        "type": "message",
        "subtype": "bot_message",
        "ts": "1460083779.000004"
    },
    {
        "text": "",
        "bot_id": "B0RDB7AH4",
        "attachments": [
            {
                "fallback": "<https:\/\/github.com\/z1mmz\/sept-assignment-1\/tree\/master|[sept-assignment-1:master]> <https:\/\/github.com\/z1mmz\/sept-assignment-1\/commit\/465743218af32aa5f27e578e12ce9f00d391a4dc|1 new commit> by Sarah Giapitzakis",
                "text": "`<https:\/\/github.com\/z1mmz\/sept-assignment-1\/commit\/465743218af32aa5f27e578e12ce9f00d391a4dc|4657432>`  UserDocs: Working on user documentation - Sarah Giapitzakis",
                "pretext": "<https:\/\/github.com\/z1mmz\/sept-assignment-1\/tree\/master|[sept-assignment-1:master]> 1 new commit by Sarah Giapitzakis:",
                "id": 1,
                "color": "4183C4",
                "mrkdwn_in": [
                    "text",
                    "pretext"
                ]
            }
        ],
        "type": "message",
        "subtype": "bot_message",
        "ts": "1460087990.000005"
    },
    {
        "text": "",
        "bot_id": "B0RDB7AH4",
        "attachments": [
            {
                "fallback": "<https:\/\/github.com\/z1mmz\/sept-assignment-1\/tree\/master|[sept-assignment-1:master]> <https:\/\/github.com\/z1mmz\/sept-assignment-1\/commit\/f99405bc2325bcfb84ce374b5567ae246c1e94c9|1 new commit> by Sarah Giapitzakis",
                "text": "`<https:\/\/github.com\/z1mmz\/sept-assignment-1\/commit\/f99405bc2325bcfb84ce374b5567ae246c1e94c9|f99405b>`  UserDocs: working more on the user documentaion.. - Sarah Giapitzakis",
                "pretext": "<https:\/\/github.com\/z1mmz\/sept-assignment-1\/tree\/master|[sept-assignment-1:master]> 1 new commit by Sarah Giapitzakis:",
                "id": 1,
                "color": "4183C4",
                "mrkdwn_in": [
                    "text",
                    "pretext"
                ]
            }
        ],
        "type": "message",
        "subtype": "bot_message",
        "ts": "1460088566.000006"
    }
]