[
    {
        "text": "",
        "bot_id": "B0RDB7AH4",
        "attachments": [
            {
                "fallback": "[sept-assignment-1:master] <https:\/\/github.com\/z1mmz\/sept-assignment-1\/commit\/63b800163646aeefa951c7633088e34a9c84acf4|1 new commit> by z1mmz",
                "text": "<https:\/\/github.com\/z1mmz\/sept-assignment-1\/commit\/63b800163646aeefa951c7633088e34a9c84acf4|63b8001>: JSON IS DOWNLOADING! - z1mmz",
                "pretext": "[sept-assignment-1:master] 1 new commit by z1mmz:",
                "id": 1,
                "color": "4183C4",
                "mrkdwn_in": [
                    "text",
                    "pretext"
                ]
            }
        ],
        "type": "message",
        "subtype": "bot_message",
        "ts": "1459148469.000002"
    },
    {
        "text": "",
        "bot_id": "B0RDB7AH4",
        "attachments": [
            {
                "fallback": "[sept-assignment-1:master] <https:\/\/github.com\/z1mmz\/sept-assignment-1\/commit\/1b04570a244f8c316fc15ef0e5c93c90f8efbdee|1 new commit> by Sarah Giapitzakis",
                "text": "<https:\/\/github.com\/z1mmz\/sept-assignment-1\/commit\/1b04570a244f8c316fc15ef0e5c93c90f8efbdee|1b04570>: Updated user class location variable - Sarah Giapitzakis",
                "pretext": "[sept-assignment-1:master] 1 new commit by Sarah Giapitzakis:",
                "id": 1,
                "color": "4183C4",
                "mrkdwn_in": [
                    "text",
                    "pretext"
                ]
            }
        ],
        "type": "message",
        "subtype": "bot_message",
        "ts": "1459153113.000003"
    },
    {
        "text": "",
        "bot_id": "B0RDB7AH4",
        "attachments": [
            {
                "fallback": "[sept-assignment-1:master] <https:\/\/github.com\/z1mmz\/sept-assignment-1\/commit\/8253c46134d6ccb76f3bdd043b6a6c7fdfa4f7de|1 new commit> by z1mmz",
                "text": "<https:\/\/github.com\/z1mmz\/sept-assignment-1\/commit\/8253c46134d6ccb76f3bdd043b6a6c7fdfa4f7de|8253c46>: JSON fix - z1mmz",
                "pretext": "[sept-assignment-1:master] 1 new commit by z1mmz:",
                "id": 1,
                "color": "4183C4",
                "mrkdwn_in": [
                    "text",
                    "pretext"
                ]
            }
        ],
        "type": "message",
        "subtype": "bot_message",
        "ts": "1459160813.000004"
    },
    {
        "text": "",
        "bot_id": "B0RDB7AH4",
        "attachments": [
            {
                "fallback": "[sept-assignment-1:master] <https:\/\/github.com\/z1mmz\/sept-assignment-1\/commit\/4290a90fbdd6dcf6d441993b71a2a8d8f385a478|1 new commit> by z1mmz",
                "text": "<https:\/\/github.com\/z1mmz\/sept-assignment-1\/commit\/4290a90fbdd6dcf6d441993b71a2a8d8f385a478|4290a90>: Comment tidy - z1mmz",
                "pretext": "[sept-assignment-1:master] 1 new commit by z1mmz:",
                "id": 1,
                "color": "4183C4",
                "mrkdwn_in": [
                    "text",
                    "pretext"
                ]
            }
        ],
        "type": "message",
        "subtype": "bot_message",
        "ts": "1459221864.000005"
    }
]