[
    {
        "text": "",
        "bot_id": "B0RDB7AH4",
        "attachments": [
            {
                "fallback": "[sept-assignment-1:master] <https:\/\/github.com\/z1mmz\/sept-assignment-1\/commit\/1c77af26e25f018079b6d9c27556ab95d332ff3e|1 new commit> by z1mmz",
                "text": "<https:\/\/github.com\/z1mmz\/sept-assignment-1\/commit\/1c77af26e25f018079b6d9c27556ab95d332ff3e|1c77af2>: STUFF - z1mmz",
                "pretext": "[sept-assignment-1:master] 1 new commit by z1mmz:",
                "id": 1,
                "color": "4183C4",
                "mrkdwn_in": [
                    "text",
                    "pretext"
                ]
            }
        ],
        "type": "message",
        "subtype": "bot_message",
        "ts": "1458632858.000002"
    },
    {
        "text": "",
        "bot_id": "B0RDB7AH4",
        "attachments": [
            {
                "fallback": "[sept-assignment-1:master] <https:\/\/github.com\/z1mmz\/sept-assignment-1\/commit\/6782da5b24f0c6e0264f845b88cdc8505b357ec6|1 new commit> by Joshua",
                "text": "<https:\/\/github.com\/z1mmz\/sept-assignment-1\/commit\/6782da5b24f0c6e0264f845b88cdc8505b357ec6|6782da5>: test - Joshua",
                "pretext": "[sept-assignment-1:master] 1 new commit by Joshua:",
                "id": 1,
                "color": "4183C4",
                "mrkdwn_in": [
                    "text",
                    "pretext"
                ]
            }
        ],
        "type": "message",
        "subtype": "bot_message",
        "ts": "1458646488.000002"
    },
    {
        "text": "",
        "bot_id": "B0RDB7AH4",
        "attachments": [
            {
                "fallback": "[sept-assignment-1:master] <https:\/\/github.com\/z1mmz\/sept-assignment-1\/commit\/2043932fbe4b12077689c642911c6ddb42bf5604|1 new commit> by z1mmz",
                "text": "<https:\/\/github.com\/z1mmz\/sept-assignment-1\/commit\/2043932fbe4b12077689c642911c6ddb42bf5604|2043932>: Updates area class - z1mmz",
                "pretext": "[sept-assignment-1:master] 1 new commit by z1mmz:",
                "id": 1,
                "color": "4183C4",
                "mrkdwn_in": [
                    "text",
                    "pretext"
                ]
            }
        ],
        "type": "message",
        "subtype": "bot_message",
        "ts": "1458698294.000002"
    }
]