[
    {
        "text": "",
        "bot_id": "B0RDB7AH4",
        "attachments": [
            {
                "fallback": "[sept-assignment-1:master] <https:\/\/github.com\/z1mmz\/sept-assignment-1\/commit\/74bab65c3381c0634d7204407129fade96b08fef|1 new commit> by z1mmz",
                "text": "<https:\/\/github.com\/z1mmz\/sept-assignment-1\/commit\/74bab65c3381c0634d7204407129fade96b08fef|74bab65>: merge - z1mmz",
                "pretext": "[sept-assignment-1:master] 1 new commit by z1mmz:",
                "id": 1,
                "color": "4183C4",
                "mrkdwn_in": [
                    "text",
                    "pretext"
                ]
            }
        ],
        "type": "message",
        "subtype": "bot_message",
        "ts": "1459847879.000002"
    }
]