[
    {
        "text": "",
        "bot_id": "B0RDB7AH4",
        "attachments": [
            {
                "fallback": "[sept-assignment-1:master] <https:\/\/github.com\/z1mmz\/sept-assignment-1\/commit\/d89dbec0b6b6a54205ed507c3c205272ab723d3c|1 new commit> by z1mmz",
                "text": "<https:\/\/github.com\/z1mmz\/sept-assignment-1\/commit\/d89dbec0b6b6a54205ed507c3c205272ab723d3c|d89dbec>: Added some classes - z1mmz",
                "pretext": "[sept-assignment-1:master] 1 new commit by z1mmz:",
                "id": 1,
                "color": "4183C4",
                "mrkdwn_in": [
                    "text",
                    "pretext"
                ]
            }
        ],
        "type": "message",
        "subtype": "bot_message",
        "ts": "1458097978.000002"
    },
    {
        "text": "",
        "bot_id": "B0RDB7AH4",
        "attachments": [
            {
                "fallback": "[sept-assignment-1:master] <https:\/\/github.com\/z1mmz\/sept-assignment-1\/commit\/c0d7e19e6e057d58e30b081fb234bb08fa26f5db|1 new commit> by z1mmz",
                "text": "<https:\/\/github.com\/z1mmz\/sept-assignment-1\/commit\/c0d7e19e6e057d58e30b081fb234bb08fa26f5db|c0d7e19>: Check in - z1mmz",
                "pretext": "[sept-assignment-1:master] 1 new commit by z1mmz:",
                "id": 1,
                "color": "4183C4",
                "mrkdwn_in": [
                    "text",
                    "pretext"
                ]
            }
        ],
        "type": "message",
        "subtype": "bot_message",
        "ts": "1458100143.000003"
    },
    {
        "text": "",
        "bot_id": "B0RDB7AH4",
        "attachments": [
            {
                "fallback": "[sept-assignment-1:master] <https:\/\/github.com\/z1mmz\/sept-assignment-1\/commit\/bea0dd306ae6aeeba3eb38311f2ecf6e39f81c2f|1 new commit> by z1mmz",
                "text": "<https:\/\/github.com\/z1mmz\/sept-assignment-1\/commit\/bea0dd306ae6aeeba3eb38311f2ecf6e39f81c2f|bea0dd3>: Update - z1mmz",
                "pretext": "[sept-assignment-1:master] 1 new commit by z1mmz:",
                "id": 1,
                "color": "4183C4",
                "mrkdwn_in": [
                    "text",
                    "pretext"
                ]
            }
        ],
        "type": "message",
        "subtype": "bot_message",
        "ts": "1458101412.000004"
    },
    {
        "text": "",
        "bot_id": "B0RDB7AH4",
        "attachments": [
            {
                "fallback": "[sept-assignment-1:master] <https:\/\/github.com\/z1mmz\/sept-assignment-1\/commit\/36b3feb45c1dd3b6c2e9ca7f9210597fc50b688a|1 new commit> by Sarah Giapitzakis",
                "text": "<https:\/\/github.com\/z1mmz\/sept-assignment-1\/commit\/36b3feb45c1dd3b6c2e9ca7f9210597fc50b688a|36b3feb>: capitalized class name WeatherData - Sarah Giapitzakis",
                "pretext": "[sept-assignment-1:master] 1 new commit by Sarah Giapitzakis:",
                "id": 1,
                "color": "4183C4",
                "mrkdwn_in": [
                    "text",
                    "pretext"
                ]
            }
        ],
        "type": "message",
        "subtype": "bot_message",
        "ts": "1458102355.000005"
    },
    {
        "text": "",
        "bot_id": "B0RDB7AH4",
        "attachments": [
            {
                "fallback": "[sept-assignment-1:master] <https:\/\/github.com\/z1mmz\/sept-assignment-1\/commit\/9dd5dcd9a15635ac5fb315fbaa2505c0da13b6de|1 new commit> by Sarah Giapitzakis",
                "text": "<https:\/\/github.com\/z1mmz\/sept-assignment-1\/commit\/9dd5dcd9a15635ac5fb315fbaa2505c0da13b6de|9dd5dcd>: capitalized class name WeatherData - Sarah Giapitzakis",
                "pretext": "[sept-assignment-1:master] 1 new commit by Sarah Giapitzakis:",
                "id": 1,
                "color": "4183C4",
                "mrkdwn_in": [
                    "text",
                    "pretext"
                ]
            }
        ],
        "type": "message",
        "subtype": "bot_message",
        "ts": "1458102452.000006"
    },
    {
        "text": "",
        "bot_id": "B0RDB7AH4",
        "attachments": [
            {
                "fallback": "[sept-assignment-1:master] <https:\/\/github.com\/z1mmz\/sept-assignment-1\/commit\/d8bab6ddff088aefec190c5a15b9b7ee56f97e71|1 new commit> by z1mmz",
                "text": "<https:\/\/github.com\/z1mmz\/sept-assignment-1\/commit\/d8bab6ddff088aefec190c5a15b9b7ee56f97e71|d8bab6d>: update - z1mmz",
                "pretext": "[sept-assignment-1:master] 1 new commit by z1mmz:",
                "id": 1,
                "color": "4183C4",
                "mrkdwn_in": [
                    "text",
                    "pretext"
                ]
            }
        ],
        "type": "message",
        "subtype": "bot_message",
        "ts": "1458102552.000007"
    },
    {
        "text": "",
        "bot_id": "B0RDB7AH4",
        "attachments": [
            {
                "fallback": "[sept-assignment-1:master] <https:\/\/github.com\/z1mmz\/sept-assignment-1\/commit\/24a6661d1ebfad3a1e9a0dbdef6e4a11f2ed30b2|1 new commit> by Sarah Giapitzakis",
                "text": "<https:\/\/github.com\/z1mmz\/sept-assignment-1\/commit\/24a6661d1ebfad3a1e9a0dbdef6e4a11f2ed30b2|24a6661>: Implemented User Class + other empty methods - Sarah Giapitzakis",
                "pretext": "[sept-assignment-1:master] 1 new commit by Sarah Giapitzakis:",
                "id": 1,
                "color": "4183C4",
                "mrkdwn_in": [
                    "text",
                    "pretext"
                ]
            }
        ],
        "type": "message",
        "subtype": "bot_message",
        "ts": "1458103626.000008"
    },
    {
        "text": "",
        "bot_id": "B0RDB7AH4",
        "attachments": [
            {
                "fallback": "[sept-assignment-1:master] <https:\/\/github.com\/z1mmz\/sept-assignment-1\/commit\/259f8c3c3275fdbe7a27555d25f8ea701866b881|1 new commit> by Sarah Giapitzakis",
                "text": "<https:\/\/github.com\/z1mmz\/sept-assignment-1\/commit\/259f8c3c3275fdbe7a27555d25f8ea701866b881|259f8c3>: Implemented Favourites Class - Sarah Giapitzakis",
                "pretext": "[sept-assignment-1:master] 1 new commit by Sarah Giapitzakis:",
                "id": 1,
                "color": "4183C4",
                "mrkdwn_in": [
                    "text",
                    "pretext"
                ]
            }
        ],
        "type": "message",
        "subtype": "bot_message",
        "ts": "1458104586.000009"
    },
    {
        "text": "",
        "bot_id": "B0RDB7AH4",
        "attachments": [
            {
                "fallback": "[sept-assignment-1:master] <https:\/\/github.com\/z1mmz\/sept-assignment-1\/commit\/15987f669e298258e8290ffcc4fccf61cf17ef9a|1 new commit> by Sarah Giapitzakis",
                "text": "<https:\/\/github.com\/z1mmz\/sept-assignment-1\/commit\/15987f669e298258e8290ffcc4fccf61cf17ef9a|15987f6>: Implemented ErrorLog Class - Sarah Giapitzakis",
                "pretext": "[sept-assignment-1:master] 1 new commit by Sarah Giapitzakis:",
                "id": 1,
                "color": "4183C4",
                "mrkdwn_in": [
                    "text",
                    "pretext"
                ]
            }
        ],
        "type": "message",
        "subtype": "bot_message",
        "ts": "1458105023.000010"
    }
]