[
    {
        "text": "",
        "bot_id": "B0RDACTPH",
        "mrkdwn": true,
        "attachments": [
            {
                "fallback": "Card moved: \"<https:\/\/trello.com\/c\/iwZibwJF|Implement refreshing data (button to refresh data, and intermittent automatic refreshing)>\" from list \"Working on\" to list \"Sprint 2 done\"",
                "text": "Card moved: \"<https:\/\/trello.com\/c\/iwZibwJF|Implement refreshing data (button to refresh data, and intermittent automatic refreshing)>\" from list \"Working on\" to list \"Sprint 2 done\"",
                "id": 1,
                "color": "8daec2",
                "mrkdwn_in": [
                    "text"
                ]
            }
        ],
        "type": "message",
        "subtype": "bot_message",
        "ts": "1460887742.000019"
    },
    {
        "text": "",
        "bot_id": "B0RDACTPH",
        "mrkdwn": true,
        "attachments": [
            {
                "fallback": "Card moved: \"<https:\/\/trello.com\/c\/pLqFkf10|Implement extra error handling (website unavailable, data format change, ect)>\" from list \"Working on\" to list \"Sprint 2 done\"",
                "text": "Card moved: \"<https:\/\/trello.com\/c\/pLqFkf10|Implement extra error handling (website unavailable, data format change, ect)>\" from list \"Working on\" to list \"Sprint 2 done\"",
                "id": 1,
                "color": "8daec2",
                "mrkdwn_in": [
                    "text"
                ]
            }
        ],
        "type": "message",
        "subtype": "bot_message",
        "ts": "1460887754.000020"
    },
    {
        "text": "",
        "bot_id": "B0RDACTPH",
        "mrkdwn": true,
        "attachments": [
            {
                "fallback": "Card moved: \"<https:\/\/trello.com\/c\/EXXhFFFw|NEW APPLICATION UPDATE>\" from list \"Working on\" to list \"Sprint 2 done\"",
                "text": "Card moved: \"<https:\/\/trello.com\/c\/EXXhFFFw|NEW APPLICATION UPDATE>\" from list \"Working on\" to list \"Sprint 2 done\"",
                "id": 1,
                "color": "8daec2",
                "mrkdwn_in": [
                    "text"
                ]
            }
        ],
        "type": "message",
        "subtype": "bot_message",
        "ts": "1460887762.000021"
    },
    {
        "text": "",
        "bot_id": "B0RDACTPH",
        "mrkdwn": true,
        "attachments": [
            {
                "fallback": "Card moved: \"<https:\/\/trello.com\/c\/fpny5c3l|Re-factor code (combine &amp; delete unused\/unnecessary functions\/classes, fix spelling mistakes, ensure code is well commmented)>\" from list \"Sprint Backlog\" to list \"Working on\"",
                "text": "Card moved: \"<https:\/\/trello.com\/c\/fpny5c3l|Re-factor code (combine &amp; delete unused\/unnecessary functions\/classes, fix spelling mistakes, ensure code is well commmented)>\" from list \"Sprint Backlog\" to list \"Working on\"",
                "id": 1,
                "color": "8daec2",
                "mrkdwn_in": [
                    "text"
                ]
            }
        ],
        "type": "message",
        "subtype": "bot_message",
        "ts": "1460887770.000022"
    },
    {
        "text": "",
        "bot_id": "B0RDACTPH",
        "mrkdwn": true,
        "attachments": [
            {
                "fallback": "Card moved: \"<https:\/\/trello.com\/c\/hftMVHtn|Fix the way the screen looks UI looks make it collapsible>\" from list \"Sprint Backlog\" to list \"Working on\"",
                "text": "Card moved: \"<https:\/\/trello.com\/c\/hftMVHtn|Fix the way the screen looks UI looks make it collapsible>\" from list \"Sprint Backlog\" to list \"Working on\"",
                "id": 1,
                "color": "8daec2",
                "mrkdwn_in": [
                    "text"
                ]
            }
        ],
        "type": "message",
        "subtype": "bot_message",
        "ts": "1460887773.000023"
    },
    {
        "text": "",
        "bot_id": "B0RDACTPH",
        "mrkdwn": true,
        "attachments": [
            {
                "fallback": "Card moved: \"<https:\/\/trello.com\/c\/bTddRjC7|Tidy up your code>\" from list \"Sprint Backlog\" to list \"Working on\"",
                "text": "Card moved: \"<https:\/\/trello.com\/c\/bTddRjC7|Tidy up your code>\" from list \"Sprint Backlog\" to list \"Working on\"",
                "id": 1,
                "color": "8daec2",
                "mrkdwn_in": [
                    "text"
                ]
            }
        ],
        "type": "message",
        "subtype": "bot_message",
        "ts": "1460887775.000024"
    },
    {
        "text": "",
        "bot_id": "B0RDACTPH",
        "mrkdwn": true,
        "attachments": [
            {
                "fallback": "New card \"<https:\/\/trello.com\/c\/JmH7aBSM|Resolution scaling for GUI>\" added to list \"<https:\/\/trello.com\/b\/3SNt2z20|Sprint Backlog>\"",
                "text": "New card \"<https:\/\/trello.com\/c\/JmH7aBSM|Resolution scaling for GUI>\" added to list \"<https:\/\/trello.com\/b\/3SNt2z20|Sprint Backlog>\"",
                "id": 1,
                "color": "8daec2"
            }
        ],
        "type": "message",
        "subtype": "bot_message",
        "ts": "1460888423.000025"
    },
    {
        "text": "",
        "bot_id": "B0RDACTPH",
        "mrkdwn": true,
        "attachments": [
            {
                "fallback": "Card moved: \"<https:\/\/trello.com\/c\/JmH7aBSM|Resolution scaling for GUI>\" from list \"Sprint Backlog\" to list \"Working on\"",
                "text": "Card moved: \"<https:\/\/trello.com\/c\/JmH7aBSM|Resolution scaling for GUI>\" from list \"Sprint Backlog\" to list \"Working on\"",
                "id": 1,
                "color": "8daec2",
                "mrkdwn_in": [
                    "text"
                ]
            }
        ],
        "type": "message",
        "subtype": "bot_message",
        "ts": "1460888425.000026"
    },
    {
        "text": "",
        "bot_id": "B0RDACTPH",
        "mrkdwn": true,
        "attachments": [
            {
                "fallback": "List archived: \"<https:\/\/trello.com\/b\/3SNt2z20|Temp. To-Do List>\"",
                "text": "List archived: \"<https:\/\/trello.com\/b\/3SNt2z20|Temp. To-Do List>\"",
                "id": 1,
                "color": "8daec2"
            }
        ],
        "type": "message",
        "subtype": "bot_message",
        "ts": "1460891456.000027"
    },
    {
        "text": "",
        "bot_id": "B0RDACTPH",
        "mrkdwn": true,
        "attachments": [
            {
                "fallback": "New list \"Submission CheckList\" added to board \"<https:\/\/trello.com\/b\/3SNt2z20|SEPT Assignment 01>\"",
                "text": "New list \"Submission CheckList\" added to board \"<https:\/\/trello.com\/b\/3SNt2z20|SEPT Assignment 01>\"",
                "id": 1,
                "color": "8daec2"
            }
        ],
        "type": "message",
        "subtype": "bot_message",
        "ts": "1460891467.000028"
    },
    {
        "text": "",
        "bot_id": "B0RDACTPH",
        "mrkdwn": true,
        "attachments": [
            {
                "fallback": "New card \"<https:\/\/trello.com\/c\/selNK7Dt|Fix Class Diagram to reflect design choices.>\" added to list \"<https:\/\/trello.com\/b\/3SNt2z20|Submission CheckList>\"",
                "text": "New card \"<https:\/\/trello.com\/c\/selNK7Dt|Fix Class Diagram to reflect design choices.>\" added to list \"<https:\/\/trello.com\/b\/3SNt2z20|Submission CheckList>\"",
                "id": 1,
                "color": "8daec2"
            }
        ],
        "type": "message",
        "subtype": "bot_message",
        "ts": "1460891482.000029"
    },
    {
        "text": "",
        "bot_id": "B0RDACTPH",
        "mrkdwn": true,
        "attachments": [
            {
                "fallback": "New card \"<https:\/\/trello.com\/c\/lmBYLrQe|Import Class Diagram into Github repository.>\" added to list \"<https:\/\/trello.com\/b\/3SNt2z20|Submission CheckList>\"",
                "text": "New card \"<https:\/\/trello.com\/c\/lmBYLrQe|Import Class Diagram into Github repository.>\" added to list \"<https:\/\/trello.com\/b\/3SNt2z20|Submission CheckList>\"",
                "id": 1,
                "color": "8daec2"
            }
        ],
        "type": "message",
        "subtype": "bot_message",
        "ts": "1460891496.000030"
    },
    {
        "text": "",
        "bot_id": "B0RDACTPH",
        "mrkdwn": true,
        "attachments": [
            {
                "fallback": "New card \"<https:\/\/trello.com\/c\/PJ6oZbSm|Import user stories and other planning documents into github.>\" added to list \"<https:\/\/trello.com\/b\/3SNt2z20|Submission CheckList>\"",
                "text": "New card \"<https:\/\/trello.com\/c\/PJ6oZbSm|Import user stories and other planning documents into github.>\" added to list \"<https:\/\/trello.com\/b\/3SNt2z20|Submission CheckList>\"",
                "id": 1,
                "color": "8daec2"
            }
        ],
        "type": "message",
        "subtype": "bot_message",
        "ts": "1460891510.000031"
    },
    {
        "text": "",
        "bot_id": "B0RDACTPH",
        "mrkdwn": true,
        "attachments": [
            {
                "fallback": "New card \"<https:\/\/trello.com\/c\/olsncPdM|Import Use Case Diagram into Github>\" added to list \"<https:\/\/trello.com\/b\/3SNt2z20|Submission CheckList>\"",
                "text": "New card \"<https:\/\/trello.com\/c\/olsncPdM|Import Use Case Diagram into Github>\" added to list \"<https:\/\/trello.com\/b\/3SNt2z20|Submission CheckList>\"",
                "id": 1,
                "color": "8daec2"
            }
        ],
        "type": "message",
        "subtype": "bot_message",
        "ts": "1460891517.000032"
    },
    {
        "text": "",
        "bot_id": "B0RDACTPH",
        "mrkdwn": true,
        "attachments": [
            {
                "fallback": "New card \"<https:\/\/trello.com\/c\/4qCefovx|Import System Test Documentation into github>\" added to list \"<https:\/\/trello.com\/b\/3SNt2z20|Submission CheckList>\"",
                "text": "New card \"<https:\/\/trello.com\/c\/4qCefovx|Import System Test Documentation into github>\" added to list \"<https:\/\/trello.com\/b\/3SNt2z20|Submission CheckList>\"",
                "id": 1,
                "color": "8daec2"
            }
        ],
        "type": "message",
        "subtype": "bot_message",
        "ts": "1460891531.000033"
    },
    {
        "text": "",
        "bot_id": "B0RDACTPH",
        "mrkdwn": true,
        "attachments": [
            {
                "fallback": "New card \"<https:\/\/trello.com\/c\/K7PzsbQI|Make weather data dialog relative to screen size.>\" added to list \"<https:\/\/trello.com\/b\/3SNt2z20|Submission CheckList>\"",
                "text": "New card \"<https:\/\/trello.com\/c\/K7PzsbQI|Make weather data dialog relative to screen size.>\" added to list \"<https:\/\/trello.com\/b\/3SNt2z20|Submission CheckList>\"",
                "id": 1,
                "color": "8daec2"
            }
        ],
        "type": "message",
        "subtype": "bot_message",
        "ts": "1460891551.000034"
    },
    {
        "text": "",
        "bot_id": "B0RDACTPH",
        "mrkdwn": true,
        "attachments": [
            {
                "fallback": "New card \"<https:\/\/trello.com\/c\/2jGfVoZZ|Party Hard~>\" added to list \"<https:\/\/trello.com\/b\/3SNt2z20|Submission CheckList>\"",
                "text": "New card \"<https:\/\/trello.com\/c\/2jGfVoZZ|Party Hard~>\" added to list \"<https:\/\/trello.com\/b\/3SNt2z20|Submission CheckList>\"",
                "id": 1,
                "color": "8daec2"
            }
        ],
        "type": "message",
        "subtype": "bot_message",
        "ts": "1460891600.000035"
    },
    {
        "text": "",
        "bot_id": "B0RDACTPH",
        "mrkdwn": true,
        "attachments": [
            {
                "fallback": "Card moved: \"<https:\/\/trello.com\/c\/ZDQpZfZp|Implement Java Unit Testing (Implement sufficient tests to cover a reasonable number of cases and input)>\" from list \"Working on\" to list \"Sprint 2 done\"",
                "text": "Card moved: \"<https:\/\/trello.com\/c\/ZDQpZfZp|Implement Java Unit Testing (Implement sufficient tests to cover a reasonable number of cases and input)>\" from list \"Working on\" to list \"Sprint 2 done\"",
                "id": 1,
                "color": "8daec2",
                "mrkdwn_in": [
                    "text"
                ]
            }
        ],
        "type": "message",
        "subtype": "bot_message",
        "ts": "1460891624.000036"
    },
    {
        "text": "",
        "bot_id": "B0RDACTPH",
        "mrkdwn": true,
        "attachments": [
            {
                "fallback": "Card moved: \"<https:\/\/trello.com\/c\/fpny5c3l|Re-factor code (combine &amp; delete unused\/unnecessary functions\/classes, fix spelling mistakes, ensure code is well commmented)>\" from list \"Working on\" to list \"Sprint 2 done\"",
                "text": "Card moved: \"<https:\/\/trello.com\/c\/fpny5c3l|Re-factor code (combine &amp; delete unused\/unnecessary functions\/classes, fix spelling mistakes, ensure code is well commmented)>\" from list \"Working on\" to list \"Sprint 2 done\"",
                "id": 1,
                "color": "8daec2",
                "mrkdwn_in": [
                    "text"
                ]
            }
        ],
        "type": "message",
        "subtype": "bot_message",
        "ts": "1460891626.000037"
    },
    {
        "text": "",
        "bot_id": "B0RDACTPH",
        "mrkdwn": true,
        "attachments": [
            {
                "fallback": "Card moved: \"<https:\/\/trello.com\/c\/bTddRjC7|Tidy up your code>\" from list \"Working on\" to list \"Sprint 2 done\"",
                "text": "Card moved: \"<https:\/\/trello.com\/c\/bTddRjC7|Tidy up your code>\" from list \"Working on\" to list \"Sprint 2 done\"",
                "id": 1,
                "color": "8daec2",
                "mrkdwn_in": [
                    "text"
                ]
            }
        ],
        "type": "message",
        "subtype": "bot_message",
        "ts": "1460891628.000038"
    },
    {
        "text": "",
        "bot_id": "B0RDACTPH",
        "mrkdwn": true,
        "attachments": [
            {
                "fallback": "Card renamed from \"Fix Class Diagram to reflect design choices.\" to \"<https:\/\/trello.com\/c\/selNK7Dt|Fix Class Diagram to reflect design choices. (Jeet)>\"",
                "text": "Card renamed from \"Fix Class Diagram to reflect design choices.\" to \"<https:\/\/trello.com\/c\/selNK7Dt|Fix Class Diagram to reflect design choices. (Jeet)>\"",
                "id": 1,
                "color": "8daec2",
                "mrkdwn_in": [
                    "text"
                ]
            }
        ],
        "type": "message",
        "subtype": "bot_message",
        "ts": "1460891674.000039"
    },
    {
        "text": "",
        "bot_id": "B0RDACTPH",
        "mrkdwn": true,
        "attachments": [
            {
                "fallback": "Card renamed from \"Import System Test Documentation into github\" to \"<https:\/\/trello.com\/c\/4qCefovx|Import System Test Documentation into github (Sarah)>\"",
                "text": "Card renamed from \"Import System Test Documentation into github\" to \"<https:\/\/trello.com\/c\/4qCefovx|Import System Test Documentation into github (Sarah)>\"",
                "id": 1,
                "color": "8daec2",
                "mrkdwn_in": [
                    "text"
                ]
            }
        ],
        "type": "message",
        "subtype": "bot_message",
        "ts": "1460891686.000040"
    },
    {
        "text": "",
        "bot_id": "B0RDACTPH",
        "mrkdwn": true,
        "attachments": [
            {
                "fallback": "Card renamed from \"Make weather data dialog relative to screen size.\" to \"<https:\/\/trello.com\/c\/K7PzsbQI|Make weather data dialog relative to screen size. (Sarah)>\"",
                "text": "Card renamed from \"Make weather data dialog relative to screen size.\" to \"<https:\/\/trello.com\/c\/K7PzsbQI|Make weather data dialog relative to screen size. (Sarah)>\"",
                "id": 1,
                "color": "8daec2",
                "mrkdwn_in": [
                    "text"
                ]
            }
        ],
        "type": "message",
        "subtype": "bot_message",
        "ts": "1460891690.000041"
    },
    {
        "text": "",
        "bot_id": "B0RDACTPH",
        "mrkdwn": true,
        "attachments": [
            {
                "fallback": "Card renamed from \"Party Hard~\" to \"<https:\/\/trello.com\/c\/2jGfVoZZ|Party Hard~ (Everyone!)>\"",
                "text": "Card renamed from \"Party Hard~\" to \"<https:\/\/trello.com\/c\/2jGfVoZZ|Party Hard~ (Everyone!)>\"",
                "id": 1,
                "color": "8daec2",
                "mrkdwn_in": [
                    "text"
                ]
            }
        ],
        "type": "message",
        "subtype": "bot_message",
        "ts": "1460891698.000042",
        "reactions": [
            {
                "name": "+1",
                "users": [
                    "U0R46MR7W"
                ],
                "count": 1
            }
        ]
    }
]