[
    {
        "text": "",
        "bot_id": "B0RDACTPH",
        "mrkdwn": true,
        "attachments": [
            {
                "fallback": "New card \"<https:\/\/trello.com\/c\/3rfZppwz|https:\/\/septgroupteam.slack.com>\" added to list \"<https:\/\/trello.com\/b\/3SNt2z20|Name of slack domain>\"",
                "text": "New card \"<https:\/\/trello.com\/c\/3rfZppwz|https:\/\/septgroupteam.slack.com>\" added to list \"<https:\/\/trello.com\/b\/3SNt2z20|Name of slack domain>\"",
                "id": 1,
                "color": "8daec2"
            }
        ],
        "type": "message",
        "subtype": "bot_message",
        "ts": "1457600671.000002"
    },
    {
        "text": "",
        "bot_id": "B0RDACTPH",
        "mrkdwn": true,
        "attachments": [
            {
                "fallback": "New list \"Project Backlog\" added to board \"<https:\/\/trello.com\/b\/3SNt2z20|SEPT Assignment 01>\"",
                "text": "New list \"Project Backlog\" added to board \"<https:\/\/trello.com\/b\/3SNt2z20|SEPT Assignment 01>\"",
                "id": 1,
                "color": "8daec2"
            }
        ],
        "type": "message",
        "subtype": "bot_message",
        "ts": "1457600802.000003"
    },
    {
        "text": "",
        "bot_id": "B0RDACTPH",
        "mrkdwn": true,
        "attachments": [
            {
                "fallback": "New list \"Sprint Backlog\" added to board \"<https:\/\/trello.com\/b\/3SNt2z20|SEPT Assignment 01>\"",
                "text": "New list \"Sprint Backlog\" added to board \"<https:\/\/trello.com\/b\/3SNt2z20|SEPT Assignment 01>\"",
                "id": 1,
                "color": "8daec2"
            }
        ],
        "type": "message",
        "subtype": "bot_message",
        "ts": "1457600817.000004"
    },
    {
        "text": "",
        "bot_id": "B0RDACTPH",
        "mrkdwn": true,
        "attachments": [
            {
                "fallback": "New list \"Working on\" added to board \"<https:\/\/trello.com\/b\/3SNt2z20|SEPT Assignment 01>\"",
                "text": "New list \"Working on\" added to board \"<https:\/\/trello.com\/b\/3SNt2z20|SEPT Assignment 01>\"",
                "id": 1,
                "color": "8daec2"
            }
        ],
        "type": "message",
        "subtype": "bot_message",
        "ts": "1457600830.000005"
    },
    {
        "text": "",
        "bot_id": "B0RDACTPH",
        "mrkdwn": true,
        "attachments": [
            {
                "fallback": "New list \"Testing\" added to board \"<https:\/\/trello.com\/b\/3SNt2z20|SEPT Assignment 01>\"",
                "text": "New list \"Testing\" added to board \"<https:\/\/trello.com\/b\/3SNt2z20|SEPT Assignment 01>\"",
                "id": 1,
                "color": "8daec2"
            }
        ],
        "type": "message",
        "subtype": "bot_message",
        "ts": "1457600837.000006"
    },
    {
        "text": "",
        "bot_id": "B0RDACTPH",
        "mrkdwn": true,
        "attachments": [
            {
                "fallback": "New list \"Sprint 1 done\" added to board \"<https:\/\/trello.com\/b\/3SNt2z20|SEPT Assignment 01>\"",
                "text": "New list \"Sprint 1 done\" added to board \"<https:\/\/trello.com\/b\/3SNt2z20|SEPT Assignment 01>\"",
                "id": 1,
                "color": "8daec2"
            }
        ],
        "type": "message",
        "subtype": "bot_message",
        "ts": "1457600851.000007"
    },
    {
        "text": "",
        "bot_id": "B0RDACTPH",
        "mrkdwn": true,
        "attachments": [
            {
                "fallback": "New list \"Sprint 2 done\" added to board \"<https:\/\/trello.com\/b\/3SNt2z20|SEPT Assignment 01>\"",
                "text": "New list \"Sprint 2 done\" added to board \"<https:\/\/trello.com\/b\/3SNt2z20|SEPT Assignment 01>\"",
                "id": 1,
                "color": "8daec2"
            }
        ],
        "type": "message",
        "subtype": "bot_message",
        "ts": "1457600859.000008"
    }
]