[
    {
        "text": "",
        "bot_id": "B0RDACTPH",
        "mrkdwn": true,
        "attachments": [
            {
                "fallback": "Card moved: \"<https:\/\/trello.com\/c\/fpny5c3l|Re-factor code (combine &amp; delete unused\/unnecessary functions\/classes, fix spelling mistakes, ensure code is well commmented)>\" from list \"Temp. To-Do List\" to list \"Working on\"",
                "text": "Card moved: \"<https:\/\/trello.com\/c\/fpny5c3l|Re-factor code (combine &amp; delete unused\/unnecessary functions\/classes, fix spelling mistakes, ensure code is well commmented)>\" from list \"Temp. To-Do List\" to list \"Working on\"",
                "id": 1,
                "color": "8daec2",
                "mrkdwn_in": [
                    "text"
                ]
            }
        ],
        "type": "message",
        "subtype": "bot_message",
        "ts": "1460204034.000002"
    },
    {
        "text": "",
        "bot_id": "B0RDACTPH",
        "mrkdwn": true,
        "attachments": [
            {
                "fallback": "New card \"<https:\/\/trello.com\/c\/tLOfCU38|Web scrape rewrite>\" added to list \"<https:\/\/trello.com\/b\/3SNt2z20|Sprint 1 done>\"",
                "text": "New card \"<https:\/\/trello.com\/c\/tLOfCU38|Web scrape rewrite>\" added to list \"<https:\/\/trello.com\/b\/3SNt2z20|Sprint 1 done>\"",
                "id": 1,
                "color": "8daec2"
            }
        ],
        "type": "message",
        "subtype": "bot_message",
        "ts": "1460208329.000003"
    },
    {
        "text": "",
        "bot_id": "B0RDACTPH",
        "mrkdwn": true,
        "attachments": [
            {
                "fallback": "Card moved: \"<https:\/\/trello.com\/c\/tLOfCU38|Web scrape rewrite>\" from list \"Sprint 1 done\" to list \"Sprint 2 done\"",
                "text": "Card moved: \"<https:\/\/trello.com\/c\/tLOfCU38|Web scrape rewrite>\" from list \"Sprint 1 done\" to list \"Sprint 2 done\"",
                "id": 1,
                "color": "8daec2",
                "mrkdwn_in": [
                    "text"
                ]
            }
        ],
        "type": "message",
        "subtype": "bot_message",
        "ts": "1460208335.000004"
    },
    {
        "text": "",
        "bot_id": "B0RDACTPH",
        "mrkdwn": true,
        "attachments": [
            {
                "fallback": "Card moved: \"<https:\/\/trello.com\/c\/fpny5c3l|Re-factor code (combine &amp; delete unused\/unnecessary functions\/classes, fix spelling mistakes, ensure code is well commmented)>\" from list \"Working on\" to list \"Temp. To-Do List\"",
                "text": "Card moved: \"<https:\/\/trello.com\/c\/fpny5c3l|Re-factor code (combine &amp; delete unused\/unnecessary functions\/classes, fix spelling mistakes, ensure code is well commmented)>\" from list \"Working on\" to list \"Temp. To-Do List\"",
                "id": 1,
                "color": "8daec2",
                "mrkdwn_in": [
                    "text"
                ]
            }
        ],
        "type": "message",
        "subtype": "bot_message",
        "ts": "1460208342.000005"
    },
    {
        "text": "",
        "bot_id": "B0RDACTPH",
        "mrkdwn": true,
        "attachments": [
            {
                "fallback": "Card archived: \"<https:\/\/trello.com\/c\/ASrbLbPS|Data charts>\"",
                "text": "Card archived: \"<https:\/\/trello.com\/c\/ASrbLbPS|Data charts>\"",
                "id": 1,
                "color": "8daec2",
                "mrkdwn_in": [
                    "text"
                ]
            }
        ],
        "type": "message",
        "subtype": "bot_message",
        "ts": "1460208941.000006"
    },
    {
        "text": "",
        "bot_id": "B0RDACTPH",
        "mrkdwn": true,
        "attachments": [
            {
                "fallback": "Card moved: \"<https:\/\/trello.com\/c\/s0m5zFxc|Data Charts (Histogram, ect) Are currently non-functional.>\" from list \"Temp. To-Do List\" to list \"Sprint Backlog\"",
                "text": "Card moved: \"<https:\/\/trello.com\/c\/s0m5zFxc|Data Charts (Histogram, ect) Are currently non-functional.>\" from list \"Temp. To-Do List\" to list \"Sprint Backlog\"",
                "id": 1,
                "color": "8daec2",
                "mrkdwn_in": [
                    "text"
                ]
            }
        ],
        "type": "message",
        "subtype": "bot_message",
        "ts": "1460208943.000007"
    },
    {
        "text": "",
        "bot_id": "B0RDACTPH",
        "mrkdwn": true,
        "attachments": [
            {
                "fallback": "Card archived: \"<https:\/\/trello.com\/c\/KKhDiEkH|Data refresh manually and in background>\"",
                "text": "Card archived: \"<https:\/\/trello.com\/c\/KKhDiEkH|Data refresh manually and in background>\"",
                "id": 1,
                "color": "8daec2",
                "mrkdwn_in": [
                    "text"
                ]
            }
        ],
        "type": "message",
        "subtype": "bot_message",
        "ts": "1460208958.000008"
    },
    {
        "text": "",
        "bot_id": "B0RDACTPH",
        "mrkdwn": true,
        "attachments": [
            {
                "fallback": "Card moved: \"<https:\/\/trello.com\/c\/iwZibwJF|Implement refreshing data (button to refresh data, and intermittent automatic refreshing)>\" from list \"Temp. To-Do List\" to list \"Sprint Backlog\"",
                "text": "Card moved: \"<https:\/\/trello.com\/c\/iwZibwJF|Implement refreshing data (button to refresh data, and intermittent automatic refreshing)>\" from list \"Temp. To-Do List\" to list \"Sprint Backlog\"",
                "id": 1,
                "color": "8daec2",
                "mrkdwn_in": [
                    "text"
                ]
            }
        ],
        "type": "message",
        "subtype": "bot_message",
        "ts": "1460208961.000009"
    },
    {
        "text": "",
        "bot_id": "B0RDACTPH",
        "mrkdwn": true,
        "attachments": [
            {
                "fallback": "Card moved: \"<https:\/\/trello.com\/c\/ZDQpZfZp|Implement Java Unit Testing (Implement sufficient tests to cover a reasonable number of cases and input)>\" from list \"Temp. To-Do List\" to list \"Sprint Backlog\"",
                "text": "Card moved: \"<https:\/\/trello.com\/c\/ZDQpZfZp|Implement Java Unit Testing (Implement sufficient tests to cover a reasonable number of cases and input)>\" from list \"Temp. To-Do List\" to list \"Sprint Backlog\"",
                "id": 1,
                "color": "8daec2",
                "mrkdwn_in": [
                    "text"
                ]
            }
        ],
        "type": "message",
        "subtype": "bot_message",
        "ts": "1460208983.000010"
    },
    {
        "text": "",
        "bot_id": "B0RDACTPH",
        "mrkdwn": true,
        "attachments": [
            {
                "fallback": "Card moved: \"<https:\/\/trello.com\/c\/pLqFkf10|Implement extra error handling (website unavailable, data format change, ect)>\" from list \"Temp. To-Do List\" to list \"Sprint Backlog\"",
                "text": "Card moved: \"<https:\/\/trello.com\/c\/pLqFkf10|Implement extra error handling (website unavailable, data format change, ect)>\" from list \"Temp. To-Do List\" to list \"Sprint Backlog\"",
                "id": 1,
                "color": "8daec2",
                "mrkdwn_in": [
                    "text"
                ]
            }
        ],
        "type": "message",
        "subtype": "bot_message",
        "ts": "1460208986.000011"
    },
    {
        "text": "",
        "bot_id": "B0RDACTPH",
        "mrkdwn": true,
        "attachments": [
            {
                "fallback": "Card moved: \"<https:\/\/trello.com\/c\/fpny5c3l|Re-factor code (combine &amp; delete unused\/unnecessary functions\/classes, fix spelling mistakes, ensure code is well commmented)>\" from list \"Temp. To-Do List\" to list \"Sprint Backlog\"",
                "text": "Card moved: \"<https:\/\/trello.com\/c\/fpny5c3l|Re-factor code (combine &amp; delete unused\/unnecessary functions\/classes, fix spelling mistakes, ensure code is well commmented)>\" from list \"Temp. To-Do List\" to list \"Sprint Backlog\"",
                "id": 1,
                "color": "8daec2",
                "mrkdwn_in": [
                    "text"
                ]
            }
        ],
        "type": "message",
        "subtype": "bot_message",
        "ts": "1460208987.000012"
    },
    {
        "text": "",
        "bot_id": "B0RDACTPH",
        "mrkdwn": true,
        "attachments": [
            {
                "fallback": "Card moved: \"<https:\/\/trello.com\/c\/8GCB0SZs|Polish U.I. of the program (images, buttons, layout, ect)>\" from list \"Temp. To-Do List\" to list \"Sprint Backlog\"",
                "text": "Card moved: \"<https:\/\/trello.com\/c\/8GCB0SZs|Polish U.I. of the program (images, buttons, layout, ect)>\" from list \"Temp. To-Do List\" to list \"Sprint Backlog\"",
                "id": 1,
                "color": "8daec2",
                "mrkdwn_in": [
                    "text"
                ]
            }
        ],
        "type": "message",
        "subtype": "bot_message",
        "ts": "1460208989.000013"
    },
    {
        "text": "",
        "bot_id": "B0RDACTPH",
        "mrkdwn": true,
        "attachments": [
            {
                "fallback": "Card moved: \"<https:\/\/trello.com\/c\/cwZcokrN|Compile files into git-hub for submission (UML diagrams, code, documentation, logs, ect)>\" from list \"Temp. To-Do List\" to list \"Sprint Backlog\"",
                "text": "Card moved: \"<https:\/\/trello.com\/c\/cwZcokrN|Compile files into git-hub for submission (UML diagrams, code, documentation, logs, ect)>\" from list \"Temp. To-Do List\" to list \"Sprint Backlog\"",
                "id": 1,
                "color": "8daec2",
                "mrkdwn_in": [
                    "text"
                ]
            }
        ],
        "type": "message",
        "subtype": "bot_message",
        "ts": "1460208993.000014"
    },
    {
        "text": "",
        "bot_id": "B0RDACTPH",
        "mrkdwn": true,
        "attachments": [
            {
                "fallback": "Card moved: \"<https:\/\/trello.com\/c\/cpfmNWNO|Window Management (Window placement, size, ect)>\" from list \"Temp. To-Do List\" to list \"Sprint Backlog\"",
                "text": "Card moved: \"<https:\/\/trello.com\/c\/cpfmNWNO|Window Management (Window placement, size, ect)>\" from list \"Temp. To-Do List\" to list \"Sprint Backlog\"",
                "id": 1,
                "color": "8daec2",
                "mrkdwn_in": [
                    "text"
                ]
            }
        ],
        "type": "message",
        "subtype": "bot_message",
        "ts": "1460208997.000015"
    },
    {
        "text": "",
        "bot_id": "B0RDACTPH",
        "mrkdwn": true,
        "attachments": [
            {
                "fallback": "Card moved: \"<https:\/\/trello.com\/c\/kOKfq6p4|Finish user documentation (content, screenshots, instructions, polish)>\" from list \"Temp. To-Do List\" to list \"Sprint Backlog\"",
                "text": "Card moved: \"<https:\/\/trello.com\/c\/kOKfq6p4|Finish user documentation (content, screenshots, instructions, polish)>\" from list \"Temp. To-Do List\" to list \"Sprint Backlog\"",
                "id": 1,
                "color": "8daec2",
                "mrkdwn_in": [
                    "text"
                ]
            }
        ],
        "type": "message",
        "subtype": "bot_message",
        "ts": "1460209001.000016"
    },
    {
        "text": "",
        "bot_id": "B0RDACTPH",
        "mrkdwn": true,
        "attachments": [
            {
                "fallback": "Card moved: \"<https:\/\/trello.com\/c\/z1uUAjFP|Allow users to select weather stations>\" from list \"Sprint Backlog\" to list \"Sprint 2 done\"",
                "text": "Card moved: \"<https:\/\/trello.com\/c\/z1uUAjFP|Allow users to select weather stations>\" from list \"Sprint Backlog\" to list \"Sprint 2 done\"",
                "id": 1,
                "color": "8daec2",
                "mrkdwn_in": [
                    "text"
                ]
            }
        ],
        "type": "message",
        "subtype": "bot_message",
        "ts": "1460251000.000002"
    }
]