[
    {
        "user": "U0R46MR7W",
        "type": "message",
        "subtype": "channel_join",
        "text": "<@U0R46MR7W|wolfzimmermann> has joined the channel",
        "ts": "1457486876.000002"
    },
    {
        "text": "added an integration to this channel: <https:\/\/septgroupteam.slack.com\/services\/B0RDACTPH|Trello>",
        "bot_id": "B0RDACTPH",
        "type": "message",
        "subtype": "bot_add",
        "user": "U0R46MR7W",
        "ts": "1457486879.000003"
    },
    {
        "user": "U0R4EM6QN",
        "inviter": "U0R46MR7W",
        "type": "message",
        "subtype": "channel_join",
        "text": "<@U0R4EM6QN|jeet> has joined the channel",
        "ts": "1457487268.000004"
    },
    {
        "user": "U0R4D9RM5",
        "inviter": "U0R46MR7W",
        "type": "message",
        "subtype": "channel_join",
        "text": "<@U0R4D9RM5|sarah-giapitzakis> has joined the channel",
        "ts": "1457487268.000005"
    },
    {
        "user": "U0R4CQRK9",
        "inviter": "U0R46MR7W",
        "type": "message",
        "subtype": "channel_join",
        "text": "<@U0R4CQRK9|joshua> has joined the channel",
        "ts": "1457487268.000006"
    }
]