[
    {
        "text": "",
        "bot_id": "B0RDACTPH",
        "mrkdwn": true,
        "attachments": [
            {
                "fallback": "<https:\/\/www.lucidchart.com\/invitations\/accept\/d669f079-5794-47cd-a226-f760779ee5b7>",
                "text": "<https:\/\/www.lucidchart.com\/invitations\/accept\/d669f079-5794-47cd-a226-f760779ee5b7>",
                "pretext": "New comment on card \"<https:\/\/trello.com\/c\/7hB8FWTG|Component Diagram>\" by Joshua",
                "id": 1,
                "color": "8daec2"
            }
        ],
        "type": "message",
        "subtype": "bot_message",
        "ts": "1460800327.000002"
    },
    {
        "text": "",
        "bot_id": "B0RDACTPH",
        "mrkdwn": true,
        "attachments": [
            {
                "fallback": "Card moved: \"<https:\/\/trello.com\/c\/9MC73Ndn|Max and min temp>\" from list \"Sprint Backlog\" to list \"Sprint 2 done\"",
                "text": "Card moved: \"<https:\/\/trello.com\/c\/9MC73Ndn|Max and min temp>\" from list \"Sprint Backlog\" to list \"Sprint 2 done\"",
                "id": 1,
                "color": "8daec2",
                "mrkdwn_in": [
                    "text"
                ]
            }
        ],
        "type": "message",
        "subtype": "bot_message",
        "ts": "1460856358.000002"
    },
    {
        "text": "",
        "bot_id": "B0RDACTPH",
        "mrkdwn": true,
        "attachments": [
            {
                "fallback": "Card moved: \"<https:\/\/trello.com\/c\/X1hVkeRt|Delete favoriate>\" from list \"Sprint Backlog\" to list \"Sprint 2 done\"",
                "text": "Card moved: \"<https:\/\/trello.com\/c\/X1hVkeRt|Delete favoriate>\" from list \"Sprint Backlog\" to list \"Sprint 2 done\"",
                "id": 1,
                "color": "8daec2",
                "mrkdwn_in": [
                    "text"
                ]
            }
        ],
        "type": "message",
        "subtype": "bot_message",
        "ts": "1460856361.000003"
    },
    {
        "text": "",
        "bot_id": "B0RDACTPH",
        "mrkdwn": true,
        "attachments": [
            {
                "fallback": "Card moved: \"<https:\/\/trello.com\/c\/qtkT2aGn|Save favouriates doubles up>\" from list \"Sprint Backlog\" to list \"Sprint 2 done\"",
                "text": "Card moved: \"<https:\/\/trello.com\/c\/qtkT2aGn|Save favouriates doubles up>\" from list \"Sprint Backlog\" to list \"Sprint 2 done\"",
                "id": 1,
                "color": "8daec2",
                "mrkdwn_in": [
                    "text"
                ]
            }
        ],
        "type": "message",
        "subtype": "bot_message",
        "ts": "1460856370.000004"
    },
    {
        "text": "",
        "bot_id": "B0RDACTPH",
        "mrkdwn": true,
        "attachments": [
            {
                "fallback": "Card moved: \"<https:\/\/trello.com\/c\/s0m5zFxc|Data Charts (Histogram, ect) Are currently non-functional.>\" from list \"Sprint Backlog\" to list \"Sprint 2 done\"",
                "text": "Card moved: \"<https:\/\/trello.com\/c\/s0m5zFxc|Data Charts (Histogram, ect) Are currently non-functional.>\" from list \"Sprint Backlog\" to list \"Sprint 2 done\"",
                "id": 1,
                "color": "8daec2",
                "mrkdwn_in": [
                    "text"
                ]
            }
        ],
        "type": "message",
        "subtype": "bot_message",
        "ts": "1460856500.000005"
    },
    {
        "text": "",
        "bot_id": "B0RDACTPH",
        "mrkdwn": true,
        "attachments": [
            {
                "fallback": "Card moved: \"<https:\/\/trello.com\/c\/dw1KUhrt|Favoriates should not automatically get added it must be selected by the user>\" from list \"Sprint Backlog\" to list \"Sprint 2 done\"",
                "text": "Card moved: \"<https:\/\/trello.com\/c\/dw1KUhrt|Favoriates should not automatically get added it must be selected by the user>\" from list \"Sprint Backlog\" to list \"Sprint 2 done\"",
                "id": 1,
                "color": "8daec2",
                "mrkdwn_in": [
                    "text"
                ]
            }
        ],
        "type": "message",
        "subtype": "bot_message",
        "ts": "1460856514.000006"
    },
    {
        "text": "",
        "bot_id": "B0RDACTPH",
        "mrkdwn": true,
        "attachments": [
            {
                "fallback": "Card archived: \"<https:\/\/trello.com\/c\/4o9Ke2QX|Create hashmap for the area>\"",
                "text": "Card archived: \"<https:\/\/trello.com\/c\/4o9Ke2QX|Create hashmap for the area>\"",
                "id": 1,
                "color": "8daec2",
                "mrkdwn_in": [
                    "text"
                ]
            }
        ],
        "type": "message",
        "subtype": "bot_message",
        "ts": "1460856531.000007"
    },
    {
        "text": "",
        "bot_id": "B0RDACTPH",
        "mrkdwn": true,
        "attachments": [
            {
                "fallback": "Card moved: \"<https:\/\/trello.com\/c\/8GCB0SZs|Polish U.I. of the program (images, buttons, layout, ect)>\" from list \"Sprint Backlog\" to list \"Sprint 2 done\"",
                "text": "Card moved: \"<https:\/\/trello.com\/c\/8GCB0SZs|Polish U.I. of the program (images, buttons, layout, ect)>\" from list \"Sprint Backlog\" to list \"Sprint 2 done\"",
                "id": 1,
                "color": "8daec2",
                "mrkdwn_in": [
                    "text"
                ]
            }
        ],
        "type": "message",
        "subtype": "bot_message",
        "ts": "1460856621.000008"
    },
    {
        "text": "",
        "bot_id": "B0RDACTPH",
        "mrkdwn": true,
        "attachments": [
            {
                "fallback": "Card moved: \"<https:\/\/trello.com\/c\/cpfmNWNO|Window Management (Window placement, size, ect)>\" from list \"Sprint Backlog\" to list \"Sprint 2 done\"",
                "text": "Card moved: \"<https:\/\/trello.com\/c\/cpfmNWNO|Window Management (Window placement, size, ect)>\" from list \"Sprint Backlog\" to list \"Sprint 2 done\"",
                "id": 1,
                "color": "8daec2",
                "mrkdwn_in": [
                    "text"
                ]
            }
        ],
        "type": "message",
        "subtype": "bot_message",
        "ts": "1460856624.000009"
    },
    {
        "text": "",
        "bot_id": "B0RDACTPH",
        "mrkdwn": true,
        "attachments": [
            {
                "fallback": "Card moved: \"<https:\/\/trello.com\/c\/kOKfq6p4|Finish user documentation (content, screenshots, instructions, polish)>\" from list \"Sprint Backlog\" to list \"Sprint 2 done\"",
                "text": "Card moved: \"<https:\/\/trello.com\/c\/kOKfq6p4|Finish user documentation (content, screenshots, instructions, polish)>\" from list \"Sprint Backlog\" to list \"Sprint 2 done\"",
                "id": 1,
                "color": "8daec2",
                "mrkdwn_in": [
                    "text"
                ]
            }
        ],
        "type": "message",
        "subtype": "bot_message",
        "ts": "1460856629.000010"
    },
    {
        "text": "",
        "bot_id": "B0RDACTPH",
        "mrkdwn": true,
        "attachments": [
            {
                "fallback": "Card moved: \"<https:\/\/trello.com\/c\/kMcaaMfS|Data system tidy>\" from list \"Sprint Backlog\" to list \"Sprint 2 done\"",
                "text": "Card moved: \"<https:\/\/trello.com\/c\/kMcaaMfS|Data system tidy>\" from list \"Sprint Backlog\" to list \"Sprint 2 done\"",
                "id": 1,
                "color": "8daec2",
                "mrkdwn_in": [
                    "text"
                ]
            }
        ],
        "type": "message",
        "subtype": "bot_message",
        "ts": "1460870319.000011"
    },
    {
        "text": "",
        "bot_id": "B0RDACTPH",
        "mrkdwn": true,
        "attachments": [
            {
                "fallback": "Card moved: \"<https:\/\/trello.com\/c\/ZDQpZfZp|Implement Java Unit Testing (Implement sufficient tests to cover a reasonable number of cases and input)>\" from list \"Sprint Backlog\" to list \"Working on\"",
                "text": "Card moved: \"<https:\/\/trello.com\/c\/ZDQpZfZp|Implement Java Unit Testing (Implement sufficient tests to cover a reasonable number of cases and input)>\" from list \"Sprint Backlog\" to list \"Working on\"",
                "id": 1,
                "color": "8daec2",
                "mrkdwn_in": [
                    "text"
                ]
            }
        ],
        "type": "message",
        "subtype": "bot_message",
        "ts": "1460870335.000012"
    },
    {
        "text": "",
        "bot_id": "B0RDACTPH",
        "mrkdwn": true,
        "attachments": [
            {
                "fallback": "Card moved: \"<https:\/\/trello.com\/c\/JVKx5YTQ|Graphing of the Maximum and Minimum temperatures>\" from list \"Sprint Backlog\" to list \"Sprint 2 done\"",
                "text": "Card moved: \"<https:\/\/trello.com\/c\/JVKx5YTQ|Graphing of the Maximum and Minimum temperatures>\" from list \"Sprint Backlog\" to list \"Sprint 2 done\"",
                "id": 1,
                "color": "8daec2",
                "mrkdwn_in": [
                    "text"
                ]
            }
        ],
        "type": "message",
        "subtype": "bot_message",
        "ts": "1460870339.000013"
    },
    {
        "text": "",
        "bot_id": "B0RDACTPH",
        "mrkdwn": true,
        "attachments": [
            {
                "fallback": "Card moved: \"<https:\/\/trello.com\/c\/5LGww7wy|Temperature history>\" from list \"Sprint Backlog\" to list \"Sprint 2 done\"",
                "text": "Card moved: \"<https:\/\/trello.com\/c\/5LGww7wy|Temperature history>\" from list \"Sprint Backlog\" to list \"Sprint 2 done\"",
                "id": 1,
                "color": "8daec2",
                "mrkdwn_in": [
                    "text"
                ]
            }
        ],
        "type": "message",
        "subtype": "bot_message",
        "ts": "1460870352.000014"
    },
    {
        "text": "",
        "bot_id": "B0RDACTPH",
        "mrkdwn": true,
        "attachments": [
            {
                "fallback": "Card moved: \"<https:\/\/trello.com\/c\/jHCPzjEE|Asynchronous or threaded data loading and gui>\" from list \"Sprint Backlog\" to list \"Temp. To-Do List\"",
                "text": "Card moved: \"<https:\/\/trello.com\/c\/jHCPzjEE|Asynchronous or threaded data loading and gui>\" from list \"Sprint Backlog\" to list \"Temp. To-Do List\"",
                "id": 1,
                "color": "8daec2",
                "mrkdwn_in": [
                    "text"
                ]
            }
        ],
        "type": "message",
        "subtype": "bot_message",
        "ts": "1460870365.000015"
    },
    {
        "text": "",
        "bot_id": "B0RDACTPH",
        "mrkdwn": true,
        "attachments": [
            {
                "fallback": "Card moved: \"<https:\/\/trello.com\/c\/iwZibwJF|Implement refreshing data (button to refresh data, and intermittent automatic refreshing)>\" from list \"Sprint Backlog\" to list \"Working on\"",
                "text": "Card moved: \"<https:\/\/trello.com\/c\/iwZibwJF|Implement refreshing data (button to refresh data, and intermittent automatic refreshing)>\" from list \"Sprint Backlog\" to list \"Working on\"",
                "id": 1,
                "color": "8daec2",
                "mrkdwn_in": [
                    "text"
                ]
            }
        ],
        "type": "message",
        "subtype": "bot_message",
        "ts": "1460870378.000016"
    },
    {
        "text": "",
        "bot_id": "B0RDACTPH",
        "mrkdwn": true,
        "attachments": [
            {
                "fallback": "Card moved: \"<https:\/\/trello.com\/c\/b0qoFPPj|WIS Application GUI>\" from list \"Working on\" to list \"Sprint 1 done\"",
                "text": "Card moved: \"<https:\/\/trello.com\/c\/b0qoFPPj|WIS Application GUI>\" from list \"Working on\" to list \"Sprint 1 done\"",
                "id": 1,
                "color": "8daec2",
                "mrkdwn_in": [
                    "text"
                ]
            }
        ],
        "type": "message",
        "subtype": "bot_message",
        "ts": "1460870510.000017"
    },
    {
        "text": "",
        "bot_id": "B0RDACTPH",
        "mrkdwn": true,
        "attachments": [
            {
                "fallback": "Card moved: \"<https:\/\/trello.com\/c\/VfUnIAHR|GUI prototype 2>\" from list \"Working on\" to list \"Sprint 2 done\"",
                "text": "Card moved: \"<https:\/\/trello.com\/c\/VfUnIAHR|GUI prototype 2>\" from list \"Working on\" to list \"Sprint 2 done\"",
                "id": 1,
                "color": "8daec2",
                "mrkdwn_in": [
                    "text"
                ]
            }
        ],
        "type": "message",
        "subtype": "bot_message",
        "ts": "1460870520.000018"
    }
]