[
    {
        "text": "",
        "bot_id": "B0RDACTPH",
        "mrkdwn": true,
        "attachments": [
            {
                "fallback": "Card moved: \"<https:\/\/trello.com\/c\/pLqFkf10|Implement extra error handling (website unavailable, data format change, ect)>\" from list \"Sprint Backlog\" to list \"Working on\"",
                "text": "Card moved: \"<https:\/\/trello.com\/c\/pLqFkf10|Implement extra error handling (website unavailable, data format change, ect)>\" from list \"Sprint Backlog\" to list \"Working on\"",
                "id": 1,
                "color": "8daec2",
                "mrkdwn_in": [
                    "text"
                ]
            }
        ],
        "type": "message",
        "subtype": "bot_message",
        "ts": "1460550414.000002"
    }
]