[
    {
        "text": "",
        "bot_id": "B0RDACTPH",
        "mrkdwn": true,
        "attachments": [
            {
                "fallback": "New card \"<https:\/\/trello.com\/c\/hftMVHtn|Fix the way the screen looks UI looks make it collapsible>\" added to list \"<https:\/\/trello.com\/b\/3SNt2z20|Sprint Backlog>\"",
                "text": "New card \"<https:\/\/trello.com\/c\/hftMVHtn|Fix the way the screen looks UI looks make it collapsible>\" added to list \"<https:\/\/trello.com\/b\/3SNt2z20|Sprint Backlog>\"",
                "id": 1,
                "color": "8daec2"
            }
        ],
        "type": "message",
        "subtype": "bot_message",
        "ts": "1460621338.000002"
    },
    {
        "text": "",
        "bot_id": "B0RDACTPH",
        "mrkdwn": true,
        "attachments": [
            {
                "fallback": "New card \"<https:\/\/trello.com\/c\/X1hVkeRt|Delete favoriate>\" added to list \"<https:\/\/trello.com\/b\/3SNt2z20|Sprint Backlog>\"",
                "text": "New card \"<https:\/\/trello.com\/c\/X1hVkeRt|Delete favoriate>\" added to list \"<https:\/\/trello.com\/b\/3SNt2z20|Sprint Backlog>\"",
                "id": 1,
                "color": "8daec2"
            }
        ],
        "type": "message",
        "subtype": "bot_message",
        "ts": "1460621344.000003"
    },
    {
        "text": "",
        "bot_id": "B0RDACTPH",
        "mrkdwn": true,
        "attachments": [
            {
                "fallback": "New card \"<https:\/\/trello.com\/c\/qtkT2aGn|Save favouriates doubles up>\" added to list \"<https:\/\/trello.com\/b\/3SNt2z20|Sprint Backlog>\"",
                "text": "New card \"<https:\/\/trello.com\/c\/qtkT2aGn|Save favouriates doubles up>\" added to list \"<https:\/\/trello.com\/b\/3SNt2z20|Sprint Backlog>\"",
                "id": 1,
                "color": "8daec2"
            }
        ],
        "type": "message",
        "subtype": "bot_message",
        "ts": "1460621353.000004"
    },
    {
        "text": "",
        "bot_id": "B0RDACTPH",
        "mrkdwn": true,
        "attachments": [
            {
                "fallback": "New card \"<https:\/\/trello.com\/c\/bTddRjC7|Tidy up your code>\" added to list \"<https:\/\/trello.com\/b\/3SNt2z20|Sprint Backlog>\"",
                "text": "New card \"<https:\/\/trello.com\/c\/bTddRjC7|Tidy up your code>\" added to list \"<https:\/\/trello.com\/b\/3SNt2z20|Sprint Backlog>\"",
                "id": 1,
                "color": "8daec2"
            }
        ],
        "type": "message",
        "subtype": "bot_message",
        "ts": "1460621362.000005"
    },
    {
        "text": "",
        "bot_id": "B0RDACTPH",
        "mrkdwn": true,
        "attachments": [
            {
                "fallback": "New card \"<https:\/\/trello.com\/c\/JVKx5YTQ|Graphing of the Maximum and Minimum temperatures>\" added to list \"<https:\/\/trello.com\/b\/3SNt2z20|Sprint Backlog>\"",
                "text": "New card \"<https:\/\/trello.com\/c\/JVKx5YTQ|Graphing of the Maximum and Minimum temperatures>\" added to list \"<https:\/\/trello.com\/b\/3SNt2z20|Sprint Backlog>\"",
                "id": 1,
                "color": "8daec2"
            }
        ],
        "type": "message",
        "subtype": "bot_message",
        "ts": "1460621371.000006"
    },
    {
        "text": "",
        "bot_id": "B0RDACTPH",
        "mrkdwn": true,
        "attachments": [
            {
                "fallback": "New card \"<https:\/\/trello.com\/c\/dw1KUhrt|Favoriates should not automatically get added it must be selected by the user>\" added to list \"<https:\/\/trello.com\/b\/3SNt2z20|Sprint Backlog>\"",
                "text": "New card \"<https:\/\/trello.com\/c\/dw1KUhrt|Favoriates should not automatically get added it must be selected by the user>\" added to list \"<https:\/\/trello.com\/b\/3SNt2z20|Sprint Backlog>\"",
                "id": 1,
                "color": "8daec2"
            }
        ],
        "type": "message",
        "subtype": "bot_message",
        "ts": "1460621374.000007"
    }
]