[
    {
        "text": "",
        "bot_id": "B0RDACTPH",
        "mrkdwn": true,
        "attachments": [
            {
                "fallback": "Card archived: \"<https:\/\/trello.com\/c\/PCCCEX9d|WIS Application GUI interactive>\"",
                "text": "Card archived: \"<https:\/\/trello.com\/c\/PCCCEX9d|WIS Application GUI interactive>\"",
                "id": 1,
                "color": "8daec2",
                "mrkdwn_in": [
                    "text"
                ]
            }
        ],
        "type": "message",
        "subtype": "bot_message",
        "ts": "1459065199.894548"
    },
    {
        "text": "",
        "bot_id": "B0RDACTPH",
        "mrkdwn": true,
        "attachments": [
            {
                "fallback": "New card \"<https:\/\/trello.com\/c\/EXXhFFFw|NEW APPLICATION UPDATE>\" added to list \"<https:\/\/trello.com\/b\/3SNt2z20|Working on>\"",
                "text": "New card \"<https:\/\/trello.com\/c\/EXXhFFFw|NEW APPLICATION UPDATE>\" added to list \"<https:\/\/trello.com\/b\/3SNt2z20|Working on>\"",
                "id": 1,
                "color": "8daec2"
            }
        ],
        "type": "message",
        "subtype": "bot_message",
        "ts": "1459065235.894589"
    },
    {
        "text": "",
        "bot_id": "B0RDACTPH",
        "mrkdwn": true,
        "attachments": [
            {
                "fallback": "New attachment added to card <https:\/\/trello.com\/c\/EXXhFFFw|NEW APPLICATION UPDATE>",
                "text": "<https:\/\/trello-attachments.s3.amazonaws.com\/56de69cf4d804ab74334513a\/56f7919332d7dc4596f43464\/2bf093c1f03b881448a0cfccb1461daf\/SEPT_ASS1.zip|Download file>",
                "pretext": "New attachment added to card <https:\/\/trello.com\/c\/EXXhFFFw|NEW APPLICATION UPDATE>",
                "title": "SEPT_ASS1.zip",
                "id": 1,
                "color": "8daec2"
            }
        ],
        "type": "message",
        "subtype": "bot_message",
        "ts": "1459065276.894623"
    },
    {
        "text": "",
        "bot_id": "B0RDACTPH",
        "mrkdwn": true,
        "attachments": [
            {
                "fallback": "JOSHUA must start working on the UI",
                "text": "JOSHUA must start working on the UI",
                "pretext": "New comment on card \"<https:\/\/trello.com\/c\/EXXhFFFw|NEW APPLICATION UPDATE>\" by Abhijeet Nair",
                "id": 1,
                "color": "8daec2"
            }
        ],
        "type": "message",
        "subtype": "bot_message",
        "ts": "1459065294.000002"
    },
    {
        "text": "",
        "bot_id": "B0RDACTPH",
        "mrkdwn": true,
        "attachments": [
            {
                "fallback": "Have checked the new update. Will inspect and add some minor changes to functionality if neccessary, pre art pas",
                "text": "Have checked the new update. Will inspect and add some minor changes to functionality if neccessary, pre art pas",
                "pretext": "New comment on card \"<https:\/\/trello.com\/c\/EXXhFFFw|NEW APPLICATION UPDATE>\" by Joshua",
                "id": 1,
                "color": "8daec2"
            }
        ],
        "type": "message",
        "subtype": "bot_message",
        "ts": "1459135620.000002"
    }
]