[
    {
        "text": "",
        "bot_id": "B0RDACTPH",
        "mrkdwn": true,
        "attachments": [
            {
                "fallback": "Card moved: \"<https:\/\/trello.com\/c\/9CTvqcwj|JSON parsing>\" from list \"Working on\" to list \"Sprint 1 done\"",
                "text": "Card moved: \"<https:\/\/trello.com\/c\/9CTvqcwj|JSON parsing>\" from list \"Working on\" to list \"Sprint 1 done\"",
                "id": 1,
                "color": "8daec2",
                "mrkdwn_in": [
                    "text"
                ]
            }
        ],
        "type": "message",
        "subtype": "bot_message",
        "ts": "1459149661.000002"
    },
    {
        "text": "",
        "bot_id": "B0RDACTPH",
        "mrkdwn": true,
        "attachments": [
            {
                "fallback": "Card moved: \"<https:\/\/trello.com\/c\/9CTvqcwj|JSON parsing>\" from list \"Sprint 1 done\" to list \"Sprint Backlog\"",
                "text": "Card moved: \"<https:\/\/trello.com\/c\/9CTvqcwj|JSON parsing>\" from list \"Sprint 1 done\" to list \"Sprint Backlog\"",
                "id": 1,
                "color": "8daec2",
                "mrkdwn_in": [
                    "text"
                ]
            }
        ],
        "type": "message",
        "subtype": "bot_message",
        "ts": "1459149676.000003"
    },
    {
        "text": "",
        "bot_id": "B0RDACTPH",
        "mrkdwn": true,
        "attachments": [
            {
                "fallback": "Card moved: \"<https:\/\/trello.com\/c\/nJWAidr1|Connect UI to data>\" from list \"Project Backlog\" to list \"Sprint Backlog\"",
                "text": "Card moved: \"<https:\/\/trello.com\/c\/nJWAidr1|Connect UI to data>\" from list \"Project Backlog\" to list \"Sprint Backlog\"",
                "id": 1,
                "color": "8daec2",
                "mrkdwn_in": [
                    "text"
                ]
            }
        ],
        "type": "message",
        "subtype": "bot_message",
        "ts": "1459149686.000004"
    },
    {
        "text": "",
        "bot_id": "B0RDACTPH",
        "mrkdwn": true,
        "attachments": [
            {
                "fallback": "Card moved: \"<https:\/\/trello.com\/c\/5LGww7wy|Temperature history>\" from list \"Project Backlog\" to list \"Sprint Backlog\"",
                "text": "Card moved: \"<https:\/\/trello.com\/c\/5LGww7wy|Temperature history>\" from list \"Project Backlog\" to list \"Sprint Backlog\"",
                "id": 1,
                "color": "8daec2",
                "mrkdwn_in": [
                    "text"
                ]
            }
        ],
        "type": "message",
        "subtype": "bot_message",
        "ts": "1459149690.000005"
    },
    {
        "text": "",
        "bot_id": "B0RDACTPH",
        "mrkdwn": true,
        "attachments": [
            {
                "fallback": "Card moved: \"<https:\/\/trello.com\/c\/z1uUAjFP|Allow users to select weather stations>\" from list \"Project Backlog\" to list \"Sprint Backlog\"",
                "text": "Card moved: \"<https:\/\/trello.com\/c\/z1uUAjFP|Allow users to select weather stations>\" from list \"Project Backlog\" to list \"Sprint Backlog\"",
                "id": 1,
                "color": "8daec2",
                "mrkdwn_in": [
                    "text"
                ]
            }
        ],
        "type": "message",
        "subtype": "bot_message",
        "ts": "1459149693.000006"
    },
    {
        "text": "",
        "bot_id": "B0RDACTPH",
        "mrkdwn": true,
        "attachments": [
            {
                "fallback": "Data is now downloading\n",
                "text": "Data is now downloading\n",
                "pretext": "New comment on card \"<https:\/\/trello.com\/c\/9CTvqcwj|JSON parsing>\" by Wolf Zimmerman",
                "id": 1,
                "color": "8daec2"
            }
        ],
        "type": "message",
        "subtype": "bot_message",
        "ts": "1459149717.000007"
    }
]