[
    {
        "text": "",
        "bot_id": "B0RDACTPH",
        "mrkdwn": true,
        "attachments": [
            {
                "fallback": "Card moved: \"<https:\/\/trello.com\/c\/9CTvqcwj|JSON parsing>\" from list \"Sprint Backlog\" to list \"Sprint 1 done\"",
                "text": "Card moved: \"<https:\/\/trello.com\/c\/9CTvqcwj|JSON parsing>\" from list \"Sprint Backlog\" to list \"Sprint 1 done\"",
                "id": 1,
                "color": "8daec2",
                "mrkdwn_in": [
                    "text"
                ]
            }
        ],
        "type": "message",
        "subtype": "bot_message",
        "ts": "1459416967.000002"
    },
    {
        "text": "",
        "bot_id": "B0RDACTPH",
        "mrkdwn": true,
        "attachments": [
            {
                "fallback": "New card \"<https:\/\/trello.com\/c\/kMcaaMfS|Data system tidy>\" added to list \"<https:\/\/trello.com\/b\/3SNt2z20|Sprint Backlog>\"",
                "text": "New card \"<https:\/\/trello.com\/c\/kMcaaMfS|Data system tidy>\" added to list \"<https:\/\/trello.com\/b\/3SNt2z20|Sprint Backlog>\"",
                "id": 1,
                "color": "8daec2"
            }
        ],
        "type": "message",
        "subtype": "bot_message",
        "ts": "1459416974.000003"
    },
    {
        "text": "",
        "bot_id": "B0RDACTPH",
        "mrkdwn": true,
        "attachments": [
            {
                "fallback": "Card moved: \"<https:\/\/trello.com\/c\/9MC73Ndn|Max and min temp>\" from list \"Project Backlog\" to list \"Sprint Backlog\"",
                "text": "Card moved: \"<https:\/\/trello.com\/c\/9MC73Ndn|Max and min temp>\" from list \"Project Backlog\" to list \"Sprint Backlog\"",
                "id": 1,
                "color": "8daec2",
                "mrkdwn_in": [
                    "text"
                ]
            }
        ],
        "type": "message",
        "subtype": "bot_message",
        "ts": "1459416983.000004"
    },
    {
        "text": "",
        "bot_id": "B0RDACTPH",
        "mrkdwn": true,
        "attachments": [
            {
                "fallback": "Card moved: \"<https:\/\/trello.com\/c\/K4pgR5Ga|weather data download>\" from list \"Project Backlog\" to list \"Sprint 1 done\"",
                "text": "Card moved: \"<https:\/\/trello.com\/c\/K4pgR5Ga|weather data download>\" from list \"Project Backlog\" to list \"Sprint 1 done\"",
                "id": 1,
                "color": "8daec2",
                "mrkdwn_in": [
                    "text"
                ]
            }
        ],
        "type": "message",
        "subtype": "bot_message",
        "ts": "1459416987.000005"
    },
    {
        "text": "",
        "bot_id": "B0RDACTPH",
        "mrkdwn": true,
        "attachments": [
            {
                "fallback": "Card moved: \"<https:\/\/trello.com\/c\/3iRK6Tln|Weather data loading>\" from list \"Project Backlog\" to list \"Sprint 1 done\"",
                "text": "Card moved: \"<https:\/\/trello.com\/c\/3iRK6Tln|Weather data loading>\" from list \"Project Backlog\" to list \"Sprint 1 done\"",
                "id": 1,
                "color": "8daec2",
                "mrkdwn_in": [
                    "text"
                ]
            }
        ],
        "type": "message",
        "subtype": "bot_message",
        "ts": "1459416993.000006"
    },
    {
        "text": "",
        "bot_id": "B0RDACTPH",
        "mrkdwn": true,
        "attachments": [
            {
                "fallback": "Card moved: \"<https:\/\/trello.com\/c\/ASrbLbPS|Data charts>\" from list \"Project Backlog\" to list \"Sprint Backlog\"",
                "text": "Card moved: \"<https:\/\/trello.com\/c\/ASrbLbPS|Data charts>\" from list \"Project Backlog\" to list \"Sprint Backlog\"",
                "id": 1,
                "color": "8daec2",
                "mrkdwn_in": [
                    "text"
                ]
            }
        ],
        "type": "message",
        "subtype": "bot_message",
        "ts": "1459417003.000007"
    },
    {
        "text": "",
        "bot_id": "B0RDACTPH",
        "mrkdwn": true,
        "attachments": [
            {
                "fallback": "Card moved: \"<https:\/\/trello.com\/c\/KKhDiEkH|Data refresh manually and in background>\" from list \"Project Backlog\" to list \"Sprint Backlog\"",
                "text": "Card moved: \"<https:\/\/trello.com\/c\/KKhDiEkH|Data refresh manually and in background>\" from list \"Project Backlog\" to list \"Sprint Backlog\"",
                "id": 1,
                "color": "8daec2",
                "mrkdwn_in": [
                    "text"
                ]
            }
        ],
        "type": "message",
        "subtype": "bot_message",
        "ts": "1459417011.000008"
    },
    {
        "text": "",
        "bot_id": "B0RDACTPH",
        "mrkdwn": true,
        "attachments": [
            {
                "fallback": "Currently data refreshes when the get data method is called. this also return a data hashmap",
                "text": "Currently data refreshes when the get data method is called. this also return a data hashmap",
                "pretext": "New comment on card \"<https:\/\/trello.com\/c\/KKhDiEkH|Data refresh manually and in background>\" by Wolf Zimmerman",
                "id": 1,
                "color": "8daec2"
            }
        ],
        "type": "message",
        "subtype": "bot_message",
        "ts": "1459417051.000009"
    },
    {
        "text": "",
        "bot_id": "B0RDACTPH",
        "mrkdwn": true,
        "attachments": [
            {
                "fallback": "New card \"<https:\/\/trello.com\/c\/dPjZPhVt|Merge code repos>\" added to list \"<https:\/\/trello.com\/b\/3SNt2z20|Sprint Backlog>\"",
                "text": "New card \"<https:\/\/trello.com\/c\/dPjZPhVt|Merge code repos>\" added to list \"<https:\/\/trello.com\/b\/3SNt2z20|Sprint Backlog>\"",
                "id": 1,
                "color": "8daec2"
            }
        ],
        "type": "message",
        "subtype": "bot_message",
        "ts": "1459417067.000010"
    }
]