[
    {
        "text": "",
        "bot_id": "B0RDACTPH",
        "mrkdwn": true,
        "attachments": [
            {
                "fallback": "New card \"<https:\/\/trello.com\/c\/A6CnvruI|Combination of repository code with Jeet's GUI code>\" added to list \"<https:\/\/trello.com\/b\/3SNt2z20|Project Backlog>\"",
                "text": "New card \"<https:\/\/trello.com\/c\/A6CnvruI|Combination of repository code with Jeet's GUI code>\" added to list \"<https:\/\/trello.com\/b\/3SNt2z20|Project Backlog>\"",
                "id": 1,
                "color": "8daec2"
            }
        ],
        "type": "message",
        "subtype": "bot_message",
        "ts": "1459843449.000002"
    },
    {
        "text": "",
        "bot_id": "B0RDACTPH",
        "mrkdwn": true,
        "attachments": [
            {
                "fallback": "New checklist \"<https:\/\/trello.com\/c\/A6CnvruI|Checklist>\" added to card \"<https:\/\/trello.com\/c\/A6CnvruI|Combination of repository code with Jeet's GUI code>\"",
                "text": "New checklist \"<https:\/\/trello.com\/c\/A6CnvruI|Checklist>\" added to card \"<https:\/\/trello.com\/c\/A6CnvruI|Combination of repository code with Jeet's GUI code>\"",
                "id": 1,
                "color": "8daec2"
            }
        ],
        "type": "message",
        "subtype": "bot_message",
        "ts": "1459843457.000003"
    },
    {
        "text": "",
        "bot_id": "B0RDACTPH",
        "mrkdwn": true,
        "attachments": [
            {
                "fallback": "New checklist item \"<https:\/\/trello.com\/c\/A6CnvruI|Wolf's module>\" added to card \"<https:\/\/trello.com\/c\/A6CnvruI|Combination of repository code with Jeet's GUI code>\"",
                "text": "New checklist item \"<https:\/\/trello.com\/c\/A6CnvruI|Wolf's module>\" added to card \"<https:\/\/trello.com\/c\/A6CnvruI|Combination of repository code with Jeet's GUI code>\"",
                "id": 1,
                "color": "8daec2"
            }
        ],
        "type": "message",
        "subtype": "bot_message",
        "ts": "1459843468.000004"
    },
    {
        "text": "",
        "bot_id": "B0RDACTPH",
        "mrkdwn": true,
        "attachments": [
            {
                "fallback": "Checklist item \"Wolf's module\" on card \"<https:\/\/trello.com\/c\/A6CnvruI|Combination of repository code with Jeet's GUI code>\" was completed by Joshua",
                "text": "Checklist item \"Wolf's module\" on card \"<https:\/\/trello.com\/c\/A6CnvruI|Combination of repository code with Jeet's GUI code>\" was completed by Joshua",
                "id": 1,
                "color": "8daec2"
            }
        ],
        "type": "message",
        "subtype": "bot_message",
        "ts": "1459843470.000005"
    },
    {
        "text": "",
        "bot_id": "B0RDACTPH",
        "mrkdwn": true,
        "attachments": [
            {
                "fallback": "New checklist item \"<https:\/\/trello.com\/c\/A6CnvruI|Jeet's module>\" added to card \"<https:\/\/trello.com\/c\/A6CnvruI|Combination of repository code with Jeet's GUI code>\"",
                "text": "New checklist item \"<https:\/\/trello.com\/c\/A6CnvruI|Jeet's module>\" added to card \"<https:\/\/trello.com\/c\/A6CnvruI|Combination of repository code with Jeet's GUI code>\"",
                "id": 1,
                "color": "8daec2"
            }
        ],
        "type": "message",
        "subtype": "bot_message",
        "ts": "1459843475.000006"
    },
    {
        "text": "",
        "bot_id": "B0RDACTPH",
        "mrkdwn": true,
        "attachments": [
            {
                "fallback": "Checklist item \"Jeet's module\" on card \"<https:\/\/trello.com\/c\/A6CnvruI|Combination of repository code with Jeet's GUI code>\" was completed by Joshua",
                "text": "Checklist item \"Jeet's module\" on card \"<https:\/\/trello.com\/c\/A6CnvruI|Combination of repository code with Jeet's GUI code>\" was completed by Joshua",
                "id": 1,
                "color": "8daec2"
            }
        ],
        "type": "message",
        "subtype": "bot_message",
        "ts": "1459843475.000007"
    },
    {
        "text": "",
        "bot_id": "B0RDACTPH",
        "mrkdwn": true,
        "attachments": [
            {
                "fallback": "New checklist item \"<https:\/\/trello.com\/c\/A6CnvruI|Done>\" added to card \"<https:\/\/trello.com\/c\/A6CnvruI|Combination of repository code with Jeet's GUI code>\"",
                "text": "New checklist item \"<https:\/\/trello.com\/c\/A6CnvruI|Done>\" added to card \"<https:\/\/trello.com\/c\/A6CnvruI|Combination of repository code with Jeet's GUI code>\"",
                "id": 1,
                "color": "8daec2"
            }
        ],
        "type": "message",
        "subtype": "bot_message",
        "ts": "1459843478.000008"
    }
]