[
    {
        "text": "",
        "bot_id": "B0RDACTPH",
        "mrkdwn": true,
        "attachments": [
            {
                "fallback": "New card \"<https:\/\/trello.com\/c\/NynNBBhR|s>\" added to list \"<https:\/\/trello.com\/b\/3SNt2z20|Test>\"",
                "text": "New card \"<https:\/\/trello.com\/c\/NynNBBhR|s>\" added to list \"<https:\/\/trello.com\/b\/3SNt2z20|Test>\"",
                "id": 1,
                "color": "8daec2"
            }
        ],
        "type": "message",
        "subtype": "bot_message",
        "ts": "1458022727.000002"
    },
    {
        "text": "",
        "bot_id": "B0RDACTPH",
        "mrkdwn": true,
        "attachments": [
            {
                "fallback": "List archived: \"<https:\/\/trello.com\/b\/3SNt2z20|Name of slack domain>\"",
                "text": "List archived: \"<https:\/\/trello.com\/b\/3SNt2z20|Name of slack domain>\"",
                "id": 1,
                "color": "8daec2"
            }
        ],
        "type": "message",
        "subtype": "bot_message",
        "ts": "1458023542.000003"
    },
    {
        "text": "",
        "bot_id": "B0RDACTPH",
        "mrkdwn": true,
        "attachments": [
            {
                "fallback": "List unarchived: \"<https:\/\/trello.com\/b\/3SNt2z20|Name of slack domain>\"",
                "text": "List unarchived: \"<https:\/\/trello.com\/b\/3SNt2z20|Name of slack domain>\"",
                "id": 1,
                "color": "8daec2"
            }
        ],
        "type": "message",
        "subtype": "bot_message",
        "ts": "1458023575.000004"
    }
]