[
    {
        "text": "",
        "bot_id": "B0RDACTPH",
        "mrkdwn": true,
        "attachments": [
            {
                "fallback": "New card \"<https:\/\/trello.com\/c\/lhkHu2nE|Second prototype WIP>\" added to list \"<https:\/\/trello.com\/b\/3SNt2z20|Graphics>\"",
                "text": "New card \"<https:\/\/trello.com\/c\/lhkHu2nE|Second prototype WIP>\" added to list \"<https:\/\/trello.com\/b\/3SNt2z20|Graphics>\"",
                "id": 1,
                "color": "8daec2"
            }
        ],
        "type": "message",
        "subtype": "bot_message",
        "ts": "1459239038.246477"
    },
    {
        "text": "",
        "bot_id": "B0RDACTPH",
        "mrkdwn": true,
        "attachments": [
            {
                "fallback": "New member <https:\/\/trello.com\/joshua812|Joshua> added to card \"<https:\/\/trello.com\/c\/lhkHu2nE|Second prototype WIP>\"",
                "text": "New member <https:\/\/trello.com\/joshua812|Joshua> added to card \"<https:\/\/trello.com\/c\/lhkHu2nE|Second prototype WIP>\"",
                "id": 1,
                "color": "8daec2"
            }
        ],
        "type": "message",
        "subtype": "bot_message",
        "ts": "1459239041.246486"
    },
    {
        "text": "",
        "bot_id": "B0RDACTPH",
        "mrkdwn": true,
        "attachments": [
            {
                "fallback": "600x338px image",
                "image_url": "https:\/\/trello-attachments.s3.amazonaws.com\/56fa387d240b5119b9f6ac9d\/600x338\/fd571ec34d0d43c436eff74ec995952a\/Progress_hover.png",
                "image_width": 600,
                "image_height": 338,
                "image_bytes": 130456,
                "pretext": "New attachment added to card \"<https:\/\/trello.com\/c\/lhkHu2nE|Second prototype WIP>\"",
                "title": "Progress hover.png",
                "id": 1,
                "title_link": "https:\/\/trello-attachments.s3.amazonaws.com\/56fa387d240b5119b9f6ac9d\/1920x1080\/6dbe702ccd017c4022fb2c6f20c2701a\/Progress_hover.png",
                "color": "8daec2"
            }
        ],
        "type": "message",
        "subtype": "bot_message",
        "ts": "1459239081.246597"
    },
    {
        "text": "",
        "bot_id": "B0RDACTPH",
        "mrkdwn": true,
        "attachments": [
            {
                "fallback": "Checklist item \"Finish clarifying requirements\" on card \"<https:\/\/trello.com\/c\/mNvxuFF9|Second prototype>\" was completed by Joshua",
                "text": "Checklist item \"Finish clarifying requirements\" on card \"<https:\/\/trello.com\/c\/mNvxuFF9|Second prototype>\" was completed by Joshua",
                "id": 1,
                "color": "8daec2"
            }
        ],
        "type": "message",
        "subtype": "bot_message",
        "ts": "1459242157.256087"
    },
    {
        "text": "",
        "bot_id": "B0RDACTPH",
        "mrkdwn": true,
        "attachments": [
            {
                "fallback": "Checklist item \"Finish second concept\" on card \"<https:\/\/trello.com\/c\/mNvxuFF9|Second prototype>\" was completed by Joshua",
                "text": "Checklist item \"Finish second concept\" on card \"<https:\/\/trello.com\/c\/mNvxuFF9|Second prototype>\" was completed by Joshua",
                "id": 1,
                "color": "8daec2"
            }
        ],
        "type": "message",
        "subtype": "bot_message",
        "ts": "1459242158.256092"
    },
    {
        "text": "",
        "bot_id": "B0RDACTPH",
        "mrkdwn": true,
        "attachments": [
            {
                "fallback": "600x338px image",
                "image_url": "https:\/\/trello-attachments.s3.amazonaws.com\/56f0f2d80899b001f0f594ed\/600x338\/8d5c5ba08061adc76455e120f25dbcaf\/NSW.png",
                "image_width": 600,
                "image_height": 338,
                "image_bytes": 130509,
                "pretext": "New attachment added to card \"<https:\/\/trello.com\/c\/mNvxuFF9|Second prototype>\"",
                "title": "NSW.png",
                "id": 1,
                "title_link": "https:\/\/trello-attachments.s3.amazonaws.com\/56f0f2d80899b001f0f594ed\/1920x1080\/9d6b349b77f560ff63cdb4db5bece5e8\/NSW.png",
                "color": "8daec2"
            }
        ],
        "type": "message",
        "subtype": "bot_message",
        "ts": "1459242159.256102"
    },
    {
        "text": "",
        "bot_id": "B0RDACTPH",
        "mrkdwn": true,
        "attachments": [
            {
                "fallback": "New card \"<https:\/\/trello.com\/c\/VfUnIAHR|GUI prototype 2>\" added to list \"<https:\/\/trello.com\/b\/3SNt2z20|Working on>\"",
                "text": "New card \"<https:\/\/trello.com\/c\/VfUnIAHR|GUI prototype 2>\" added to list \"<https:\/\/trello.com\/b\/3SNt2z20|Working on>\"",
                "id": 1,
                "color": "8daec2"
            }
        ],
        "type": "message",
        "subtype": "bot_message",
        "ts": "1459250513.000002"
    },
    {
        "text": "",
        "bot_id": "B0RDACTPH",
        "mrkdwn": true,
        "attachments": [
            {
                "fallback": "600x338px image",
                "image_url": "https:\/\/trello-attachments.s3.amazonaws.com\/56fa65510385831266ef004f\/600x338\/83b2c76adf701ade84e9bac751c2c69c\/progress.png",
                "image_width": 600,
                "image_height": 338,
                "image_bytes": 125064,
                "pretext": "New attachment added to card \"<https:\/\/trello.com\/c\/VfUnIAHR|GUI prototype 2>\"",
                "title": "progress.png",
                "id": 1,
                "title_link": "https:\/\/trello-attachments.s3.amazonaws.com\/56fa65510385831266ef004f\/1920x1080\/e2ed8a77b38ca733dd01b941d9243b2d\/progress.png",
                "color": "8daec2"
            }
        ],
        "type": "message",
        "subtype": "bot_message",
        "ts": "1459250527.000003"
    },
    {
        "text": "",
        "bot_id": "B0RDACTPH",
        "mrkdwn": true,
        "attachments": [
            {
                "fallback": "New checklist \"<https:\/\/trello.com\/c\/VfUnIAHR|Checklist>\" added to card \"<https:\/\/trello.com\/c\/VfUnIAHR|GUI prototype 2>\"",
                "text": "New checklist \"<https:\/\/trello.com\/c\/VfUnIAHR|Checklist>\" added to card \"<https:\/\/trello.com\/c\/VfUnIAHR|GUI prototype 2>\"",
                "id": 1,
                "color": "8daec2"
            }
        ],
        "type": "message",
        "subtype": "bot_message",
        "ts": "1459250539.000004"
    },
    {
        "text": "",
        "bot_id": "B0RDACTPH",
        "mrkdwn": true,
        "attachments": [
            {
                "fallback": "New checklist item \"<https:\/\/trello.com\/c\/VfUnIAHR|Resize center panel to ensure a 5:3 ratio of initial starting size>\" added to card \"<https:\/\/trello.com\/c\/VfUnIAHR|GUI prototype 2>\"",
                "text": "New checklist item \"<https:\/\/trello.com\/c\/VfUnIAHR|Resize center panel to ensure a 5:3 ratio of initial starting size>\" added to card \"<https:\/\/trello.com\/c\/VfUnIAHR|GUI prototype 2>\"",
                "id": 1,
                "color": "8daec2"
            }
        ],
        "type": "message",
        "subtype": "bot_message",
        "ts": "1459250573.000005"
    },
    {
        "text": "",
        "bot_id": "B0RDACTPH",
        "mrkdwn": true,
        "attachments": [
            {
                "fallback": "New member <https:\/\/trello.com\/joshua812|Joshua> added to card \"<https:\/\/trello.com\/c\/VfUnIAHR|GUI prototype 2>\"",
                "text": "New member <https:\/\/trello.com\/joshua812|Joshua> added to card \"<https:\/\/trello.com\/c\/VfUnIAHR|GUI prototype 2>\"",
                "id": 1,
                "color": "8daec2"
            }
        ],
        "type": "message",
        "subtype": "bot_message",
        "ts": "1459250579.000006"
    },
    {
        "text": "",
        "bot_id": "B0RDACTPH",
        "mrkdwn": true,
        "attachments": [
            {
                "fallback": "New member <https:\/\/trello.com\/abhijeetnair|Abhijeet Nair> added to card \"<https:\/\/trello.com\/c\/VfUnIAHR|GUI prototype 2>\"",
                "text": "New member <https:\/\/trello.com\/abhijeetnair|Abhijeet Nair> added to card \"<https:\/\/trello.com\/c\/VfUnIAHR|GUI prototype 2>\"",
                "id": 1,
                "color": "8daec2"
            }
        ],
        "type": "message",
        "subtype": "bot_message",
        "ts": "1459250580.000007"
    },
    {
        "text": "",
        "bot_id": "B0RDACTPH",
        "mrkdwn": true,
        "attachments": [
            {
                "fallback": "Jeet will need to do the tasks above",
                "text": "Jeet will need to do the tasks above",
                "pretext": "New comment on card \"<https:\/\/trello.com\/c\/VfUnIAHR|GUI prototype 2>\" by Joshua",
                "id": 1,
                "color": "8daec2"
            }
        ],
        "type": "message",
        "subtype": "bot_message",
        "ts": "1459250598.000008"
    }
]