[
    {
        "text": "",
        "bot_id": "B0RDACTPH",
        "mrkdwn": true,
        "attachments": [
            {
                "fallback": "Card moved: \"<https:\/\/trello.com\/c\/7hB8FWTG|Component Diagram>\" from list \"Temp. To-Do List\" to list \"Sprint 2 done\"",
                "text": "Card moved: \"<https:\/\/trello.com\/c\/7hB8FWTG|Component Diagram>\" from list \"Temp. To-Do List\" to list \"Sprint 2 done\"",
                "id": 1,
                "color": "8daec2",
                "mrkdwn_in": [
                    "text"
                ]
            }
        ],
        "type": "message",
        "subtype": "bot_message",
        "ts": "1460717272.000002"
    },
    {
        "text": "",
        "bot_id": "B0RDACTPH",
        "mrkdwn": true,
        "attachments": [
            {
                "fallback": "New card \"<https:\/\/trello.com\/c\/OngAyOeU|Art Pass 2 WIP>\" added to list \"<https:\/\/trello.com\/b\/3SNt2z20|Graphics>\"",
                "text": "New card \"<https:\/\/trello.com\/c\/OngAyOeU|Art Pass 2 WIP>\" added to list \"<https:\/\/trello.com\/b\/3SNt2z20|Graphics>\"",
                "id": 1,
                "color": "8daec2"
            }
        ],
        "type": "message",
        "subtype": "bot_message",
        "ts": "1460764010.000002"
    },
    {
        "text": "",
        "bot_id": "B0RDACTPH",
        "mrkdwn": true,
        "attachments": [
            {
                "fallback": "600x338px image",
                "image_url": "https:\/\/trello-attachments.s3.amazonaws.com\/57117d6a4bb76ff5b91066cc\/600x338\/8a7daf8aac065014a6875073865e0d67\/art_pass_2_wip.jpg",
                "image_width": 600,
                "image_height": 338,
                "image_bytes": 20804,
                "pretext": "New attachment added to card \"<https:\/\/trello.com\/c\/OngAyOeU|Art Pass 2 WIP>\"",
                "title": "art_pass_2_wip.jpg",
                "id": 1,
                "title_link": "https:\/\/trello-attachments.s3.amazonaws.com\/57117d6a4bb76ff5b91066cc\/1920x1080\/12757762b975dfa9562a15190a687781\/art_pass_2_wip.jpg",
                "color": "8daec2"
            }
        ],
        "type": "message",
        "subtype": "bot_message",
        "ts": "1460764021.000003"
    }
]