[
    {
        "text": "",
        "bot_id": "B0RDACTPH",
        "mrkdwn": true,
        "attachments": [
            {
                "fallback": "List archived: \"<https:\/\/trello.com\/b\/3SNt2z20|Demo>\"",
                "text": "List archived: \"<https:\/\/trello.com\/b\/3SNt2z20|Demo>\"",
                "id": 1,
                "color": "8daec2"
            }
        ],
        "type": "message",
        "subtype": "bot_message",
        "ts": "1460102978.000005"
    },
    {
        "text": "",
        "bot_id": "B0RDACTPH",
        "mrkdwn": true,
        "attachments": [
            {
                "fallback": "New list \"Temp. To-Do List\" added to board \"<https:\/\/trello.com\/b\/3SNt2z20|SEPT Assignment 01>\"",
                "text": "New list \"Temp. To-Do List\" added to board \"<https:\/\/trello.com\/b\/3SNt2z20|SEPT Assignment 01>\"",
                "id": 1,
                "color": "8daec2"
            }
        ],
        "type": "message",
        "subtype": "bot_message",
        "ts": "1460103092.000006"
    },
    {
        "text": "",
        "bot_id": "B0RDACTPH",
        "mrkdwn": true,
        "attachments": [
            {
                "fallback": "Card moved: \"<https:\/\/trello.com\/c\/A6CnvruI|Combination of repository code with Jeet's GUI code>\" from list \"Project Backlog\" to list \"Sprint 1 done\"",
                "text": "Card moved: \"<https:\/\/trello.com\/c\/A6CnvruI|Combination of repository code with Jeet's GUI code>\" from list \"Project Backlog\" to list \"Sprint 1 done\"",
                "id": 1,
                "color": "8daec2",
                "mrkdwn_in": [
                    "text"
                ]
            }
        ],
        "type": "message",
        "subtype": "bot_message",
        "ts": "1460103113.000007"
    },
    {
        "text": "",
        "bot_id": "B0RDACTPH",
        "mrkdwn": true,
        "attachments": [
            {
                "fallback": "New card \"<https:\/\/trello.com\/c\/s0m5zFxc|Data Charts (Histogram, ect) Are currently non-functional.>\" added to list \"<https:\/\/trello.com\/b\/3SNt2z20|Temp. To-Do List>\"",
                "text": "New card \"<https:\/\/trello.com\/c\/s0m5zFxc|Data Charts (Histogram, ect) Are currently non-functional.>\" added to list \"<https:\/\/trello.com\/b\/3SNt2z20|Temp. To-Do List>\"",
                "id": 1,
                "color": "8daec2"
            }
        ],
        "type": "message",
        "subtype": "bot_message",
        "ts": "1460103120.000008"
    },
    {
        "text": "",
        "bot_id": "B0RDACTPH",
        "mrkdwn": true,
        "attachments": [
            {
                "fallback": "Card moved: \"<https:\/\/trello.com\/c\/dPjZPhVt|Merge code repos>\" from list \"Sprint Backlog\" to list \"Sprint 1 done\"",
                "text": "Card moved: \"<https:\/\/trello.com\/c\/dPjZPhVt|Merge code repos>\" from list \"Sprint Backlog\" to list \"Sprint 1 done\"",
                "id": 1,
                "color": "8daec2",
                "mrkdwn_in": [
                    "text"
                ]
            }
        ],
        "type": "message",
        "subtype": "bot_message",
        "ts": "1460103122.000009"
    },
    {
        "text": "",
        "bot_id": "B0RDACTPH",
        "mrkdwn": true,
        "attachments": [
            {
                "fallback": "New card \"<https:\/\/trello.com\/c\/fpny5c3l|Re-factor code (combine &amp; delete unused\/unnecessary functions\/classes, fix spelling mistakes, ensure code is well commmented)>\" added to list \"<https:\/\/trello.com\/b\/3SNt2z20|Temp. To-Do List>\"",
                "text": "New card \"<https:\/\/trello.com\/c\/fpny5c3l|Re-factor code (combine &amp; delete unused\/unnecessary functions\/classes, fix spelling mistakes, ensure code is well commmented)>\" added to list \"<https:\/\/trello.com\/b\/3SNt2z20|Temp. To-Do List>\"",
                "id": 1,
                "color": "8daec2"
            }
        ],
        "type": "message",
        "subtype": "bot_message",
        "ts": "1460103248.000010"
    },
    {
        "text": "",
        "bot_id": "B0RDACTPH",
        "mrkdwn": true,
        "attachments": [
            {
                "fallback": "New card \"<https:\/\/trello.com\/c\/cpfmNWNO|Window Management (Window placement, size, ect)>\" added to list \"<https:\/\/trello.com\/b\/3SNt2z20|Temp. To-Do List>\"",
                "text": "New card \"<https:\/\/trello.com\/c\/cpfmNWNO|Window Management (Window placement, size, ect)>\" added to list \"<https:\/\/trello.com\/b\/3SNt2z20|Temp. To-Do List>\"",
                "id": 1,
                "color": "8daec2"
            }
        ],
        "type": "message",
        "subtype": "bot_message",
        "ts": "1460103389.000011"
    },
    {
        "text": "",
        "bot_id": "B0RDACTPH",
        "mrkdwn": true,
        "attachments": [
            {
                "fallback": "New card \"<https:\/\/trello.com\/c\/kOKfq6p4|Finish user documentation (content, screenshots, instructions, polish)>\" added to list \"<https:\/\/trello.com\/b\/3SNt2z20|Temp. To-Do List>\"",
                "text": "New card \"<https:\/\/trello.com\/c\/kOKfq6p4|Finish user documentation (content, screenshots, instructions, polish)>\" added to list \"<https:\/\/trello.com\/b\/3SNt2z20|Temp. To-Do List>\"",
                "id": 1,
                "color": "8daec2"
            }
        ],
        "type": "message",
        "subtype": "bot_message",
        "ts": "1460103421.000012"
    },
    {
        "text": "",
        "bot_id": "B0RDACTPH",
        "mrkdwn": true,
        "attachments": [
            {
                "fallback": "New card \"<https:\/\/trello.com\/c\/cwZcokrN|Compile files into git-hub for submission (UML diagrams, code, documentation, logs, ect)>\" added to list \"<https:\/\/trello.com\/b\/3SNt2z20|Temp. To-Do List>\"",
                "text": "New card \"<https:\/\/trello.com\/c\/cwZcokrN|Compile files into git-hub for submission (UML diagrams, code, documentation, logs, ect)>\" added to list \"<https:\/\/trello.com\/b\/3SNt2z20|Temp. To-Do List>\"",
                "id": 1,
                "color": "8daec2"
            }
        ],
        "type": "message",
        "subtype": "bot_message",
        "ts": "1460103468.000013"
    },
    {
        "text": "",
        "bot_id": "B0RDACTPH",
        "mrkdwn": true,
        "attachments": [
            {
                "fallback": "New card \"<https:\/\/trello.com\/c\/8GCB0SZs|Polish U.I. of the program (images, buttons, layout, ect)>\" added to list \"<https:\/\/trello.com\/b\/3SNt2z20|Temp. To-Do List>\"",
                "text": "New card \"<https:\/\/trello.com\/c\/8GCB0SZs|Polish U.I. of the program (images, buttons, layout, ect)>\" added to list \"<https:\/\/trello.com\/b\/3SNt2z20|Temp. To-Do List>\"",
                "id": 1,
                "color": "8daec2"
            }
        ],
        "type": "message",
        "subtype": "bot_message",
        "ts": "1460103529.000014"
    },
    {
        "text": "",
        "bot_id": "B0RDACTPH",
        "mrkdwn": true,
        "attachments": [
            {
                "fallback": "New card \"<https:\/\/trello.com\/c\/iwZibwJF|Implement refreshing data (button to refresh data, and intermittent automatic refreshing)>\" added to list \"<https:\/\/trello.com\/b\/3SNt2z20|Temp. To-Do List>\"",
                "text": "New card \"<https:\/\/trello.com\/c\/iwZibwJF|Implement refreshing data (button to refresh data, and intermittent automatic refreshing)>\" added to list \"<https:\/\/trello.com\/b\/3SNt2z20|Temp. To-Do List>\"",
                "id": 1,
                "color": "8daec2"
            }
        ],
        "type": "message",
        "subtype": "bot_message",
        "ts": "1460103845.000015"
    },
    {
        "text": "",
        "bot_id": "B0RDACTPH",
        "mrkdwn": true,
        "attachments": [
            {
                "fallback": "Card moved: \"<https:\/\/trello.com\/c\/nJWAidr1|Connect UI to data>\" from list \"Sprint Backlog\" to list \"Sprint 1 done\"",
                "text": "Card moved: \"<https:\/\/trello.com\/c\/nJWAidr1|Connect UI to data>\" from list \"Sprint Backlog\" to list \"Sprint 1 done\"",
                "id": 1,
                "color": "8daec2",
                "mrkdwn_in": [
                    "text"
                ]
            }
        ],
        "type": "message",
        "subtype": "bot_message",
        "ts": "1460103855.000016"
    },
    {
        "text": "",
        "bot_id": "B0RDACTPH",
        "mrkdwn": true,
        "attachments": [
            {
                "fallback": "Card moved: \"<https:\/\/trello.com\/c\/AW58bVPg|Fix weather station initial loading for speed of basic data access EG name>\" from list \"Sprint Backlog\" to list \"Sprint 1 done\"",
                "text": "Card moved: \"<https:\/\/trello.com\/c\/AW58bVPg|Fix weather station initial loading for speed of basic data access EG name>\" from list \"Sprint Backlog\" to list \"Sprint 1 done\"",
                "id": 1,
                "color": "8daec2",
                "mrkdwn_in": [
                    "text"
                ]
            }
        ],
        "type": "message",
        "subtype": "bot_message",
        "ts": "1460103880.000017"
    },
    {
        "text": "",
        "bot_id": "B0RDACTPH",
        "mrkdwn": true,
        "attachments": [
            {
                "fallback": "Card archived: \"<https:\/\/trello.com\/c\/IBNydZi8|Window management>\"",
                "text": "Card archived: \"<https:\/\/trello.com\/c\/IBNydZi8|Window management>\"",
                "id": 1,
                "color": "8daec2",
                "mrkdwn_in": [
                    "text"
                ]
            }
        ],
        "type": "message",
        "subtype": "bot_message",
        "ts": "1460103970.000018"
    },
    {
        "text": "",
        "bot_id": "B0RDACTPH",
        "mrkdwn": true,
        "attachments": [
            {
                "fallback": "Card archived: \"<https:\/\/trello.com\/c\/vD9rDEpo|Create HTML files for user docs>\"",
                "text": "Card archived: \"<https:\/\/trello.com\/c\/vD9rDEpo|Create HTML files for user docs>\"",
                "id": 1,
                "color": "8daec2",
                "mrkdwn_in": [
                    "text"
                ]
            }
        ],
        "type": "message",
        "subtype": "bot_message",
        "ts": "1460103972.000019"
    },
    {
        "text": "",
        "bot_id": "B0RDACTPH",
        "mrkdwn": true,
        "attachments": [
            {
                "fallback": "Card archived: \"<https:\/\/trello.com\/c\/TXtk67Af|Write user doc>\"",
                "text": "Card archived: \"<https:\/\/trello.com\/c\/TXtk67Af|Write user doc>\"",
                "id": 1,
                "color": "8daec2",
                "mrkdwn_in": [
                    "text"
                ]
            }
        ],
        "type": "message",
        "subtype": "bot_message",
        "ts": "1460103974.000020"
    },
    {
        "text": "",
        "bot_id": "B0RDACTPH",
        "mrkdwn": true,
        "attachments": [
            {
                "fallback": "Card archived: \"<https:\/\/trello.com\/c\/i9TKIg8D|make user doc screenshots>\"",
                "text": "Card archived: \"<https:\/\/trello.com\/c\/i9TKIg8D|make user doc screenshots>\"",
                "id": 1,
                "color": "8daec2",
                "mrkdwn_in": [
                    "text"
                ]
            }
        ],
        "type": "message",
        "subtype": "bot_message",
        "ts": "1460103983.000021"
    },
    {
        "text": "",
        "bot_id": "B0RDACTPH",
        "mrkdwn": true,
        "attachments": [
            {
                "fallback": "New card \"<https:\/\/trello.com\/c\/ZDQpZfZp|Implement Java Unit Testing (Implement sufficient tests to cover a reasonable number of cases and input)>\" added to list \"<https:\/\/trello.com\/b\/3SNt2z20|Temp. To-Do List>\"",
                "text": "New card \"<https:\/\/trello.com\/c\/ZDQpZfZp|Implement Java Unit Testing (Implement sufficient tests to cover a reasonable number of cases and input)>\" added to list \"<https:\/\/trello.com\/b\/3SNt2z20|Temp. To-Do List>\"",
                "id": 1,
                "color": "8daec2"
            }
        ],
        "type": "message",
        "subtype": "bot_message",
        "ts": "1460104036.000022"
    },
    {
        "text": "",
        "bot_id": "B0RDACTPH",
        "mrkdwn": true,
        "attachments": [
            {
                "fallback": "New card \"<https:\/\/trello.com\/c\/pLqFkf10|Implement extra error handling (website unavailable, data format change, ect)>\" added to list \"<https:\/\/trello.com\/b\/3SNt2z20|Temp. To-Do List>\"",
                "text": "New card \"<https:\/\/trello.com\/c\/pLqFkf10|Implement extra error handling (website unavailable, data format change, ect)>\" added to list \"<https:\/\/trello.com\/b\/3SNt2z20|Temp. To-Do List>\"",
                "id": 1,
                "color": "8daec2"
            }
        ],
        "type": "message",
        "subtype": "bot_message",
        "ts": "1460104065.000023"
    },
    {
        "text": "",
        "bot_id": "B0RDACTPH",
        "mrkdwn": true,
        "attachments": [
            {
                "fallback": "New list \"General project finished tasks\" added to board \"<https:\/\/trello.com\/b\/3SNt2z20|SEPT Assignment 01>\"",
                "text": "New list \"General project finished tasks\" added to board \"<https:\/\/trello.com\/b\/3SNt2z20|SEPT Assignment 01>\"",
                "id": 1,
                "color": "8daec2"
            }
        ],
        "type": "message",
        "subtype": "bot_message",
        "ts": "1460104979.000024"
    },
    {
        "text": "",
        "bot_id": "B0RDACTPH",
        "mrkdwn": true,
        "attachments": [
            {
                "fallback": "Card moved: \"<https:\/\/trello.com\/c\/ulFbyGYq|Identifying User Stories>\" from list \"Working on\" to list \"General project finished tasks\"",
                "text": "Card moved: \"<https:\/\/trello.com\/c\/ulFbyGYq|Identifying User Stories>\" from list \"Working on\" to list \"General project finished tasks\"",
                "id": 1,
                "color": "8daec2",
                "mrkdwn_in": [
                    "text"
                ]
            }
        ],
        "type": "message",
        "subtype": "bot_message",
        "ts": "1460104983.000025"
    }
]