[
    {
        "text": "",
        "bot_id": "B0RDACTPH",
        "mrkdwn": true,
        "attachments": [
            {
                "fallback": "List archived: \"<https:\/\/trello.com\/b\/3SNt2z20|Test>\"",
                "text": "List archived: \"<https:\/\/trello.com\/b\/3SNt2z20|Test>\"",
                "id": 1,
                "color": "8daec2"
            }
        ],
        "type": "message",
        "subtype": "bot_message",
        "ts": "1458631246.000002"
    },
    {
        "text": "",
        "bot_id": "B0RDACTPH",
        "mrkdwn": true,
        "attachments": [
            {
                "fallback": "New list \"Graphics\" added to board \"<https:\/\/trello.com\/b\/3SNt2z20|SEPT Assignment 01>\"",
                "text": "New list \"Graphics\" added to board \"<https:\/\/trello.com\/b\/3SNt2z20|SEPT Assignment 01>\"",
                "id": 1,
                "color": "8daec2"
            }
        ],
        "type": "message",
        "subtype": "bot_message",
        "ts": "1458631273.000003"
    },
    {
        "text": "",
        "bot_id": "B0RDACTPH",
        "mrkdwn": true,
        "attachments": [
            {
                "fallback": "New card \"<https:\/\/trello.com\/c\/F2Z0kHEi|First prototype>\" added to list \"<https:\/\/trello.com\/b\/3SNt2z20|Graphics>\"",
                "text": "New card \"<https:\/\/trello.com\/c\/F2Z0kHEi|First prototype>\" added to list \"<https:\/\/trello.com\/b\/3SNt2z20|Graphics>\"",
                "id": 1,
                "color": "8daec2"
            }
        ],
        "type": "message",
        "subtype": "bot_message",
        "ts": "1458631283.000004"
    },
    {
        "text": "",
        "bot_id": "B0RDACTPH",
        "mrkdwn": true,
        "attachments": [
            {
                "fallback": "*Due Date:* Due <!date^1458608400^{date_pretty} at {time}|Mar 22, 2016 at 1:00am UTC>",
                "text": "*Due Date:* Due <!date^1458608400^{date_pretty} at {time}|Mar 22, 2016 at 1:00am UTC>",
                "pretext": "Card updated \"<https:\/\/trello.com\/c\/F2Z0kHEi|First prototype>\"",
                "id": 1,
                "color": "8daec2",
                "mrkdwn_in": [
                    "text"
                ]
            }
        ],
        "type": "message",
        "subtype": "bot_message",
        "ts": "1458631307.000005"
    },
    {
        "text": "",
        "bot_id": "B0RDACTPH",
        "mrkdwn": true,
        "attachments": [
            {
                "fallback": "New member <https:\/\/trello.com\/joshua812|Joshua> added to card \"<https:\/\/trello.com\/c\/F2Z0kHEi|First prototype>\"",
                "text": "New member <https:\/\/trello.com\/joshua812|Joshua> added to card \"<https:\/\/trello.com\/c\/F2Z0kHEi|First prototype>\"",
                "id": 1,
                "color": "8daec2"
            }
        ],
        "type": "message",
        "subtype": "bot_message",
        "ts": "1458631314.000006"
    },
    {
        "text": "",
        "bot_id": "B0RDACTPH",
        "mrkdwn": true,
        "attachments": [
            {
                "fallback": "600x338px image",
                "image_url": "https:\/\/trello-attachments.s3.amazonaws.com\/56f0f2733b088a8f0a8da34a\/600x338\/f9cc39cf8ba6c37d79537e91f4c534a9\/home_screen.png",
                "image_width": 600,
                "image_height": 338,
                "image_bytes": 75246,
                "pretext": "New attachment added to card \"<https:\/\/trello.com\/c\/F2Z0kHEi|First prototype>\"",
                "title": "home_screen.png",
                "id": 1,
                "title_link": "https:\/\/trello-attachments.s3.amazonaws.com\/56f0f2733b088a8f0a8da34a\/1280x720\/bed6e3c41cf981b0c753e1bc1c87131b\/home_screen.png",
                "color": "8daec2"
            }
        ],
        "type": "message",
        "subtype": "bot_message",
        "ts": "1458631353.000007"
    },
    {
        "text": "",
        "bot_id": "B0RDACTPH",
        "mrkdwn": true,
        "attachments": [
            {
                "fallback": "600x338px image",
                "image_url": "https:\/\/trello-attachments.s3.amazonaws.com\/56f0f2733b088a8f0a8da34a\/600x338\/ce462eb1c63c0d6f60889db5daf6e818\/splash_window.png",
                "image_width": 600,
                "image_height": 338,
                "image_bytes": 89049,
                "pretext": "New attachment added to card \"<https:\/\/trello.com\/c\/F2Z0kHEi|First prototype>\"",
                "title": "splash window.png",
                "id": 1,
                "title_link": "https:\/\/trello-attachments.s3.amazonaws.com\/56f0f2733b088a8f0a8da34a\/1280x720\/13713aedf36d44e18382bd3c6d05c649\/splash_window.png",
                "color": "8daec2"
            }
        ],
        "type": "message",
        "subtype": "bot_message",
        "ts": "1458631356.000008"
    },
    {
        "text": "",
        "bot_id": "B0RDACTPH",
        "mrkdwn": true,
        "attachments": [
            {
                "fallback": "600x338px image",
                "image_url": "https:\/\/trello-attachments.s3.amazonaws.com\/56f0f2733b088a8f0a8da34a\/600x338\/59b847309373c1bde06aa5f4365857c8\/splash.png",
                "image_width": 600,
                "image_height": 338,
                "image_bytes": 51094,
                "pretext": "New attachment added to card \"<https:\/\/trello.com\/c\/F2Z0kHEi|First prototype>\"",
                "title": "splash.png",
                "id": 1,
                "title_link": "https:\/\/trello-attachments.s3.amazonaws.com\/56f0f2733b088a8f0a8da34a\/1280x720\/2e5f36330ffd8711461fbd239c9e4db3\/splash.png",
                "color": "8daec2"
            }
        ],
        "type": "message",
        "subtype": "bot_message",
        "ts": "1458631358.000009"
    },
    {
        "text": "",
        "bot_id": "B0RDACTPH",
        "mrkdwn": true,
        "attachments": [
            {
                "fallback": "600x338px image",
                "image_url": "https:\/\/trello-attachments.s3.amazonaws.com\/56f0f2733b088a8f0a8da34a\/600x338\/f594a3c8e2de83214563becfbfeab575\/stations.png",
                "image_width": 600,
                "image_height": 338,
                "image_bytes": 82732,
                "pretext": "New attachment added to card \"<https:\/\/trello.com\/c\/F2Z0kHEi|First prototype>\"",
                "title": "stations.png",
                "id": 1,
                "title_link": "https:\/\/trello-attachments.s3.amazonaws.com\/56f0f2733b088a8f0a8da34a\/1280x720\/5c52779834f7017ffb6edea811716d13\/stations.png",
                "color": "8daec2"
            }
        ],
        "type": "message",
        "subtype": "bot_message",
        "ts": "1458631361.000010"
    },
    {
        "text": "",
        "bot_id": "B0RDACTPH",
        "mrkdwn": true,
        "attachments": [
            {
                "fallback": "New card \"<https:\/\/trello.com\/c\/mNvxuFF9|Second prototype>\" added to list \"<https:\/\/trello.com\/b\/3SNt2z20|Graphics>\"",
                "text": "New card \"<https:\/\/trello.com\/c\/mNvxuFF9|Second prototype>\" added to list \"<https:\/\/trello.com\/b\/3SNt2z20|Graphics>\"",
                "id": 1,
                "color": "8daec2"
            }
        ],
        "type": "message",
        "subtype": "bot_message",
        "ts": "1458631384.000011"
    },
    {
        "text": "",
        "bot_id": "B0RDACTPH",
        "mrkdwn": true,
        "attachments": [
            {
                "fallback": "*Due Date:* Due <!date^1458867600^{date_pretty} at {time}|Mar 25, 2016 at 1:00am UTC>",
                "text": "*Due Date:* Due <!date^1458867600^{date_pretty} at {time}|Mar 25, 2016 at 1:00am UTC>",
                "pretext": "Card updated \"<https:\/\/trello.com\/c\/mNvxuFF9|Second prototype>\"",
                "id": 1,
                "color": "8daec2",
                "mrkdwn_in": [
                    "text"
                ]
            }
        ],
        "type": "message",
        "subtype": "bot_message",
        "ts": "1458631398.000012"
    },
    {
        "text": "",
        "bot_id": "B0RDACTPH",
        "mrkdwn": true,
        "attachments": [
            {
                "fallback": "New checklist \"<https:\/\/trello.com\/c\/mNvxuFF9|Checklist>\" added to card \"<https:\/\/trello.com\/c\/mNvxuFF9|Second prototype>\"",
                "text": "New checklist \"<https:\/\/trello.com\/c\/mNvxuFF9|Checklist>\" added to card \"<https:\/\/trello.com\/c\/mNvxuFF9|Second prototype>\"",
                "id": 1,
                "color": "8daec2"
            }
        ],
        "type": "message",
        "subtype": "bot_message",
        "ts": "1458631404.000013"
    },
    {
        "text": "",
        "bot_id": "B0RDACTPH",
        "mrkdwn": true,
        "attachments": [
            {
                "fallback": "New checklist item \"<https:\/\/trello.com\/c\/mNvxuFF9|Finish clarifying requirements>\" added to card \"<https:\/\/trello.com\/c\/mNvxuFF9|Second prototype>\"",
                "text": "New checklist item \"<https:\/\/trello.com\/c\/mNvxuFF9|Finish clarifying requirements>\" added to card \"<https:\/\/trello.com\/c\/mNvxuFF9|Second prototype>\"",
                "id": 1,
                "color": "8daec2"
            }
        ],
        "type": "message",
        "subtype": "bot_message",
        "ts": "1458631452.000014"
    },
    {
        "text": "",
        "bot_id": "B0RDACTPH",
        "mrkdwn": true,
        "attachments": [
            {
                "fallback": "New checklist item \"<https:\/\/trello.com\/c\/mNvxuFF9|Finish second concept>\" added to card \"<https:\/\/trello.com\/c\/mNvxuFF9|Second prototype>\"",
                "text": "New checklist item \"<https:\/\/trello.com\/c\/mNvxuFF9|Finish second concept>\" added to card \"<https:\/\/trello.com\/c\/mNvxuFF9|Second prototype>\"",
                "id": 1,
                "color": "8daec2"
            }
        ],
        "type": "message",
        "subtype": "bot_message",
        "ts": "1458631458.000015"
    },
    {
        "text": "",
        "bot_id": "B0RDACTPH",
        "mrkdwn": true,
        "attachments": [
            {
                "fallback": "New member <https:\/\/trello.com\/joshua812|Joshua> added to card \"<https:\/\/trello.com\/c\/mNvxuFF9|Second prototype>\"",
                "text": "New member <https:\/\/trello.com\/joshua812|Joshua> added to card \"<https:\/\/trello.com\/c\/mNvxuFF9|Second prototype>\"",
                "id": 1,
                "color": "8daec2"
            }
        ],
        "type": "message",
        "subtype": "bot_message",
        "ts": "1458631463.000016"
    },
    {
        "text": "",
        "bot_id": "B0RDACTPH",
        "mrkdwn": true,
        "attachments": [
            {
                "fallback": "New card \"<https:\/\/trello.com\/c\/K4pgR5Ga|weather data download>\" added to list \"<https:\/\/trello.com\/b\/3SNt2z20|Project Backlog>\"",
                "text": "New card \"<https:\/\/trello.com\/c\/K4pgR5Ga|weather data download>\" added to list \"<https:\/\/trello.com\/b\/3SNt2z20|Project Backlog>\"",
                "id": 1,
                "color": "8daec2"
            }
        ],
        "type": "message",
        "subtype": "bot_message",
        "ts": "1458632072.000017"
    },
    {
        "text": "",
        "bot_id": "B0RDACTPH",
        "mrkdwn": true,
        "attachments": [
            {
                "fallback": "New card \"<https:\/\/trello.com\/c\/3iRK6Tln|Weather data loading>\" added to list \"<https:\/\/trello.com\/b\/3SNt2z20|Project Backlog>\"",
                "text": "New card \"<https:\/\/trello.com\/c\/3iRK6Tln|Weather data loading>\" added to list \"<https:\/\/trello.com\/b\/3SNt2z20|Project Backlog>\"",
                "id": 1,
                "color": "8daec2"
            }
        ],
        "type": "message",
        "subtype": "bot_message",
        "ts": "1458632088.000018"
    },
    {
        "text": "",
        "bot_id": "B0RDACTPH",
        "mrkdwn": true,
        "attachments": [
            {
                "fallback": "New card \"<https:\/\/trello.com\/c\/nJWAidr1|Connect UI to data>\" added to list \"<https:\/\/trello.com\/b\/3SNt2z20|Project Backlog>\"",
                "text": "New card \"<https:\/\/trello.com\/c\/nJWAidr1|Connect UI to data>\" added to list \"<https:\/\/trello.com\/b\/3SNt2z20|Project Backlog>\"",
                "id": 1,
                "color": "8daec2"
            }
        ],
        "type": "message",
        "subtype": "bot_message",
        "ts": "1458632104.000019"
    },
    {
        "text": "",
        "bot_id": "B0RDACTPH",
        "mrkdwn": true,
        "attachments": [
            {
                "fallback": "Card moved: \"<https:\/\/trello.com\/c\/nNSEFUeH|Creating Class Diagram>\" from list \"Working on\" to list \"Project Backlog\"",
                "text": "Card moved: \"<https:\/\/trello.com\/c\/nNSEFUeH|Creating Class Diagram>\" from list \"Working on\" to list \"Project Backlog\"",
                "id": 1,
                "color": "8daec2",
                "mrkdwn_in": [
                    "text"
                ]
            }
        ],
        "type": "message",
        "subtype": "bot_message",
        "ts": "1458632235.000020"
    },
    {
        "text": "",
        "bot_id": "B0RDACTPH",
        "mrkdwn": true,
        "attachments": [
            {
                "fallback": "New card \"<https:\/\/trello.com\/c\/sHcT4qJR|MAKE HEAPS OF UML>\" added to list \"<https:\/\/trello.com\/b\/3SNt2z20|Project Backlog>\"",
                "text": "New card \"<https:\/\/trello.com\/c\/sHcT4qJR|MAKE HEAPS OF UML>\" added to list \"<https:\/\/trello.com\/b\/3SNt2z20|Project Backlog>\"",
                "id": 1,
                "color": "8daec2"
            }
        ],
        "type": "message",
        "subtype": "bot_message",
        "ts": "1458632241.000021"
    },
    {
        "text": "",
        "bot_id": "B0RDACTPH",
        "mrkdwn": true,
        "attachments": [
            {
                "fallback": "New card \"<https:\/\/trello.com\/c\/vD9rDEpo|Create HTML files for user docs>\" added to list \"<https:\/\/trello.com\/b\/3SNt2z20|Project Backlog>\"",
                "text": "New card \"<https:\/\/trello.com\/c\/vD9rDEpo|Create HTML files for user docs>\" added to list \"<https:\/\/trello.com\/b\/3SNt2z20|Project Backlog>\"",
                "id": 1,
                "color": "8daec2"
            }
        ],
        "type": "message",
        "subtype": "bot_message",
        "ts": "1458632279.000022"
    },
    {
        "text": "",
        "bot_id": "B0RDACTPH",
        "mrkdwn": true,
        "attachments": [
            {
                "fallback": "New card \"<https:\/\/trello.com\/c\/TXtk67Af|Write user doc>\" added to list \"<https:\/\/trello.com\/b\/3SNt2z20|Project Backlog>\"",
                "text": "New card \"<https:\/\/trello.com\/c\/TXtk67Af|Write user doc>\" added to list \"<https:\/\/trello.com\/b\/3SNt2z20|Project Backlog>\"",
                "id": 1,
                "color": "8daec2"
            }
        ],
        "type": "message",
        "subtype": "bot_message",
        "ts": "1458632291.000023"
    },
    {
        "text": "",
        "bot_id": "B0RDACTPH",
        "mrkdwn": true,
        "attachments": [
            {
                "fallback": "New card \"<https:\/\/trello.com\/c\/i9TKIg8D|make user doc screenshots>\" added to list \"<https:\/\/trello.com\/b\/3SNt2z20|Project Backlog>\"",
                "text": "New card \"<https:\/\/trello.com\/c\/i9TKIg8D|make user doc screenshots>\" added to list \"<https:\/\/trello.com\/b\/3SNt2z20|Project Backlog>\"",
                "id": 1,
                "color": "8daec2"
            }
        ],
        "type": "message",
        "subtype": "bot_message",
        "ts": "1458632301.000024"
    },
    {
        "text": "",
        "bot_id": "B0RDACTPH",
        "mrkdwn": true,
        "attachments": [
            {
                "fallback": "New card \"<https:\/\/trello.com\/c\/b0qoFPPj|WIS Application GUI>\" added to list \"<https:\/\/trello.com\/b\/3SNt2z20|Working on>\"",
                "text": "New card \"<https:\/\/trello.com\/c\/b0qoFPPj|WIS Application GUI>\" added to list \"<https:\/\/trello.com\/b\/3SNt2z20|Working on>\"",
                "id": 1,
                "color": "8daec2"
            }
        ],
        "type": "message",
        "subtype": "bot_message",
        "ts": "1458632332.000025"
    },
    {
        "text": "",
        "bot_id": "B0RDACTPH",
        "mrkdwn": true,
        "attachments": [
            {
                "fallback": "442x29px image",
                "image_url": "https:\/\/trello-attachments.s3.amazonaws.com\/56e7b8ac9c3fcaa4f6352a5b\/442x29\/6430a7cce54098dca1c6d96b5a98973b\/Capture.PNG",
                "image_width": 442,
                "image_height": 29,
                "image_bytes": 2322,
                "pretext": "New attachment added to card \"<https:\/\/trello.com\/c\/9CTvqcwj|JSON parsing>\"",
                "title": "Capture.PNG",
                "id": 1,
                "title_link": "https:\/\/trello-attachments.s3.amazonaws.com\/56e7b8ac9c3fcaa4f6352a5b\/442x29\/6430a7cce54098dca1c6d96b5a98973b\/Capture.PNG",
                "color": "8daec2"
            }
        ],
        "type": "message",
        "subtype": "bot_message",
        "ts": "1458632373.000026"
    },
    {
        "text": "",
        "bot_id": "B0RDACTPH",
        "mrkdwn": true,
        "attachments": [
            {
                "fallback": "600x337px image",
                "image_url": "https:\/\/trello-attachments.s3.amazonaws.com\/56f0f68c61609b9c4b493401\/600x337\/a75af0031da7a8a6c19a9166a020d958\/upload_3_22_2016_at_6_39_32_PM.png",
                "image_width": 600,
                "image_height": 337,
                "image_bytes": 146974,
                "pretext": "New attachment added to card \"<https:\/\/trello.com\/c\/b0qoFPPj|WIS Application GUI>\"",
                "title": "upload 3\/22\/2016 at 6:39:32 PM.png",
                "id": 1,
                "title_link": "https:\/\/trello-attachments.s3.amazonaws.com\/56f0f68c61609b9c4b493401\/1366x768\/bf0f89f2f7951c653dac27928c60ee6f\/upload_3_22_2016_at_6_39_32_PM.png",
                "color": "8daec2"
            }
        ],
        "type": "message",
        "subtype": "bot_message",
        "ts": "1458632377.000027"
    },
    {
        "text": "",
        "bot_id": "B0RDACTPH",
        "mrkdwn": true,
        "attachments": [
            {
                "fallback": "New card \"<https:\/\/trello.com\/c\/OWxxUFQY|Paper prototype>\" added to list \"<https:\/\/trello.com\/b\/3SNt2z20|Graphics>\"",
                "text": "New card \"<https:\/\/trello.com\/c\/OWxxUFQY|Paper prototype>\" added to list \"<https:\/\/trello.com\/b\/3SNt2z20|Graphics>\"",
                "id": 1,
                "color": "8daec2"
            }
        ],
        "type": "message",
        "subtype": "bot_message",
        "ts": "1458633417.000028"
    },
    {
        "text": "",
        "bot_id": "B0RDACTPH",
        "mrkdwn": true,
        "attachments": [
            {
                "fallback": "New member <https:\/\/trello.com\/joshua812|Joshua> added to card \"<https:\/\/trello.com\/c\/OWxxUFQY|Paper prototype>\"",
                "text": "New member <https:\/\/trello.com\/joshua812|Joshua> added to card \"<https:\/\/trello.com\/c\/OWxxUFQY|Paper prototype>\"",
                "id": 1,
                "color": "8daec2"
            }
        ],
        "type": "message",
        "subtype": "bot_message",
        "ts": "1458633423.000029"
    },
    {
        "text": "",
        "bot_id": "B0RDACTPH",
        "mrkdwn": true,
        "attachments": [
            {
                "fallback": "New member <https:\/\/trello.com\/wolfzimmerman|Wolf Zimmerman> added to card \"<https:\/\/trello.com\/c\/OWxxUFQY|Paper prototype>\"",
                "text": "New member <https:\/\/trello.com\/wolfzimmerman|Wolf Zimmerman> added to card \"<https:\/\/trello.com\/c\/OWxxUFQY|Paper prototype>\"",
                "id": 1,
                "color": "8daec2"
            }
        ],
        "type": "message",
        "subtype": "bot_message",
        "ts": "1458633424.000030"
    },
    {
        "text": "",
        "bot_id": "B0RDACTPH",
        "mrkdwn": true,
        "attachments": [
            {
                "fallback": "New member <https:\/\/trello.com\/abhijeetnair|Abhijeet Nair> added to card \"<https:\/\/trello.com\/c\/OWxxUFQY|Paper prototype>\"",
                "text": "New member <https:\/\/trello.com\/abhijeetnair|Abhijeet Nair> added to card \"<https:\/\/trello.com\/c\/OWxxUFQY|Paper prototype>\"",
                "id": 1,
                "color": "8daec2"
            }
        ],
        "type": "message",
        "subtype": "bot_message",
        "ts": "1458633425.000031"
    },
    {
        "text": "",
        "bot_id": "B0RDACTPH",
        "mrkdwn": true,
        "attachments": [
            {
                "fallback": "New checklist \"<https:\/\/trello.com\/c\/OWxxUFQY|Checklist>\" added to card \"<https:\/\/trello.com\/c\/OWxxUFQY|Paper prototype>\"",
                "text": "New checklist \"<https:\/\/trello.com\/c\/OWxxUFQY|Checklist>\" added to card \"<https:\/\/trello.com\/c\/OWxxUFQY|Paper prototype>\"",
                "id": 1,
                "color": "8daec2"
            }
        ],
        "type": "message",
        "subtype": "bot_message",
        "ts": "1458633431.000032"
    },
    {
        "text": "",
        "bot_id": "B0RDACTPH",
        "mrkdwn": true,
        "attachments": [
            {
                "fallback": "New checklist item \"<https:\/\/trello.com\/c\/OWxxUFQY|Upload the pictures>\" added to card \"<https:\/\/trello.com\/c\/OWxxUFQY|Paper prototype>\"",
                "text": "New checklist item \"<https:\/\/trello.com\/c\/OWxxUFQY|Upload the pictures>\" added to card \"<https:\/\/trello.com\/c\/OWxxUFQY|Paper prototype>\"",
                "id": 1,
                "color": "8daec2"
            }
        ],
        "type": "message",
        "subtype": "bot_message",
        "ts": "1458633440.000033"
    },
    {
        "text": "",
        "bot_id": "B0RDACTPH",
        "mrkdwn": true,
        "attachments": [
            {
                "fallback": "Checklist item \"Upload the pictures\" on card \"<https:\/\/trello.com\/c\/OWxxUFQY|Paper prototype>\" was completed by Joshua",
                "text": "Checklist item \"Upload the pictures\" on card \"<https:\/\/trello.com\/c\/OWxxUFQY|Paper prototype>\" was completed by Joshua",
                "id": 1,
                "color": "8daec2"
            }
        ],
        "type": "message",
        "subtype": "bot_message",
        "ts": "1458633449.000034"
    },
    {
        "text": "",
        "bot_id": "B0RDACTPH",
        "mrkdwn": true,
        "attachments": [
            {
                "fallback": "Checklist item \"Upload the pictures\" on card \"<https:\/\/trello.com\/c\/OWxxUFQY|Paper prototype>\" was marked incomplete by Joshua",
                "text": "Checklist item \"Upload the pictures\" on card \"<https:\/\/trello.com\/c\/OWxxUFQY|Paper prototype>\" was marked incomplete by Joshua",
                "id": 1,
                "color": "8daec2"
            }
        ],
        "type": "message",
        "subtype": "bot_message",
        "ts": "1458633449.000035"
    },
    {
        "text": "",
        "bot_id": "B0RDACTPH",
        "mrkdwn": true,
        "attachments": [
            {
                "fallback": "Checklist item \"Upload the pictures\" on card \"<https:\/\/trello.com\/c\/OWxxUFQY|Paper prototype>\" was completed by Joshua",
                "text": "Checklist item \"Upload the pictures\" on card \"<https:\/\/trello.com\/c\/OWxxUFQY|Paper prototype>\" was completed by Joshua",
                "id": 1,
                "color": "8daec2"
            }
        ],
        "type": "message",
        "subtype": "bot_message",
        "ts": "1458633450.000036"
    },
    {
        "text": "",
        "bot_id": "B0RDACTPH",
        "mrkdwn": true,
        "attachments": [
            {
                "fallback": "Checklist item \"Upload the pictures\" on card \"<https:\/\/trello.com\/c\/OWxxUFQY|Paper prototype>\" was marked incomplete by Joshua",
                "text": "Checklist item \"Upload the pictures\" on card \"<https:\/\/trello.com\/c\/OWxxUFQY|Paper prototype>\" was marked incomplete by Joshua",
                "id": 1,
                "color": "8daec2"
            }
        ],
        "type": "message",
        "subtype": "bot_message",
        "ts": "1458633451.000037"
    }
]