[
    {
        "text": "",
        "bot_id": "B0RDACTPH",
        "mrkdwn": true,
        "attachments": [
            {
                "fallback": "Thanks",
                "text": "Thanks",
                "pretext": "New comment on card \"<https:\/\/trello.com\/c\/3rfZppwz|https:\/\/septgroupteam.slack.com>\" by Joshua",
                "id": 1,
                "color": "8daec2"
            }
        ],
        "type": "message",
        "subtype": "bot_message",
        "ts": "1458026590.000005"
    },
    {
        "text": "",
        "bot_id": "B0RDACTPH",
        "mrkdwn": true,
        "attachments": [
            {
                "fallback": "New card \"<https:\/\/trello.com\/c\/9CTvqcwj|JSON parsing>\" added to list \"<https:\/\/trello.com\/b\/3SNt2z20|Working on>\"",
                "text": "New card \"<https:\/\/trello.com\/c\/9CTvqcwj|JSON parsing>\" added to list \"<https:\/\/trello.com\/b\/3SNt2z20|Working on>\"",
                "id": 1,
                "color": "8daec2"
            }
        ],
        "type": "message",
        "subtype": "bot_message",
        "ts": "1458026668.000006"
    },
    {
        "text": "",
        "bot_id": "B0RDACTPH",
        "mrkdwn": true,
        "attachments": [
            {
                "fallback": "List archived: \"<https:\/\/trello.com\/b\/3SNt2z20|Name of slack domain>\"",
                "text": "List archived: \"<https:\/\/trello.com\/b\/3SNt2z20|Name of slack domain>\"",
                "id": 1,
                "color": "8daec2"
            }
        ],
        "type": "message",
        "subtype": "bot_message",
        "ts": "1458026686.000007"
    },
    {
        "text": "",
        "bot_id": "B0RDACTPH",
        "mrkdwn": true,
        "attachments": [
            {
                "fallback": "*Description:* Sample",
                "text": "*Description:* Sample",
                "pretext": "Card updated \"<https:\/\/trello.com\/c\/ulFbyGYq|Identifying User Stories>\"",
                "id": 1,
                "color": "8daec2",
                "mrkdwn_in": [
                    "text"
                ]
            }
        ],
        "type": "message",
        "subtype": "bot_message",
        "ts": "1458026759.000008"
    },
    {
        "text": "",
        "bot_id": "B0RDACTPH",
        "mrkdwn": true,
        "attachments": [
            {
                "fallback": "New member <https:\/\/trello.com\/wolfzimmerman|Wolf Zimmerman> added to card \"<https:\/\/trello.com\/c\/9CTvqcwj|JSON parsing>\"",
                "text": "New member <https:\/\/trello.com\/wolfzimmerman|Wolf Zimmerman> added to card \"<https:\/\/trello.com\/c\/9CTvqcwj|JSON parsing>\"",
                "id": 1,
                "color": "8daec2"
            }
        ],
        "type": "message",
        "subtype": "bot_message",
        "ts": "1458026774.000009"
    },
    {
        "text": "",
        "bot_id": "B0RDACTPH",
        "mrkdwn": true,
        "attachments": [
            {
                "fallback": "New member <https:\/\/trello.com\/abhijeetnair|Abhijeet Nair> added to card \"<https:\/\/trello.com\/c\/9CTvqcwj|JSON parsing>\"",
                "text": "New member <https:\/\/trello.com\/abhijeetnair|Abhijeet Nair> added to card \"<https:\/\/trello.com\/c\/9CTvqcwj|JSON parsing>\"",
                "id": 1,
                "color": "8daec2"
            }
        ],
        "type": "message",
        "subtype": "bot_message",
        "ts": "1458026777.000010"
    },
    {
        "text": "",
        "bot_id": "B0RDACTPH",
        "mrkdwn": true,
        "attachments": [
            {
                "fallback": "*Due Date:* Due <!date^1458694800^{date_pretty} at {time}|Mar 23, 2016 at 1:00am UTC>",
                "text": "*Due Date:* Due <!date^1458694800^{date_pretty} at {time}|Mar 23, 2016 at 1:00am UTC>",
                "pretext": "Card updated \"<https:\/\/trello.com\/c\/9CTvqcwj|JSON parsing>\"",
                "id": 1,
                "color": "8daec2",
                "mrkdwn_in": [
                    "text"
                ]
            }
        ],
        "type": "message",
        "subtype": "bot_message",
        "ts": "1458026812.000011"
    },
    {
        "text": "",
        "bot_id": "B0RDACTPH",
        "mrkdwn": true,
        "attachments": [
            {
                "fallback": "Card moved: \"<https:\/\/trello.com\/c\/9CTvqcwj|JSON parsing>\" from list \"Working on\" to list \"Project Backlog\"",
                "text": "Card moved: \"<https:\/\/trello.com\/c\/9CTvqcwj|JSON parsing>\" from list \"Working on\" to list \"Project Backlog\"",
                "id": 1,
                "color": "8daec2",
                "mrkdwn_in": [
                    "text"
                ]
            }
        ],
        "type": "message",
        "subtype": "bot_message",
        "ts": "1458026895.000012"
    },
    {
        "text": "",
        "bot_id": "B0RDACTPH",
        "mrkdwn": true,
        "attachments": [
            {
                "fallback": "Card moved: \"<https:\/\/trello.com\/c\/9CTvqcwj|JSON parsing>\" from list \"Project Backlog\" to list \"Working on\"",
                "text": "Card moved: \"<https:\/\/trello.com\/c\/9CTvqcwj|JSON parsing>\" from list \"Project Backlog\" to list \"Working on\"",
                "id": 1,
                "color": "8daec2",
                "mrkdwn_in": [
                    "text"
                ]
            }
        ],
        "type": "message",
        "subtype": "bot_message",
        "ts": "1458098355.000002"
    },
    {
        "text": "",
        "bot_id": "B0RDACTPH",
        "mrkdwn": true,
        "attachments": [
            {
                "fallback": "Creating a weather class to be interface for all weather data\n",
                "text": "Creating a weather class to be interface for all weather data\n",
                "pretext": "New comment on card \"<https:\/\/trello.com\/c\/9CTvqcwj|JSON parsing>\" by Wolf Zimmerman",
                "id": 1,
                "color": "8daec2"
            }
        ],
        "type": "message",
        "subtype": "bot_message",
        "ts": "1458098397.000003"
    },
    {
        "text": "",
        "bot_id": "B0RDACTPH",
        "mrkdwn": true,
        "attachments": [
            {
                "fallback": "New card \"<https:\/\/trello.com\/c\/z1uUAjFP|Allow users to select weather stations>\" added to list \"<https:\/\/trello.com\/b\/3SNt2z20|Project Backlog>\"",
                "text": "New card \"<https:\/\/trello.com\/c\/z1uUAjFP|Allow users to select weather stations>\" added to list \"<https:\/\/trello.com\/b\/3SNt2z20|Project Backlog>\"",
                "id": 1,
                "color": "8daec2"
            }
        ],
        "type": "message",
        "subtype": "bot_message",
        "ts": "1458107480.000004"
    },
    {
        "text": "",
        "bot_id": "B0RDACTPH",
        "mrkdwn": true,
        "attachments": [
            {
                "fallback": "New card \"<https:\/\/trello.com\/c\/ASrbLbPS|Data charts>\" added to list \"<https:\/\/trello.com\/b\/3SNt2z20|Project Backlog>\"",
                "text": "New card \"<https:\/\/trello.com\/c\/ASrbLbPS|Data charts>\" added to list \"<https:\/\/trello.com\/b\/3SNt2z20|Project Backlog>\"",
                "id": 1,
                "color": "8daec2"
            }
        ],
        "type": "message",
        "subtype": "bot_message",
        "ts": "1458107493.000005"
    },
    {
        "text": "",
        "bot_id": "B0RDACTPH",
        "mrkdwn": true,
        "attachments": [
            {
                "fallback": "New card \"<https:\/\/trello.com\/c\/CNHPUM7g|Saving favorite weather stations>\" added to list \"<https:\/\/trello.com\/b\/3SNt2z20|Project Backlog>\"",
                "text": "New card \"<https:\/\/trello.com\/c\/CNHPUM7g|Saving favorite weather stations>\" added to list \"<https:\/\/trello.com\/b\/3SNt2z20|Project Backlog>\"",
                "id": 1,
                "color": "8daec2"
            }
        ],
        "type": "message",
        "subtype": "bot_message",
        "ts": "1458107507.000006"
    },
    {
        "text": "",
        "bot_id": "B0RDACTPH",
        "mrkdwn": true,
        "attachments": [
            {
                "fallback": "New card \"<https:\/\/trello.com\/c\/5LGww7wy|Temperature history>\" added to list \"<https:\/\/trello.com\/b\/3SNt2z20|Project Backlog>\"",
                "text": "New card \"<https:\/\/trello.com\/c\/5LGww7wy|Temperature history>\" added to list \"<https:\/\/trello.com\/b\/3SNt2z20|Project Backlog>\"",
                "id": 1,
                "color": "8daec2"
            }
        ],
        "type": "message",
        "subtype": "bot_message",
        "ts": "1458107557.000007"
    },
    {
        "text": "",
        "bot_id": "B0RDACTPH",
        "mrkdwn": true,
        "attachments": [
            {
                "fallback": "New card \"<https:\/\/trello.com\/c\/9MC73Ndn|Max and min temp>\" added to list \"<https:\/\/trello.com\/b\/3SNt2z20|Project Backlog>\"",
                "text": "New card \"<https:\/\/trello.com\/c\/9MC73Ndn|Max and min temp>\" added to list \"<https:\/\/trello.com\/b\/3SNt2z20|Project Backlog>\"",
                "id": 1,
                "color": "8daec2"
            }
        ],
        "type": "message",
        "subtype": "bot_message",
        "ts": "1458107572.000008"
    },
    {
        "text": "",
        "bot_id": "B0RDACTPH",
        "mrkdwn": true,
        "attachments": [
            {
                "fallback": "New card \"<https:\/\/trello.com\/c\/KKhDiEkH|Data refresh manually and in background>\" added to list \"<https:\/\/trello.com\/b\/3SNt2z20|Project Backlog>\"",
                "text": "New card \"<https:\/\/trello.com\/c\/KKhDiEkH|Data refresh manually and in background>\" added to list \"<https:\/\/trello.com\/b\/3SNt2z20|Project Backlog>\"",
                "id": 1,
                "color": "8daec2"
            }
        ],
        "type": "message",
        "subtype": "bot_message",
        "ts": "1458107599.000009"
    },
    {
        "text": "",
        "bot_id": "B0RDACTPH",
        "mrkdwn": true,
        "attachments": [
            {
                "fallback": "New card \"<https:\/\/trello.com\/c\/IBNydZi8|Window management>\" added to list \"<https:\/\/trello.com\/b\/3SNt2z20|Project Backlog>\"",
                "text": "New card \"<https:\/\/trello.com\/c\/IBNydZi8|Window management>\" added to list \"<https:\/\/trello.com\/b\/3SNt2z20|Project Backlog>\"",
                "id": 1,
                "color": "8daec2"
            }
        ],
        "type": "message",
        "subtype": "bot_message",
        "ts": "1458107608.000010"
    }
]