[
    {
        "text": "",
        "bot_id": "B0RDACTPH",
        "mrkdwn": true,
        "attachments": [
            {
                "fallback": "New card \"<https:\/\/trello.com\/c\/4o9Ke2QX|Create hashmap for the area>\" added to list \"<https:\/\/trello.com\/b\/3SNt2z20|Sprint Backlog>\"",
                "text": "New card \"<https:\/\/trello.com\/c\/4o9Ke2QX|Create hashmap for the area>\" added to list \"<https:\/\/trello.com\/b\/3SNt2z20|Sprint Backlog>\"",
                "id": 1,
                "color": "8daec2"
            }
        ],
        "type": "message",
        "subtype": "bot_message",
        "ts": "1460017716.000002"
    },
    {
        "text": "",
        "bot_id": "B0RDACTPH",
        "mrkdwn": true,
        "attachments": [
            {
                "fallback": "New card \"<https:\/\/trello.com\/c\/AW58bVPg|Fix weather station initial loading for speed of basic data access EG name>\" added to list \"<https:\/\/trello.com\/b\/3SNt2z20|Sprint Backlog>\"",
                "text": "New card \"<https:\/\/trello.com\/c\/AW58bVPg|Fix weather station initial loading for speed of basic data access EG name>\" added to list \"<https:\/\/trello.com\/b\/3SNt2z20|Sprint Backlog>\"",
                "id": 1,
                "color": "8daec2"
            }
        ],
        "type": "message",
        "subtype": "bot_message",
        "ts": "1460017762.000003"
    },
    {
        "text": "",
        "bot_id": "B0RDACTPH",
        "mrkdwn": true,
        "attachments": [
            {
                "fallback": "New card \"<https:\/\/trello.com\/c\/jHCPzjEE|Asynchronous or threaded data loading and gui>\" added to list \"<https:\/\/trello.com\/b\/3SNt2z20|Sprint Backlog>\"",
                "text": "New card \"<https:\/\/trello.com\/c\/jHCPzjEE|Asynchronous or threaded data loading and gui>\" added to list \"<https:\/\/trello.com\/b\/3SNt2z20|Sprint Backlog>\"",
                "id": 1,
                "color": "8daec2"
            }
        ],
        "type": "message",
        "subtype": "bot_message",
        "ts": "1460017788.000004"
    }
]