[
    {
        "text": "",
        "bot_id": "B0RDACTPH",
        "mrkdwn": true,
        "attachments": [
            {
                "fallback": "New card \"<https:\/\/trello.com\/c\/ulFbyGYq|Identifying User Stories>\" added to list \"<https:\/\/trello.com\/b\/3SNt2z20|Working on>\"",
                "text": "New card \"<https:\/\/trello.com\/c\/ulFbyGYq|Identifying User Stories>\" added to list \"<https:\/\/trello.com\/b\/3SNt2z20|Working on>\"",
                "id": 1,
                "color": "8daec2"
            }
        ],
        "type": "message",
        "subtype": "bot_message",
        "ts": "1457931758.000002"
    },
    {
        "text": "",
        "bot_id": "B0RDACTPH",
        "mrkdwn": true,
        "attachments": [
            {
                "fallback": "New card \"<https:\/\/trello.com\/c\/nNSEFUeH|Creating Class Diagram>\" added to list \"<https:\/\/trello.com\/b\/3SNt2z20|Working on>\"",
                "text": "New card \"<https:\/\/trello.com\/c\/nNSEFUeH|Creating Class Diagram>\" added to list \"<https:\/\/trello.com\/b\/3SNt2z20|Working on>\"",
                "id": 1,
                "color": "8daec2"
            }
        ],
        "type": "message",
        "subtype": "bot_message",
        "ts": "1457931765.000003"
    }
]