[
    {
        "text": "",
        "bot_id": "B0RDACTPH",
        "mrkdwn": true,
        "attachments": [
            {
                "fallback": "New card \"<https:\/\/trello.com\/c\/7hB8FWTG|Component Diagram>\" added to list \"<https:\/\/trello.com\/b\/3SNt2z20|Temp. To-Do List>\"",
                "text": "New card \"<https:\/\/trello.com\/c\/7hB8FWTG|Component Diagram>\" added to list \"<https:\/\/trello.com\/b\/3SNt2z20|Temp. To-Do List>\"",
                "id": 1,
                "color": "8daec2"
            }
        ],
        "type": "message",
        "subtype": "bot_message",
        "ts": "1460448868.000002"
    },
    {
        "text": "",
        "bot_id": "B0RDACTPH",
        "mrkdwn": true,
        "attachments": [
            {
                "fallback": "New card \"<https:\/\/trello.com\/c\/TLs1cl4b|Sequence Diagram>\" added to list \"<https:\/\/trello.com\/b\/3SNt2z20|Temp. To-Do List>\"",
                "text": "New card \"<https:\/\/trello.com\/c\/TLs1cl4b|Sequence Diagram>\" added to list \"<https:\/\/trello.com\/b\/3SNt2z20|Temp. To-Do List>\"",
                "id": 1,
                "color": "8daec2"
            }
        ],
        "type": "message",
        "subtype": "bot_message",
        "ts": "1460448873.000003"
    },
    {
        "user": "U0ZTCA30C",
        "type": "message",
        "subtype": "channel_join",
        "text": "<@U0ZTCA30C|adityajagtap> has joined the channel",
        "ts": "1460451825.000004"
    },
    {
        "text": "",
        "bot_id": "B0RDACTPH",
        "mrkdwn": true,
        "attachments": [
            {
                "fallback": "New card \"<https:\/\/trello.com\/c\/Q9HvDRiQ|aditya.jagtap@rmit.edu.au>\" added to list \"<https:\/\/trello.com\/b\/3SNt2z20|General project finished tasks>\"",
                "text": "New card \"<https:\/\/trello.com\/c\/Q9HvDRiQ|aditya.jagtap@rmit.edu.au>\" added to list \"<https:\/\/trello.com\/b\/3SNt2z20|General project finished tasks>\"",
                "id": 1,
                "color": "8daec2"
            }
        ],
        "type": "message",
        "subtype": "bot_message",
        "ts": "1460451834.000005"
    },
    {
        "text": "",
        "bot_id": "B0RDACTPH",
        "mrkdwn": true,
        "attachments": [
            {
                "fallback": "New member <https:\/\/trello.com\/adityajagtap4|Aditya Jagtap> added to board \"<https:\/\/trello.com\/b\/3SNt2z20|SEPT Assignment 01>\"",
                "text": "New member <https:\/\/trello.com\/adityajagtap4|Aditya Jagtap> added to board \"<https:\/\/trello.com\/b\/3SNt2z20|SEPT Assignment 01>\"",
                "id": 1,
                "color": "8daec2"
            }
        ],
        "type": "message",
        "subtype": "bot_message",
        "ts": "1460452036.000006"
    },
    {
        "text": "",
        "bot_id": "B0RDACTPH",
        "mrkdwn": true,
        "attachments": [
            {
                "fallback": "Done",
                "text": "Done",
                "pretext": "New comment on card \"<https:\/\/trello.com\/c\/7hB8FWTG|Component Diagram>\" by Joshua",
                "id": 1,
                "color": "8daec2"
            }
        ],
        "type": "message",
        "subtype": "bot_message",
        "ts": "1460452198.000007"
    }
]