[
    {
        "user": "U0R46MR7W",
        "type": "message",
        "subtype": "channel_join",
        "text": "<@U0R46MR7W|wolfzimmermann> has joined the channel",
        "ts": "1457420132.862379"
    },
    {
        "user": "U0R4CQRK9",
        "type": "message",
        "subtype": "channel_join",
        "text": "<@U0R4CQRK9|joshua> has joined the channel",
        "ts": "1457420339.000002"
    },
    {
        "user": "U0R4EM6QN",
        "type": "message",
        "subtype": "channel_join",
        "text": "<@U0R4EM6QN|jeet> has joined the channel",
        "ts": "1457420468.000003"
    },
    {
        "user": "U0R4D9RM5",
        "type": "message",
        "subtype": "channel_join",
        "text": "<@U0R4D9RM5|sarah-giapitzakis> has joined the channel",
        "ts": "1457420554.000004"
    },
    {
        "type": "message",
        "user": "U0R4CQRK9",
        "text": "test 2",
        "ts": "1457420727.000005"
    },
    {
        "type": "message",
        "subtype": "file_share",
        "text": "<@U0R46MR7W|wolfzimmermann> shared a file: <https:\/\/septgroupteam.slack.com\/files\/wolfzimmermann\/F0R486YHF\/Test_Post|Test Post>",
        "file": {
            "id": "F0R486YHF",
            "created": 1457422942,
            "timestamp": 1457422994,
            "name": "Test_Post",
            "title": "Test Post",
            "mimetype": "text\/plain",
            "filetype": "space",
            "pretty_type": "Post",
            "user": "U0R46MR7W",
            "editable": true,
            "size": 78,
            "mode": "space",
            "is_external": false,
            "external_type": "",
            "is_public": true,
            "public_url_shared": false,
            "display_as_bot": false,
            "username": "",
            "url_private": "https:\/\/files.slack.com\/files-pri\/T0R416NJU-F0R486YHF\/Test_Post?t=xoxe-25137226640-35377186839-35369919062-b50fb9a462",
            "url_private_download": "https:\/\/files.slack.com\/files-pri\/T0R416NJU-F0R486YHF\/download\/Test_Post?t=xoxe-25137226640-35377186839-35369919062-b50fb9a462",
            "permalink": "https:\/\/septgroupteam.slack.com\/files\/wolfzimmermann\/F0R486YHF\/Test_Post",
            "permalink_public": "https:\/\/slack-files.com\/T0R416NJU-F0R486YHF-077f2aff24",
            "preview": "<document><p>Hello<\/p><\/document>",
            "updated": 1457422994,
            "editor": "U0R46MR7W",
            "last_editor": "U0R46MR7W",
            "state": "locked",
            "channels": [
                "C0R4A8NBF"
            ],
            "groups": [
    
            ],
            "ims": [
    
            ],
            "comments_count": 1
        },
        "user": "U0R46MR7W",
        "upload": false,
        "display_as_bot": false,
        "username": "<@U0R46MR7W|wolfzimmermann>",
        "bot_id": null,
        "ts": "1457422970.000006"
    },
    {
        "type": "message",
        "subtype": "file_comment",
        "text": "<@U0R4CQRK9|joshua> commented on <@U0R46MR7W|wolfzimmermann>'s file <https:\/\/septgroupteam.slack.com\/files\/wolfzimmermann\/F0R486YHF\/Test_Post|Test Post>: k",
        "file": {
            "id": "F0R486YHF",
            "created": 1457422942,
            "timestamp": 1457422994,
            "name": "Test_Post",
            "title": "Test Post",
            "mimetype": "text\/plain",
            "filetype": "space",
            "pretty_type": "Post",
            "user": "U0R46MR7W",
            "editable": true,
            "size": 78,
            "mode": "space",
            "is_external": false,
            "external_type": "",
            "is_public": true,
            "public_url_shared": false,
            "display_as_bot": false,
            "username": "",
            "url_private": "https:\/\/files.slack.com\/files-pri\/T0R416NJU-F0R486YHF\/Test_Post?t=xoxe-25137226640-35377186839-35369919062-b50fb9a462",
            "url_private_download": "https:\/\/files.slack.com\/files-pri\/T0R416NJU-F0R486YHF\/download\/Test_Post?t=xoxe-25137226640-35377186839-35369919062-b50fb9a462",
            "permalink": "https:\/\/septgroupteam.slack.com\/files\/wolfzimmermann\/F0R486YHF\/Test_Post",
            "permalink_public": "https:\/\/slack-files.com\/T0R416NJU-F0R486YHF-077f2aff24",
            "preview": "<document><p>Hello<\/p><\/document>",
            "updated": 1457422994,
            "editor": "U0R46MR7W",
            "last_editor": "U0R46MR7W",
            "state": "locked",
            "channels": [
                "C0R4A8NBF"
            ],
            "groups": [
    
            ],
            "ims": [
    
            ],
            "comments_count": 1
        },
        "comment": {
            "id": "Fc0R4CMBS8",
            "created": 1457422994,
            "timestamp": 1457422994,
            "user": "U0R4CQRK9",
            "comment": "k",
            "reactions": [
                {
                    "name": "100",
                    "users": [
                        "U0R46MR7W"
                    ],
                    "count": 1
                }
            ]
        },
        "ts": "1457422994.000007"
    },
    {
        "type": "message",
        "user": "U0R46MR7W",
        "text": "hi",
        "ts": "1457423139.000009"
    },
    {
        "type": "message",
        "user": "USLACKBOT",
        "text": "Hello",
        "ts": "1457423139.000010"
    },
    {
        "type": "message",
        "user": "U0R46MR7W",
        "text": "hi",
        "ts": "1457423146.000011"
    },
    {
        "type": "message",
        "user": "USLACKBOT",
        "text": "Hello",
        "ts": "1457423146.000012"
    },
    {
        "type": "message",
        "user": "U0R46MR7W",
        "text": "hi",
        "ts": "1457423148.000013"
    },
    {
        "type": "message",
        "user": "USLACKBOT",
        "text": "Hello",
        "ts": "1457423148.000014"
    },
    {
        "type": "message",
        "user": "U0R46MR7W",
        "text": "hi",
        "ts": "1457423148.000015"
    },
    {
        "type": "message",
        "user": "USLACKBOT",
        "text": "Hello",
        "ts": "1457423149.000016"
    },
    {
        "type": "message",
        "user": "U0R46MR7W",
        "text": "hihi",
        "ts": "1457423150.000017"
    },
    {
        "type": "message",
        "user": "U0R46MR7W",
        "text": "hi",
        "ts": "1457423152.000018"
    },
    {
        "type": "message",
        "user": "USLACKBOT",
        "text": "Hello",
        "ts": "1457423152.000019"
    }
]