[
    {
        "type": "message",
        "user": "U0R46MR7W",
        "text": "\/todo setup todo",
        "ts": "1457486404.000003"
    },
    {
        "text": ":+1: Task added! - Type `\/todo list` to view them all.",
        "bot_id": "B0RCTFN69",
        "type": "message",
        "subtype": "bot_message",
        "ts": "1457486404.000004"
    },
    {
        "type": "message",
        "user": "U0R46MR7W",
        "text": "\/todo list",
        "ts": "1457486415.000005"
    },
    {
        "text": "<#C0R4A8NBF> to-do list",
        "bot_id": "B0RCTFN69",
        "attachments": [
            {
                "fallback": "1) setup todo",
                "text": "1) setup todo",
                "id": 1
            },
            {
                "text": "_Type `\/todo help` to learn how to manage the list_",
                "id": 2,
                "mrkdwn_in": [
                    "text"
                ]
            }
        ],
        "type": "message",
        "subtype": "bot_message",
        "ts": "1457486415.000006"
    },
    {
        "type": "message",
        "user": "U0R46MR7W",
        "text": "\/todo\n\/todo prepare client proposal Adds \"prepare client proposal\" to the channel to-do list.\n\/todo name Marketing Tasks Changes the to-do list name to \"Marketing Tasks\u201d.\n\/todo list Shows the to-do list of the channel\n\/todo done 1 Marks task number 1 as done.\n\/todo assign 1 @johnsmith Adds \"@johnsmith\" to the task number 1.\n\/todo feedback awesome app Sends \"awesome app\" to us - Help us make \/todo better.\n\/todo help Lists available commands.\n\/mytodo\n\/mytodo call John Smith Adds \"call John Smith\" to your to-do List.\n\/mytodo list Lists all the pending tasks in your to-do list.\n\/mytodo done 1 Marks task number 1 as done.\n\/mytodo feedback great app Sends \"great app\" to us - Help us make \/todo better.\n\/mytodo help Lists available commands.",
        "ts": "1457486459.000007"
    },
    {
        "text": "*test*\n\n:one: \"Hello\"\"Hi\"\n",
        "username": "Simple Poll",
        "bot_id": "B0RCY6KLM",
        "icons": {
            "image_48": "https:\/\/s3-us-west-2.amazonaws.com\/slack-files2\/bot_icons\/2016-03-09\/25390471427_48.png"
        },
        "type": "message",
        "subtype": "bot_message",
        "ts": "1457487961.000009"
    },
    {
        "text": "*test*\n\n:one: hi\n:two: hello\n",
        "username": "Simple Poll",
        "bot_id": "B0RCY6KLM",
        "icons": {
            "image_48": "https:\/\/s3-us-west-2.amazonaws.com\/slack-files2\/bot_icons\/2016-03-09\/25390471427_48.png"
        },
        "type": "message",
        "subtype": "bot_message",
        "ts": "1457487995.000010"
    },
    {
        "text": "*test*\n\n:one: a\n:two: b\n",
        "username": "Simple Poll",
        "bot_id": "B0RCY6KLM",
        "icons": {
            "image_48": "https:\/\/s3-us-west-2.amazonaws.com\/slack-files2\/bot_icons\/2016-03-09\/25390471427_48.png"
        },
        "type": "message",
        "subtype": "bot_message",
        "ts": "1457488196.000012"
    },
    {
        "user": "U0RD4DJP3",
        "inviter": "U0R46MR7W",
        "type": "message",
        "subtype": "channel_join",
        "text": "<@U0RD4DJP3|subcurrent> has joined the channel",
        "ts": "1457488375.000014"
    },
    {
        "type": "message",
        "user": "U0RD4DJP3",
        "text": "<@U0R46MR7W|wolfzimmermann> used `\/poll`!\nVote using the emoji reactions below. View results <https:\/\/www.getsubcurrent.com\/slackvote\/JpadPZtTFZPSaB5Nk|in your browser>",
        "attachments": [
            {
                "title": "Lunch Order?",
                "fallback": "Lunch Order?",
                "color": "#008cba",
                "text": "Total Votes: 2",
                "fields": [
                    {
                        "value": "\n",
                        "short": false
                    },
                    {
                        "value": ":one: Pizza\n   :hear_no_evil:  0%",
                        "short": false
                    },
                    {
                        "value": ":two: Burgers\n   :thumbsup::thumbsup::thumbsup::thumbsup::thumbsup:  50%",
                        "short": false
                    },
                    {
                        "value": ":three: Tacos\n   :thumbsup::thumbsup::thumbsup::thumbsup::thumbsup:  50%",
                        "short": false
                    }
                ]
            }
        ],
        "edited": {
            "user": "U0RD4DJP3",
            "ts": "1457735644.000000"
        },
        "ts": "1457488392.000015",
        "reactions": [
            {
                "name": "one",
                "users": [
                    "U0RD4DJP3"
                ],
                "count": 1
            },
            {
                "name": "two",
                "users": [
                    "U0RD4DJP3"
                ],
                "count": 1
            },
            {
                "name": "three",
                "users": [
                    "U0RD4DJP3"
                ],
                "count": 1
            }
        ]
    }
]