[
    {
        "type": "message",
        "subtype": "file_share",
        "text": "<@U0R4EM6QN|jeet> uploaded a file: <https:\/\/septgroupteam.slack.com\/files\/jeet\/F0YMBQ7D3\/sept_ass2_integrated.zip|SEF integrated>",
        "file": {
            "id": "F0YMBQ7D3",
            "created": 1460014776,
            "timestamp": 1460014776,
            "name": "SEPT_ASS2_Integrated.zip",
            "title": "SEF integrated",
            "mimetype": "application\/zip",
            "filetype": "zip",
            "pretty_type": "Zip",
            "user": "U0R4EM6QN",
            "editable": false,
            "size": 4808020,
            "mode": "hosted",
            "is_external": false,
            "external_type": "",
            "is_public": true,
            "public_url_shared": false,
            "display_as_bot": false,
            "username": "",
            "url_private": "https:\/\/files.slack.com\/files-pri\/T0R416NJU-F0YMBQ7D3\/sept_ass2_integrated.zip?t=xoxe-25137226640-35377186839-35369919062-b50fb9a462",
            "url_private_download": "https:\/\/files.slack.com\/files-pri\/T0R416NJU-F0YMBQ7D3\/download\/sept_ass2_integrated.zip?t=xoxe-25137226640-35377186839-35369919062-b50fb9a462",
            "permalink": "https:\/\/septgroupteam.slack.com\/files\/jeet\/F0YMBQ7D3\/sept_ass2_integrated.zip",
            "permalink_public": "https:\/\/slack-files.com\/T0R416NJU-F0YMBQ7D3-8056502c86",
            "channels": [
                "C0R4C5BBL"
            ],
            "groups": [
    
            ],
            "ims": [
    
            ],
            "comments_count": 0
        },
        "user": "U0R4EM6QN",
        "upload": true,
        "display_as_bot": false,
        "username": "<@U0R4EM6QN|jeet>",
        "bot_id": null,
        "ts": "1460014777.000002"
    },
    {
        "type": "message",
        "user": "U0R4EM6QN",
        "text": "I have integrated the two files",
        "ts": "1460014789.000003"
    },
    {
        "type": "message",
        "user": "U0R4EM6QN",
        "text": "Two programms",
        "ts": "1460014921.000004"
    },
    {
        "type": "message",
        "user": "U0R4EM6QN",
        "text": "However have issues since the GUI freezes",
        "ts": "1460014932.000005"
    },
    {
        "type": "message",
        "user": "U0R4EM6QN",
        "text": "Also we must note that there are  alot of points for stuff other than the functional requirements of the program",
        "ts": "1460028368.000006"
    },
    {
        "type": "message",
        "user": "U0R4EM6QN",
        "text": "i reckoon someome of us must look into that while the code fixing is being done",
        "ts": "1460028394.000007"
    },
    {
        "type": "message",
        "user": "U0R4EM6QN",
        "text": "The detailed outline on how we are going to get marked is upload under assignments on blackboard",
        "ts": "1460028420.000008"
    },
    {
        "type": "message",
        "user": "U0R4EM6QN",
        "text": "so guys make sure we have that otherwise it will cost us a lot of marks even though we have the program running",
        "ts": "1460028446.000009"
    },
    {
        "type": "message",
        "user": "U0R4EM6QN",
        "text": "infact for the program only 30 marks are allocated out of 100",
        "ts": "1460028461.000010"
    },
    {
        "type": "message",
        "user": "U0R46MR7W",
        "text": "we should have a meeting on slack or at uni to clear up the tasks",
        "ts": "1460029147.000011"
    },
    {
        "type": "message",
        "user": "U0R46MR7W",
        "text": "what days work for everyone?",
        "ts": "1460029158.000012"
    },
    {
        "user": "U0RD4DJP3",
        "inviter": "U0R46MR7W",
        "type": "message",
        "subtype": "channel_join",
        "text": "<@U0RD4DJP3|subcurrent> has joined the channel",
        "ts": "1460029222.000014"
    },
    {
        "type": "message",
        "user": "U0RD4DJP3",
        "text": "<@U0R46MR7W|wolfzimmermann> used `\/poll`!\nVote using the emoji reactions below. View results <https:\/\/www.getsubcurrent.com\/slackvote\/edkuyPczE4jnd8uwd|in your browser>",
        "attachments": [
            {
                "fallback": "meeting day?",
                "text": "Total Votes: 4",
                "title": "meeting day?",
                "id": 1,
                "color": "008cba",
                "fields": [
                    {
                        "title": "",
                        "value": "\n",
                        "short": false
                    },
                    {
                        "title": "",
                        "value": ":one: Monday\n   :thumbsup::thumbsup::thumbsup:  25%",
                        "short": false
                    },
                    {
                        "title": "",
                        "value": ":two: Tuesday\n   :hear_no_evil:  0%",
                        "short": false
                    },
                    {
                        "title": "",
                        "value": ":three: Wednesday\n   :thumbsup::thumbsup::thumbsup:  25%",
                        "short": false
                    },
                    {
                        "title": "",
                        "value": ":four: Thursday\n   :see_no_evil:  0%",
                        "short": false
                    },
                    {
                        "title": "",
                        "value": ":five: Friday\n   :thumbsup::thumbsup::thumbsup::thumbsup::thumbsup:  50%",
                        "short": false
                    },
                    {
                        "title": "",
                        "value": ":six: Sunday\n   :hear_no_evil:  0%",
                        "short": false
                    },
                    {
                        "title": "",
                        "value": ":seven: Saturday\n   :hear_no_evil:  0%",
                        "short": false
                    }
                ]
            }
        ],
        "edited": {
            "user": "U0RD4DJP3",
            "ts": "1460029492.000000"
        },
        "ts": "1460029306.000015",
        "reactions": [
            {
                "name": "one",
                "users": [
                    "U0RD4DJP3",
                    "U0R46MR7W"
                ],
                "count": 2
            },
            {
                "name": "two",
                "users": [
                    "U0RD4DJP3"
                ],
                "count": 1
            },
            {
                "name": "three",
                "users": [
                    "U0RD4DJP3",
                    "U0R46MR7W"
                ],
                "count": 2
            },
            {
                "name": "four",
                "users": [
                    "U0RD4DJP3"
                ],
                "count": 1
            },
            {
                "name": "five",
                "users": [
                    "U0RD4DJP3",
                    "U0R46MR7W",
                    "U0R4EM6QN"
                ],
                "count": 3
            },
            {
                "name": "six",
                "users": [
                    "U0RD4DJP3"
                ],
                "count": 1
            },
            {
                "name": "seven",
                "users": [
                    "U0RD4DJP3"
                ],
                "count": 1
            }
        ]
    },
    {
        "type": "message",
        "user": "U0R4EM6QN",
        "text": "We are meeting tommorrow",
        "ts": "1460029500.000020"
    },
    {
        "type": "message",
        "user": "U0R4EM6QN",
        "text": "to clear up tasks",
        "ts": "1460029507.000021"
    },
    {
        "type": "message",
        "user": "U0R46MR7W",
        "text": "Okay I can in the afternoon",
        "ts": "1460029566.000022"
    },
    {
        "type": "message",
        "user": "U0R46MR7W",
        "text": "got github working ?",
        "ts": "1460029588.000023"
    },
    {
        "type": "message",
        "user": "U0R4EM6QN",
        "text": "Yup before 1:30",
        "ts": "1460029595.000024"
    },
    {
        "type": "message",
        "user": "U0R4EM6QN",
        "text": "Nope i am busy doing something els",
        "ts": "1460029607.000025"
    },
    {
        "type": "message",
        "user": "U0R4EM6QN",
        "text": "will do that tom",
        "ts": "1460029614.000026"
    },
    {
        "type": "message",
        "user": "U0R4EM6QN",
        "text": "when we meet",
        "ts": "1460029618.000027"
    },
    {
        "type": "message",
        "user": "U0R46MR7W",
        "text": "okay I have work until after 2",
        "ts": "1460029628.000028"
    },
    {
        "type": "message",
        "user": "U0R4EM6QN",
        "text": "afer 4:30",
        "ts": "1460029645.000029"
    },
    {
        "type": "message",
        "user": "U0R4EM6QN",
        "text": "5 ish",
        "ts": "1460029654.000030"
    },
    {
        "type": "message",
        "user": "U0R4EM6QN",
        "text": "?",
        "ts": "1460029656.000031"
    },
    {
        "type": "message",
        "user": "U0R46MR7W",
        "text": "yeah if everyone else can make it or we just do it on slack",
        "ts": "1460029690.000032"
    },
    {
        "type": "message",
        "user": "U0R4D9RM5",
        "text": "I'm home all day so whatever time will suit me",
        "ts": "1460029709.000033"
    },
    {
        "type": "message",
        "user": "U0R4EM6QN",
        "text": "i would have thought it would be nice to meet",
        "ts": "1460029769.000034"
    },
    {
        "type": "message",
        "user": "U0R4EM6QN",
        "text": "face to face",
        "ts": "1460029771.000035"
    },
    {
        "type": "message",
        "user": "U0R4EM6QN",
        "text": "but whatever suits the best",
        "ts": "1460029792.000036"
    },
    {
        "type": "message",
        "user": "U0R46MR7W",
        "text": "One benefit of slack is we have a record I guess",
        "ts": "1460029815.000037"
    },
    {
        "type": "message",
        "user": "U0R4EM6QN",
        "text": "Yea  but  that doesnt matter if we get all out hings right",
        "ts": "1460029946.000038"
    },
    {
        "type": "message",
        "user": "U0R4EM6QN",
        "text": "things",
        "ts": "1460029949.000039"
    },
    {
        "type": "message",
        "user": "U0R46MR7W",
        "text": "haha yeah but we just need to assign tasks again. assignment is due on 18th right?",
        "ts": "1460030050.000040"
    },
    {
        "type": "message",
        "user": "U0R4EM6QN",
        "text": "yep buts that not too far and i am freaking out looking at the stuff he was saying",
        "ts": "1460030097.000041"
    },
    {
        "type": "message",
        "user": "U0R4EM6QN",
        "text": "looked like a lot",
        "ts": "1460030101.000042"
    },
    {
        "type": "message",
        "user": "U0R4EM6QN",
        "text": "unit tests",
        "ts": "1460030103.000043"
    },
    {
        "type": "message",
        "user": "U0R4EM6QN",
        "text": "documentation",
        "ts": "1460030106.000044"
    },
    {
        "type": "message",
        "user": "U0R4EM6QN",
        "text": "Source code documentation javadocs",
        "ts": "1460030127.000045"
    },
    {
        "type": "message",
        "user": "U0R4EM6QN",
        "text": "i ve never done those stuff in my life",
        "ts": "1460030139.000046"
    },
    {
        "type": "message",
        "user": "U0R4EM6QN",
        "text": "Also dont forget code quality has a lot of marks",
        "ts": "1460030156.000047"
    },
    {
        "type": "message",
        "user": "U0R4EM6QN",
        "text": "so  smart allocation is the key",
        "ts": "1460030162.000048"
    },
    {
        "type": "message",
        "user": "U0R4EM6QN",
        "text": "We have shit everywhere also",
        "ts": "1460030195.000049"
    },
    {
        "type": "message",
        "user": "U0R4EM6QN",
        "text": "functionalities need to be rethought",
        "ts": "1460030207.000050"
    },
    {
        "type": "message",
        "user": "U0R46MR7W",
        "text": "We need to get the code updated and then we can start on that. Ill have a look at trying to get the zip you uploaded into git",
        "ts": "1460030407.000051"
    },
    {
        "type": "message",
        "user": "U0R4EM6QN",
        "text": "yep",
        "ts": "1460031060.000052"
    },
    {
        "type": "message",
        "user": "U0R4EM6QN",
        "text": "ok",
        "ts": "1460031063.000053"
    },
    {
        "type": "message",
        "user": "U0R46MR7W",
        "text": "Okay I think I have fixed the name loading to be pretty fast",
        "ts": "1460032427.000054"
    },
    {
        "type": "message",
        "user": "U0R46MR7W",
        "text": "<@U0R4EM6QN>: I have fixed the issues that we had today",
        "ts": "1460032707.000055"
    },
    {
        "type": "message",
        "user": "U0R46MR7W",
        "text": "<@U0R4EM6QN>: actually its only working for the first weather station haha",
        "ts": "1460032771.000056"
    },
    {
        "type": "message",
        "user": "U0R46MR7W",
        "text": "Okay <@U0R4D9RM5> should I make another branch or just push the gui + main merge to master?",
        "ts": "1460033999.000057"
    },
    {
        "type": "message",
        "user": "U0R4D9RM5",
        "text": "I deleted my modifications because Jeet said he was handling fixing the merge so just push everything to master. ",
        "ts": "1460036253.000058"
    },
    {
        "type": "message",
        "user": "U0R4EM6QN",
        "text": "Hey wolf",
        "ts": "1460037130.000059"
    },
    {
        "type": "message",
        "user": "U0R4EM6QN",
        "text": "u der",
        "ts": "1460037133.000060"
    },
    {
        "type": "message",
        "user": "U0R4EM6QN",
        "text": "only for the first weather station data wht do u mean?",
        "ts": "1460037166.000061"
    },
    {
        "type": "message",
        "user": "U0R46MR7W",
        "text": "Its working now im going to push it",
        "ts": "1460037211.000062"
    },
    {
        "type": "message",
        "user": "U0R4EM6QN",
        "text": "So is it working for all",
        "ts": "1460037245.000063"
    },
    {
        "type": "message",
        "user": "U0R4EM6QN",
        "text": "What was i doing wrong",
        "ts": "1460037257.000064"
    },
    {
        "type": "message",
        "user": "U0R46MR7W",
        "text": "Just changed it to not load the data until its needed",
        "ts": "1460037390.000065"
    },
    {
        "type": "message",
        "user": "U0R46MR7W",
        "text": "Made a get name without needed to call getdata",
        "ts": "1460037415.000066"
    },
    {
        "type": "message",
        "user": "U0R46MR7W",
        "text": "Had some weird null pointer exceptions from awt but they have been fixed. so if you can verify that the gui is till getting the correct data that will be good.",
        "ts": "1460037704.000067"
    },
    {
        "type": "message",
        "user": "U0R46MR7W",
        "text": "I will be on slack on my phone most of the day. and I will on at 4:30 and we can get the tasks sorted out",
        "ts": "1460037773.000068"
    },
    {
        "type": "message",
        "user": "U0R46MR7W",
        "text": "Good night",
        "ts": "1460037789.000069"
    },
    {
        "type": "message",
        "user": "U0R4EM6QN",
        "text": "k",
        "ts": "1460038320.000070"
    },
    {
        "type": "message",
        "user": "U0R4D9RM5",
        "text": "Hey guys, I've uploaded the work in progress user documentation as well as added jfree and jcommon Jeet was using for the charts to the libs.",
        "ts": "1460083250.000071"
    }
]