[
    {
        "type": "message",
        "user": "U0R4D9RM5",
        "text": "I don't think I can develop user instructions\/documentation until we actually have a program that has some user interaction present (or accurate mock-ups of said interaction). Do we have a UI\/flow diagram or something similar that shows how the program is meant to look and act (what is looks like on start up, what happens when users perform various tasks)?\nAlso, is there a reason that our project is still split into two separate repositories? I would love to actually develop some features of the program, however I feel like at present I'm unable to contribute in any way because I don't know what's going on.",
        "edited": {
            "user": "U0R4D9RM5",
            "ts": "1459329428.000000"
        },
        "ts": "1459329396.000002"
    }
]