[
    {
        "type": "message",
        "subtype": "file_share",
        "text": "<@U0R4EM6QN|jeet> uploaded a file: <https:\/\/septgroupteam.slack.com\/files\/jeet\/F0VNHH7V2\/sept_ass1.zip|SEPT_ASS1.zip>",
        "file": {
            "id": "F0VNHH7V2",
            "created": 1459065396,
            "timestamp": 1459065396,
            "name": "SEPT_ASS1.zip",
            "title": "SEPT_ASS1.zip",
            "mimetype": "application\/zip",
            "filetype": "zip",
            "pretty_type": "Zip",
            "user": "U0R4EM6QN",
            "editable": false,
            "size": 2002355,
            "mode": "hosted",
            "is_external": false,
            "external_type": "",
            "is_public": true,
            "public_url_shared": false,
            "display_as_bot": false,
            "username": "",
            "url_private": "https:\/\/files.slack.com\/files-pri\/T0R416NJU-F0VNHH7V2\/sept_ass1.zip?t=xoxe-25137226640-35377186839-35369919062-b50fb9a462",
            "url_private_download": "https:\/\/files.slack.com\/files-pri\/T0R416NJU-F0VNHH7V2\/download\/sept_ass1.zip?t=xoxe-25137226640-35377186839-35369919062-b50fb9a462",
            "permalink": "https:\/\/septgroupteam.slack.com\/files\/jeet\/F0VNHH7V2\/sept_ass1.zip",
            "permalink_public": "https:\/\/slack-files.com\/T0R416NJU-F0VNHH7V2-4ff419a8eb",
            "channels": [
                "C0R4C5BBL"
            ],
            "groups": [
    
            ],
            "ims": [
    
            ],
            "comments_count": 0
        },
        "user": "U0R4EM6QN",
        "upload": true,
        "display_as_bot": false,
        "username": "<@U0R4EM6QN|jeet>",
        "bot_id": null,
        "ts": "1459065396.000002"
    },
    {
        "type": "message",
        "user": "U0R4EM6QN",
        "text": "Guys i have uploaded the Lastest UI i created on trello as well as slack please have look.",
        "ts": "1459065414.000003"
    },
    {
        "type": "message",
        "user": "U0R4CQRK9",
        "text": "Is it up on github?",
        "ts": "1459134784.000002"
    },
    {
        "type": "message",
        "user": "U0R4CQRK9",
        "text": "Just checked the zip file, everything looks great, ill be inspecting the code and then work on the next prototype in accordance to the engine",
        "ts": "1459135131.000003"
    }
]