[
    {
        "type": "message",
        "user": "U0R46MR7W",
        "text": "JSON is now loading",
        "ts": "1459148490.000002"
    },
    {
        "type": "message",
        "user": "U0R46MR7W",
        "text": "Should we put states and areas into hashmaps?",
        "ts": "1459148509.000003"
    },
    {
        "type": "message",
        "user": "U0R4D9RM5",
        "text": "How are they stored currently?",
        "ts": "1459148589.000004"
    },
    {
        "type": "message",
        "user": "U0R46MR7W",
        "text": "States in an array",
        "ts": "1459148600.000005"
    },
    {
        "type": "message",
        "user": "U0R46MR7W",
        "text": "and areas in an arraylist",
        "ts": "1459148607.000006"
    },
    {
        "type": "message",
        "user": "U0R46MR7W",
        "text": "Arraylist because I have no way of telling how many areas there are",
        "ts": "1459148625.000007"
    },
    {
        "type": "message",
        "user": "U0R4D9RM5",
        "text": "Well dictionary's are similar in the sense that you don't need to define size I think",
        "ts": "1459148657.000008"
    },
    {
        "type": "message",
        "user": "U0R4D9RM5",
        "text": "But that may depend on the language ",
        "ts": "1459148665.000009"
    },
    {
        "type": "message",
        "user": "U0R46MR7W",
        "text": "yeah",
        "ts": "1459148818.000010"
    },
    {
        "type": "message",
        "user": "U0R46MR7W",
        "text": "Just thinking if accessing it will be harder if you dont know the name of the keys",
        "ts": "1459148836.000011"
    },
    {
        "type": "message",
        "user": "U0R4D9RM5",
        "text": "Yeah, hrrrmm",
        "ts": "1459148869.000012"
    },
    {
        "type": "message",
        "user": "U0R46MR7W",
        "text": "Iterator should work I guess",
        "ts": "1459148934.000013"
    },
    {
        "type": "message",
        "user": "U0R4D9RM5",
        "text": "I mean it can't be worse than arrays or lists where you still can't access it by name, right?",
        "ts": "1459148983.000014"
    },
    {
        "type": "message",
        "user": "U0R4D9RM5",
        "text": "It should work.",
        "ts": "1459149029.000015"
    },
    {
        "type": "message",
        "user": "U0R46MR7W",
        "text": "yeah",
        "ts": "1459149042.000016"
    },
    {
        "type": "message",
        "user": "U0R4D9RM5",
        "text": "Did anyone clarify what was meant by location in the user class?",
        "ts": "1459149043.000017"
    },
    {
        "type": "message",
        "user": "U0R46MR7W",
        "text": "Umm",
        "ts": "1459149055.000018"
    },
    {
        "type": "message",
        "user": "U0R46MR7W",
        "text": "I think it was their closest weather station",
        "ts": "1459149068.000019"
    },
    {
        "type": "message",
        "user": "U0R46MR7W",
        "text": "or area",
        "ts": "1459149080.000020"
    },
    {
        "type": "message",
        "user": "U0R4D9RM5",
        "text": "Okay",
        "ts": "1459149094.000021"
    },
    {
        "type": "message",
        "user": "U0R4D9RM5",
        "text": "So the JSON is being fetched and parsed, but it's not being stored in the WeatherData class?",
        "ts": "1459153417.000022"
    },
    {
        "type": "message",
        "user": "U0R4D9RM5",
        "text": "What needs to be done in the next day\/few days\/week?",
        "ts": "1459154273.000023"
    },
    {
        "type": "message",
        "user": "U0R46MR7W",
        "text": "Not at the moment it's just being stored as a Json object and passed as a hashmap ",
        "ts": "1459155641.000024"
    },
    {
        "type": "message",
        "user": "U0R46MR7W",
        "text": "The data structures need to be cleaned up",
        "ts": "1459155695.000025"
    },
    {
        "type": "message",
        "user": "U0R46MR7W",
        "text": "We need to know how the front end want to access the data",
        "ts": "1459155739.000026"
    },
    {
        "type": "message",
        "user": "U0R4CQRK9",
        "text": "I don't think optimization of the data structures will be neccessary, or are something of urgency",
        "ts": "1459234547.000002"
    },
    {
        "type": "message",
        "user": "U0R4CQRK9",
        "text": "All we need for the GUI to present the information are simple getters and setters",
        "ts": "1459234573.000003"
    },
    {
        "type": "message",
        "user": "U0R4CQRK9",
        "text": "For example, getAllStates() which returns an array of strings\/objects of all states",
        "ts": "1459234596.000004"
    }
]