[
    {
        "type": "message",
        "user": "U0R4CQRK9",
        "text": "link to component diagram incase nobody has it still: <https:\/\/www.lucidchart.com\/invitations\/accept\/d669f079-5794-47cd-a226-f760779ee5b7>",
        "ts": "1460800349.000234"
    },
    {
        "type": "message",
        "user": "U0R4CQRK9",
        "text": "sequence diagram: <https:\/\/www.lucidchart.com\/invitations\/accept\/8a2882a9-5e38-40e6-9ed4-4669726658e0>",
        "ts": "1460806034.000235"
    },
    {
        "type": "message",
        "user": "U0R4CQRK9",
        "text": "Notify me when you guys have finished finalising the popup window, but until then, ill get started on fixing up the graphics where I can for that window (before it is finalised) and continue the code cleanup",
        "ts": "1460806092.000236"
    },
    {
        "type": "message",
        "user": "U0R46MR7W",
        "text": "I have finished with the data refresh not sure if jeet has anymore todo",
        "ts": "1460806126.000237"
    },
    {
        "type": "message",
        "user": "U0R4EM6QN",
        "text": "Yes i do",
        "ts": "1460809388.000238"
    },
    {
        "type": "message",
        "user": "U0R4EM6QN",
        "text": "There are a couple of things",
        "ts": "1460809430.000239"
    },
    {
        "type": "message",
        "user": "U0R4EM6QN",
        "text": "1) I need you comment all the code written by yourself for data scraping in detail",
        "ts": "1460809473.000240"
    },
    {
        "type": "message",
        "user": "U0R4EM6QN",
        "text": "2) With the data refresh i was wondering if anything happens behind the screen",
        "ts": "1460809496.000241"
    },
    {
        "type": "message",
        "user": "U0R4EM6QN",
        "text": "I mean it refreshes but to the user it feels like no change",
        "ts": "1460809578.000242"
    },
    {
        "type": "message",
        "user": "U0R4EM6QN",
        "text": "Also in order to make error cases better instead of print statements just use a Joptionpane to error out and explain the situation to the user",
        "ts": "1460809748.000243"
    },
    {
        "type": "message",
        "user": "U0R4EM6QN",
        "text": "For example what happens if you delete the fav.txt or loc.txt file the program crashes",
        "ts": "1460809776.000244"
    },
    {
        "type": "message",
        "user": "U0R4EM6QN",
        "text": "to avoid worst case scenario we must make sure we show something or handle iut",
        "ts": "1460809798.000245"
    },
    {
        "type": "message",
        "user": "U0R4EM6QN",
        "text": "I was wondering if joshua could also improve the UI of the dialog box to make it look better as the main thread",
        "ts": "1460809867.000246"
    },
    {
        "type": "message",
        "user": "U0R46MR7W",
        "text": "I will make it change the title of the window while refreshing ?",
        "ts": "1460809991.000247"
    },
    {
        "type": "message",
        "user": "U0R46MR7W",
        "text": "but dont want to touch it till joshua is done with the dialog",
        "ts": "1460810012.000248"
    },
    {
        "type": "message",
        "user": "U0R4EM6QN",
        "text": "Is he working on the dialog currently",
        "ts": "1460810055.000249"
    },
    {
        "type": "message",
        "user": "U0R4EM6QN",
        "text": "???",
        "ts": "1460810058.000250"
    },
    {
        "type": "message",
        "user": "U0R46MR7W",
        "text": "I belive so",
        "ts": "1460810374.000251"
    },
    {
        "type": "message",
        "user": "U0R4EM6QN",
        "text": "One way you could create a JUNIT for the refresh is that scrape the URL to find the latest time updated and",
        "ts": "1460810380.000252"
    },
    {
        "type": "message",
        "user": "U0R4EM6QN",
        "text": "check that against our time",
        "ts": "1460810392.000253"
    },
    {
        "type": "message",
        "user": "U0R46MR7W",
        "text": "made some junits for the data",
        "ts": "1460810434.000254"
    },
    {
        "type": "message",
        "user": "U0R4EM6QN",
        "text": "Checked",
        "ts": "1460810439.000255"
    },
    {
        "type": "message",
        "user": "U0R4EM6QN",
        "text": "They are fine",
        "ts": "1460810445.000256"
    },
    {
        "type": "message",
        "user": "U0R46MR7W",
        "text": "just updated the user docs",
        "ts": "1460810462.000257"
    },
    {
        "type": "message",
        "user": "U0R4EM6QN",
        "text": "Error handling and Junit for refresh",
        "ts": "1460810502.000258"
    },
    {
        "type": "message",
        "user": "U0R4EM6QN",
        "text": "check for potential crashes and fix em",
        "ts": "1460810520.000259"
    },
    {
        "type": "message",
        "user": "U0R46MR7W",
        "text": "Program runs fine without the txt files by the way",
        "ts": "1460810535.000260"
    },
    {
        "type": "message",
        "user": "U0R4EM6QN",
        "text": "How does it save",
        "ts": "1460810546.000261"
    },
    {
        "type": "message",
        "user": "U0R46MR7W",
        "text": "it just writes new one",
        "ts": "1460810552.000262"
    },
    {
        "type": "message",
        "user": "U0R46MR7W",
        "text": "makes a new file",
        "ts": "1460810556.000263"
    },
    {
        "type": "message",
        "user": "U0R4EM6QN",
        "text": "Aha!",
        "ts": "1460810557.000264"
    },
    {
        "type": "message",
        "user": "U0R4EM6QN",
        "text": "yep",
        "ts": "1460810561.000265"
    },
    {
        "type": "message",
        "user": "U0R4EM6QN",
        "text": "cool thats one way",
        "ts": "1460810566.000266"
    },
    {
        "type": "message",
        "user": "U0R4EM6QN",
        "text": "What are the other situations in which we could show them error msgs cause that has marks as well",
        "ts": "1460810590.000267"
    },
    {
        "type": "message",
        "user": "U0R4EM6QN",
        "text": "graceful termination of the program",
        "ts": "1460810605.000268"
    },
    {
        "type": "message",
        "user": "U0R46MR7W",
        "text": "program should never crash",
        "ts": "1460810623.000269"
    },
    {
        "type": "message",
        "user": "U0R46MR7W",
        "text": "I dont think it can",
        "ts": "1460810628.000270"
    },
    {
        "type": "message",
        "user": "U0R4EM6QN",
        "text": ":_)",
        "ts": "1460810629.000271"
    },
    {
        "type": "message",
        "user": "U0R4EM6QN",
        "text": ":simple_smile:",
        "ts": "1460810635.000272"
    },
    {
        "type": "message",
        "user": "U0R46MR7W",
        "text": "just keeps going with no data",
        "ts": "1460810640.000273"
    },
    {
        "type": "message",
        "user": "U0R46MR7W",
        "text": "doesnt really work but wont crash",
        "ts": "1460810653.000274"
    },
    {
        "type": "message",
        "user": "U0R4EM6QN",
        "text": "cool",
        "ts": "1460810663.000275"
    },
    {
        "type": "message",
        "user": "U0R46MR7W",
        "text": "I will do some more work in the morning",
        "ts": "1460810666.000276"
    },
    {
        "type": "message",
        "user": "U0R46MR7W",
        "text": "byee",
        "ts": "1460810670.000277"
    },
    {
        "type": "message",
        "user": "U0R4EM6QN",
        "text": "k",
        "ts": "1460810700.000278"
    },
    {
        "type": "message",
        "user": "U0R46MR7W",
        "text": "<@U0R4EM6QN>: are you able to make the menu item about &gt; version open a window?",
        "ts": "1460854208.000002"
    },
    {
        "type": "message",
        "user": "U0R46MR7W",
        "text": "so we can put license info etc in there",
        "ts": "1460854225.000003"
    },
    {
        "type": "message",
        "user": "U0R4D9RM5",
        "text": "My apologies for being absent all day yesterday. I had attend a children's birthday party, and then an adult birthday dinner as well. It was hectic.",
        "ts": "1460854412.000004"
    },
    {
        "type": "message",
        "user": "U0R4D9RM5",
        "text": "The system tests documentation is finished (I think)\n<https:\/\/docs.google.com\/spreadsheets\/d\/10E4AJDnos2QnCehT1e85acxdDuK1OrQMPE8uHDcs0pg\/edit?usp=sharing>\nAnd the userdocs are also finished.\n<@U0R4EM6QN>:  One of the unit tests you've implemented is failing, AreaTest, in case you weren't aware.",
        "ts": "1460854723.000005"
    },
    {
        "type": "message",
        "user": "U0R46MR7W",
        "text": "all good. Im working on the area test atm",
        "ts": "1460854744.000006"
    },
    {
        "type": "message",
        "user": "U0R46MR7W",
        "text": "I will remove it and make a new test inside of datatest",
        "ts": "1460854805.000007"
    },
    {
        "type": "message",
        "user": "U0R4D9RM5",
        "text": "Alrighty",
        "ts": "1460854812.000008"
    },
    {
        "type": "message",
        "user": "U0R4D9RM5",
        "text": "I was hoping to clean up the favourites and screen location classes today if possible.",
        "ts": "1460854885.000009"
    },
    {
        "type": "message",
        "user": "U0R4EM6QN",
        "text": "yes",
        "ts": "1460854905.000010"
    },
    {
        "type": "message",
        "user": "U0R4EM6QN",
        "text": "Just temme what the display should look like and what info should be there",
        "ts": "1460854933.000011"
    },
    {
        "type": "message",
        "user": "U0R46MR7W",
        "text": "Ill make a mock up for the version window",
        "ts": "1460854959.000012"
    },
    {
        "type": "message",
        "user": "U0R4EM6QN",
        "text": "Ok what are you working on atm",
        "ts": "1460854982.000013"
    },
    {
        "type": "message",
        "user": "U0R46MR7W",
        "text": "Unit test",
        "ts": "1460854990.000014"
    },
    {
        "type": "message",
        "user": "U0R4EM6QN",
        "text": "Cool i am cleaning the code commenting mine and your sections",
        "ts": "1460855024.000015"
    },
    {
        "type": "message",
        "user": "U0R4EM6QN",
        "text": "Also a quick question",
        "ts": "1460855036.000016"
    },
    {
        "type": "message",
        "user": "U0R4EM6QN",
        "text": "we have two packages model.view.controller",
        "ts": "1460855046.000017"
    },
    {
        "type": "message",
        "user": "U0R4EM6QN",
        "text": "com.sept01.controlller",
        "ts": "1460855064.000018"
    },
    {
        "type": "message",
        "user": "U0R4EM6QN",
        "text": "and com.sept01.listener",
        "ts": "1460855073.000019"
    },
    {
        "type": "message",
        "user": "U0R4EM6QN",
        "text": "is there a difference",
        "ts": "1460855078.000020"
    },
    {
        "type": "message",
        "user": "U0R46MR7W",
        "text": "What does WIS stand for?",
        "ts": "1460855192.000021"
    },
    {
        "type": "message",
        "user": "U0R46MR7W",
        "text": "Weather information system?",
        "ts": "1460855200.000022"
    },
    {
        "type": "message",
        "user": "U0R4EM6QN",
        "text": "yES",
        "ts": "1460855249.000023"
    },
    {
        "type": "message",
        "user": "U0R4EM6QN",
        "text": "ANSWER MY QUESTION FIRST",
        "ts": "1460855258.000024"
    },
    {
        "type": "message",
        "user": "U0R46MR7W",
        "text": "I dont know",
        "ts": "1460855266.000025"
    },
    {
        "type": "message",
        "user": "U0R46MR7W",
        "text": "as joshua",
        "ts": "1460855274.000026"
    },
    {
        "type": "message",
        "user": "U0R46MR7W",
        "text": "ask",
        "ts": "1460855276.000027"
    },
    {
        "type": "message",
        "user": "U0R46MR7W",
        "text": "I think he made it",
        "ts": "1460855280.000028"
    },
    {
        "type": "message",
        "subtype": "file_share",
        "text": "<@U0R46MR7W|wolfzimmermann> uploaded a file: <https:\/\/septgroupteam.slack.com\/files\/wolfzimmermann\/F11A0VCG1\/untitled-2.png|Untitled-2.png>",
        "file": {
            "id": "F11A0VCG1",
            "created": 1460856081,
            "timestamp": 1460856081,
            "name": "Untitled-2.png",
            "title": "Untitled-2.png",
            "mimetype": "image\/png",
            "filetype": "png",
            "pretty_type": "PNG",
            "user": "U0R46MR7W",
            "editable": false,
            "size": 28872,
            "mode": "hosted",
            "is_external": false,
            "external_type": "",
            "is_public": true,
            "public_url_shared": false,
            "display_as_bot": false,
            "username": "",
            "url_private": "https:\/\/files.slack.com\/files-pri\/T0R416NJU-F11A0VCG1\/untitled-2.png?t=xoxe-25137226640-35377186839-35369919062-b50fb9a462",
            "url_private_download": "https:\/\/files.slack.com\/files-pri\/T0R416NJU-F11A0VCG1\/download\/untitled-2.png?t=xoxe-25137226640-35377186839-35369919062-b50fb9a462",
            "thumb_64": "https:\/\/files.slack.com\/files-tmb\/T0R416NJU-F11A0VCG1-6c48aee6a1\/untitled-2_64.png?t=xoxe-25137226640-35377186839-35369919062-b50fb9a462",
            "thumb_80": "https:\/\/files.slack.com\/files-tmb\/T0R416NJU-F11A0VCG1-6c48aee6a1\/untitled-2_80.png?t=xoxe-25137226640-35377186839-35369919062-b50fb9a462",
            "thumb_360": "https:\/\/files.slack.com\/files-tmb\/T0R416NJU-F11A0VCG1-6c48aee6a1\/untitled-2_360.png?t=xoxe-25137226640-35377186839-35369919062-b50fb9a462",
            "thumb_360_w": 360,
            "thumb_360_h": 270,
            "thumb_480": "https:\/\/files.slack.com\/files-tmb\/T0R416NJU-F11A0VCG1-6c48aee6a1\/untitled-2_480.png?t=xoxe-25137226640-35377186839-35369919062-b50fb9a462",
            "thumb_480_w": 480,
            "thumb_480_h": 360,
            "thumb_160": "https:\/\/files.slack.com\/files-tmb\/T0R416NJU-F11A0VCG1-6c48aee6a1\/untitled-2_160.png?t=xoxe-25137226640-35377186839-35369919062-b50fb9a462",
            "thumb_720": "https:\/\/files.slack.com\/files-tmb\/T0R416NJU-F11A0VCG1-6c48aee6a1\/untitled-2_720.png?t=xoxe-25137226640-35377186839-35369919062-b50fb9a462",
            "thumb_720_w": 720,
            "thumb_720_h": 540,
            "image_exif_rotation": 1,
            "original_w": 800,
            "original_h": 600,
            "permalink": "https:\/\/septgroupteam.slack.com\/files\/wolfzimmermann\/F11A0VCG1\/untitled-2.png",
            "permalink_public": "https:\/\/slack-files.com\/T0R416NJU-F11A0VCG1-22d66c3efd",
            "channels": [
                "C0R4C5BBL"
            ],
            "groups": [
    
            ],
            "ims": [
    
            ],
            "comments_count": 0
        },
        "user": "U0R46MR7W",
        "upload": true,
        "display_as_bot": false,
        "username": "<@U0R46MR7W|wolfzimmermann>",
        "bot_id": null,
        "ts": "1460856083.000029"
    },
    {
        "type": "message",
        "user": "U0R46MR7W",
        "text": "Do we need to put in like an MIT or GNU open source license  for this?",
        "ts": "1460856154.000030"
    },
    {
        "type": "message",
        "user": "U0R46MR7W",
        "text": "Is anyone working on dialog.java at the moment?",
        "ts": "1460856209.000031"
    },
    {
        "type": "message",
        "user": "U0R46MR7W",
        "text": "I need to edit the data refresh to give some feedback to users",
        "ts": "1460856228.000032"
    },
    {
        "type": "message",
        "user": "U0R4EM6QN",
        "text": "i wont be able to show the UI like that so beautiful",
        "ts": "1460856245.000033"
    },
    {
        "type": "message",
        "user": "U0R4EM6QN",
        "text": "The looking good part ill leave to joshya",
        "ts": "1460856256.000034"
    },
    {
        "type": "message",
        "user": "U0R46MR7W",
        "text": "okay just make a window",
        "ts": "1460856268.000035"
    },
    {
        "type": "message",
        "user": "U0R46MR7W",
        "text": "with some labels",
        "ts": "1460856275.000036"
    },
    {
        "type": "message",
        "user": "U0R4EM6QN",
        "text": "But i can definitely make a window",
        "ts": "1460856276.000037"
    },
    {
        "type": "message",
        "user": "U0R46MR7W",
        "text": "sweet",
        "ts": "1460856282.000038"
    },
    {
        "type": "message",
        "user": "U0R4EM6QN",
        "text": "or maybe i can do a hack",
        "ts": "1460856302.000039"
    },
    {
        "type": "message",
        "user": "U0R4EM6QN",
        "text": "I need you change something",
        "ts": "1460856361.000040"
    },
    {
        "type": "message",
        "user": "U0R4EM6QN",
        "text": "Change my name to Abhijeet Nair in that image",
        "ts": "1460856376.000041"
    },
    {
        "type": "message",
        "user": "U0R46MR7W",
        "text": "okay",
        "ts": "1460856384.000042"
    },
    {
        "type": "message",
        "user": "U0R4EM6QN",
        "text": "and resent",
        "ts": "1460856385.000043"
    },
    {
        "type": "message",
        "user": "U0R46MR7W",
        "text": "WAIT",
        "ts": "1460856385.000044"
    },
    {
        "type": "message",
        "user": "U0R46MR7W",
        "text": "Are going to put the image in there",
        "ts": "1460856394.000045"
    },
    {
        "type": "message",
        "user": "U0R4EM6QN",
        "text": "yep",
        "ts": "1460856398.000046"
    },
    {
        "type": "message",
        "user": "U0R4EM6QN",
        "text": ":simple_smile:",
        "ts": "1460856400.000047"
    },
    {
        "type": "message",
        "user": "U0R46MR7W",
        "text": "SNEAKY",
        "ts": "1460856402.000048"
    },
    {
        "type": "message",
        "user": "U0R4EM6QN",
        "text": "My name should be first",
        "ts": "1460856412.000049"
    },
    {
        "type": "message",
        "user": "U0R46MR7W",
        "text": "that will work till joshua can work on it",
        "ts": "1460856415.000050"
    },
    {
        "type": "message",
        "user": "U0R4EM6QN",
        "text": "Abhijeet Sathyaprakash Nair",
        "ts": "1460856421.000051"
    },
    {
        "type": "message",
        "subtype": "file_share",
        "text": "<@U0R46MR7W|wolfzimmermann> uploaded a file: <https:\/\/septgroupteam.slack.com\/files\/wolfzimmermann\/F11A1AXGR\/untitled-2.png|Untitled-2.png>",
        "file": {
            "id": "F11A1AXGR",
            "created": 1460856477,
            "timestamp": 1460856477,
            "name": "Untitled-2.png",
            "title": "Untitled-2.png",
            "mimetype": "image\/png",
            "filetype": "png",
            "pretty_type": "PNG",
            "user": "U0R46MR7W",
            "editable": false,
            "size": 34102,
            "mode": "hosted",
            "is_external": false,
            "external_type": "",
            "is_public": true,
            "public_url_shared": false,
            "display_as_bot": false,
            "username": "",
            "url_private": "https:\/\/files.slack.com\/files-pri\/T0R416NJU-F11A1AXGR\/untitled-2.png?t=xoxe-25137226640-35377186839-35369919062-b50fb9a462",
            "url_private_download": "https:\/\/files.slack.com\/files-pri\/T0R416NJU-F11A1AXGR\/download\/untitled-2.png?t=xoxe-25137226640-35377186839-35369919062-b50fb9a462",
            "thumb_64": "https:\/\/files.slack.com\/files-tmb\/T0R416NJU-F11A1AXGR-4338ab1840\/untitled-2_64.png?t=xoxe-25137226640-35377186839-35369919062-b50fb9a462",
            "thumb_80": "https:\/\/files.slack.com\/files-tmb\/T0R416NJU-F11A1AXGR-4338ab1840\/untitled-2_80.png?t=xoxe-25137226640-35377186839-35369919062-b50fb9a462",
            "thumb_360": "https:\/\/files.slack.com\/files-tmb\/T0R416NJU-F11A1AXGR-4338ab1840\/untitled-2_360.png?t=xoxe-25137226640-35377186839-35369919062-b50fb9a462",
            "thumb_360_w": 360,
            "thumb_360_h": 270,
            "thumb_480": "https:\/\/files.slack.com\/files-tmb\/T0R416NJU-F11A1AXGR-4338ab1840\/untitled-2_480.png?t=xoxe-25137226640-35377186839-35369919062-b50fb9a462",
            "thumb_480_w": 480,
            "thumb_480_h": 360,
            "thumb_160": "https:\/\/files.slack.com\/files-tmb\/T0R416NJU-F11A1AXGR-4338ab1840\/untitled-2_160.png?t=xoxe-25137226640-35377186839-35369919062-b50fb9a462",
            "thumb_720": "https:\/\/files.slack.com\/files-tmb\/T0R416NJU-F11A1AXGR-4338ab1840\/untitled-2_720.png?t=xoxe-25137226640-35377186839-35369919062-b50fb9a462",
            "thumb_720_w": 720,
            "thumb_720_h": 540,
            "image_exif_rotation": 1,
            "original_w": 800,
            "original_h": 600,
            "permalink": "https:\/\/septgroupteam.slack.com\/files\/wolfzimmermann\/F11A1AXGR\/untitled-2.png",
            "permalink_public": "https:\/\/slack-files.com\/T0R416NJU-F11A1AXGR-81eb888777",
            "channels": [
                "C0R4C5BBL"
            ],
            "groups": [
    
            ],
            "ims": [
    
            ],
            "comments_count": 0
        },
        "user": "U0R46MR7W",
        "upload": true,
        "display_as_bot": false,
        "username": "<@U0R46MR7W|wolfzimmermann>",
        "bot_id": null,
        "ts": "1460856479.000052"
    },
    {
        "type": "message",
        "user": "U0R46MR7W",
        "text": "Remember to go to trello to move any tasks that are finished to sprint 2 done",
        "ts": "1460856573.000053"
    },
    {
        "type": "message",
        "user": "U0R4D9RM5",
        "text": "Let me know when you're both done editing the code",
        "edited": {
            "user": "U0R4D9RM5",
            "ts": "1460857147.000000"
        },
        "ts": "1460857139.000054"
    },
    {
        "type": "message",
        "user": "U0R4D9RM5",
        "text": "I'd like to fix a few things, or at least try haha",
        "ts": "1460857166.000056"
    },
    {
        "type": "message",
        "user": "U0R46MR7W",
        "text": "Having issues getting aditya on github",
        "ts": "1460857339.000057"
    },
    {
        "type": "message",
        "user": "U0R46MR7W",
        "text": "are we okay if worst comes to worst we just make it public",
        "ts": "1460857354.000058"
    },
    {
        "type": "message",
        "user": "U0R46MR7W",
        "text": "and give him the link",
        "ts": "1460857358.000059"
    },
    {
        "type": "message",
        "user": "U0R46MR7W",
        "text": "not like people can edit it with out a pull request",
        "ts": "1460857372.000060"
    },
    {
        "type": "message",
        "user": "U0R4D9RM5",
        "text": "Generally not, because it is considers plagarism issues.",
        "ts": "1460857379.000061"
    },
    {
        "type": "message",
        "user": "U0R46MR7W",
        "text": "yeah",
        "ts": "1460857384.000062"
    },
    {
        "type": "message",
        "user": "U0R46MR7W",
        "text": "if another group",
        "ts": "1460857389.000063"
    },
    {
        "type": "message",
        "user": "U0R4D9RM5",
        "text": "Hrmmm",
        "ts": "1460857390.000064"
    },
    {
        "type": "message",
        "user": "U0R46MR7W",
        "text": "takes our code",
        "ts": "1460857398.000065"
    },
    {
        "type": "message",
        "user": "U0R4D9RM5",
        "text": "Yep.",
        "ts": "1460857404.000066"
    },
    {
        "type": "message",
        "user": "U0R4D9RM5",
        "text": "We may just need to state in the readme that we had issues inviting our tutor to the repository.",
        "ts": "1460857428.000067"
    },
    {
        "type": "message",
        "user": "U0R46MR7W",
        "text": "I sent him another email",
        "ts": "1460857435.000068"
    },
    {
        "type": "message",
        "user": "U0R46MR7W",
        "text": "What are we doing in regards to matching the style of the dialog to main window",
        "ts": "1460869501.000069"
    },
    {
        "type": "message",
        "user": "U0R4EM6QN",
        "text": "joshua:  needs to work on that",
        "ts": "1460869921.000070"
    },
    {
        "type": "message",
        "user": "U0R4EM6QN",
        "text": "I am done",
        "ts": "1460869944.000071"
    },
    {
        "type": "message",
        "user": "U0R4EM6QN",
        "text": "I have  commented all the code",
        "ts": "1460869952.000072"
    },
    {
        "type": "message",
        "user": "U0R4EM6QN",
        "text": "they are in packages",
        "ts": "1460869956.000073"
    },
    {
        "type": "message",
        "user": "U0R4EM6QN",
        "text": "Unit tests for my part are there",
        "ts": "1460869965.000074"
    },
    {
        "type": "message",
        "user": "U0R4EM6QN",
        "text": "Also the version information has been accomodated",
        "ts": "1460869978.000075"
    },
    {
        "type": "message",
        "user": "U0R4EM6QN",
        "text": "what are you working on now",
        "ts": "1460870053.000076"
    },
    {
        "type": "message",
        "user": "U0R4EM6QN",
        "text": "How are we going with documentation and other aspects",
        "ts": "1460870120.000077"
    },
    {
        "type": "message",
        "user": "U0R46MR7W",
        "text": "Going to see if sarah or me can do any work on it now to get it started as would like to get it done soon. Did a code tidy, got title change to data refresh working",
        "ts": "1460870200.000078"
    },
    {
        "type": "message",
        "user": "U0R4EM6QN",
        "text": "Mak e sure all Junits work",
        "ts": "1460870509.000079"
    },
    {
        "type": "message",
        "user": "U0R4EM6QN",
        "text": "I will do a bit more cleanup and i am done",
        "ts": "1460870533.000080"
    },
    {
        "type": "message",
        "user": "U0R46MR7W",
        "text": "I am doing more work on  dialog at the moment so dont edit it",
        "ts": "1460870558.000081"
    },
    {
        "type": "message",
        "user": "U0R46MR7W",
        "text": "or might get conflicts",
        "ts": "1460870563.000082"
    },
    {
        "type": "message",
        "user": "U0R4EM6QN",
        "text": "And i am done.",
        "ts": "1460871333.000083"
    },
    {
        "type": "message",
        "user": "U0R4EM6QN",
        "text": "No edit on Dialog at all.",
        "ts": "1460871341.000084"
    },
    {
        "type": "message",
        "user": "U0R4CQRK9",
        "text": "I have time today to continue working on the dialog, all I have done so far for that is just the styling of the buttons, like the colours, etc",
        "ts": "1460876156.000085"
    },
    {
        "type": "message",
        "user": "U0R46MR7W",
        "text": "okay",
        "ts": "1460876171.000086"
    },
    {
        "type": "message",
        "user": "U0R46MR7W",
        "text": "I have started",
        "ts": "1460876174.000087"
    },
    {
        "type": "message",
        "user": "U0R4CQRK9",
        "text": "Is the dialog completely finalised, like the positions and features everything there?",
        "ts": "1460876175.000088"
    },
    {
        "type": "message",
        "user": "U0R46MR7W",
        "text": "but will stop",
        "ts": "1460876177.000089"
    },
    {
        "type": "message",
        "user": "U0R4CQRK9",
        "text": "ill wait until you finish, since changing the colours is real quick",
        "ts": "1460876198.000090"
    },
    {
        "type": "message",
        "user": "U0R4CQRK9",
        "text": "in the mean time, ill figure out how to style the graphs",
        "ts": "1460876213.000091"
    },
    {
        "type": "message",
        "user": "U0R46MR7W",
        "text": "Ill upload what I have done",
        "ts": "1460876218.000092"
    },
    {
        "type": "message",
        "user": "U0R46MR7W",
        "text": "Ive just changed the colors and font for some of the labels",
        "ts": "1460876232.000093"
    },
    {
        "type": "message",
        "user": "U0R4CQRK9",
        "text": "for the popup?",
        "ts": "1460876241.000094"
    },
    {
        "type": "message",
        "user": "U0R46MR7W",
        "text": "Yup",
        "ts": "1460876245.000095"
    },
    {
        "type": "message",
        "user": "U0R46MR7W",
        "text": "Can discard my changes if thats a probalem",
        "ts": "1460876270.000096"
    },
    {
        "type": "message",
        "user": "U0R46MR7W",
        "text": "problem",
        "ts": "1460876272.000097"
    },
    {
        "type": "message",
        "user": "U0R4CQRK9",
        "text": "nah just go ahead, haven't really touched the popup code at all yet",
        "ts": "1460876290.000098"
    },
    {
        "type": "message",
        "user": "U0R46MR7W",
        "text": "sweet",
        "ts": "1460876295.000099"
    },
    {
        "type": "message",
        "user": "U0R4CQRK9",
        "text": "was just figuring out how I should style it, thats all",
        "ts": "1460876304.000100"
    },
    {
        "type": "message",
        "user": "U0R46MR7W",
        "text": "uploading now",
        "ts": "1460876316.000101"
    },
    {
        "type": "message",
        "user": "U0R4CQRK9",
        "text": "and the way I implement the code isn't a problem, I just add an extra button listener",
        "ts": "1460876334.000102"
    },
    {
        "type": "message",
        "user": "U0R4CQRK9",
        "text": "to buttons that allows them to change the code",
        "ts": "1460876342.000103"
    },
    {
        "type": "message",
        "user": "U0R4CQRK9",
        "text": "*change the colors",
        "ts": "1460876346.000104"
    },
    {
        "type": "message",
        "user": "U0R46MR7W",
        "text": "thats probably better than how I did it haha",
        "ts": "1460876362.000105"
    },
    {
        "type": "message",
        "user": "U0R46MR7W",
        "text": ".setFont(new Font(\"Verdana\", Font.PLAIN, 12)); on all the labels",
        "ts": "1460876370.000106"
    }
]