[
    {
        "type": "message",
        "user": "U0R4CQRK9",
        "text": "Added some small modifications to the LucidChart document Jeet shared (I believe there should be a link everyone can see here), also isn't the weather station system sorted by State -&gt; Area -&gt; Sub-area (station) ? If so we can modify so that the architecture reflects this",
        "ts": "1457872246.000003"
    },
    {
        "type": "message",
        "user": "U0R4EM6QN",
        "text": "Hey guys the draft of the class diagram and use case diagram  is up on lucid chart",
        "ts": "1457912313.000002"
    },
    {
        "type": "message",
        "user": "U0R4EM6QN",
        "text": "We could add the modification poposed by joshua also i think the weather data can be broken down to two classes the 9 am Data and 3pmData",
        "ts": "1457912408.000003"
    },
    {
        "type": "message",
        "user": "U0R4EM6QN",
        "text": "We could overall create three classes Temp, 9Am data and 3 Pm data.",
        "ts": "1457912443.000004"
    },
    {
        "type": "message",
        "user": "U0R4EM6QN",
        "text": "But i am still unsure if we had to model the architecture by showing states areas and sub areas would that mean we just place them as classes",
        "ts": "1457915414.000005"
    },
    {
        "type": "message",
        "user": "U0R4EM6QN",
        "text": "I will update the class diagram soon please have a look",
        "ts": "1457915498.000006"
    },
    {
        "type": "message",
        "user": "U0R4D9RM5",
        "text": "Hey guys, I'm having trouble finding the class diagram, can someone link me? Also, where can I find the document containing user stories?",
        "ts": "1457931362.000007"
    },
    {
        "type": "message",
        "user": "U0R4D9RM5",
        "text": "Nevermind! I found the documents buried amongst all the computing theory discussion board emails.",
        "ts": "1457933997.000008"
    }
]