[
    {
        "type": "message",
        "user": "U0R46MR7W",
        "text": "Okay its safe to sync again",
        "ts": "1460542754.000085"
    },
    {
        "type": "message",
        "user": "U0R4EM6QN",
        "text": "No data lost ??",
        "ts": "1460542774.000086"
    },
    {
        "type": "message",
        "user": "U0R46MR7W",
        "text": "Nope got the revert to work",
        "ts": "1460542785.000087"
    },
    {
        "type": "message",
        "user": "U0R4D9RM5",
        "text": ":simple_smile:",
        "ts": "1460542790.000088"
    },
    {
        "type": "message",
        "user": "U0R4EM6QN",
        "text": "i am syncing",
        "ts": "1460542822.000089"
    },
    {
        "type": "message",
        "user": "U0R4EM6QN",
        "text": "sorry guys",
        "ts": "1460542825.000090"
    },
    {
        "type": "message",
        "user": "U0R4CQRK9",
        "text": "So the github is working? Anyone got my new changes?",
        "ts": "1460543044.000091"
    },
    {
        "type": "message",
        "user": "U0R4EM6QN",
        "text": "Are you sure it reverted",
        "ts": "1460543056.000092"
    },
    {
        "type": "message",
        "user": "U0R46MR7W",
        "text": "yup",
        "ts": "1460543061.000093"
    },
    {
        "type": "message",
        "user": "U0R4EM6QN",
        "text": "My fav is still not working",
        "ts": "1460543074.000094"
    },
    {
        "type": "message",
        "user": "U0R46MR7W",
        "text": "what error?",
        "ts": "1460543080.000095"
    },
    {
        "type": "message",
        "user": "U0R4EM6QN",
        "text": "No error",
        "ts": "1460543121.000096"
    },
    {
        "type": "message",
        "user": "U0R4EM6QN",
        "text": "just like what i had this morning",
        "ts": "1460543130.000097"
    },
    {
        "type": "message",
        "user": "U0R4EM6QN",
        "text": "as if no changes were made it all",
        "ts": "1460543136.000098"
    },
    {
        "type": "message",
        "user": "U0R4EM6QN",
        "text": "So when you click on your right as the program loads up",
        "ts": "1460543153.000099"
    },
    {
        "type": "message",
        "user": "U0R4EM6QN",
        "text": "It shows you the window with the table and graph",
        "ts": "1460543171.000100"
    },
    {
        "type": "message",
        "user": "U0R46MR7W",
        "text": "yes",
        "ts": "1460543175.000101"
    },
    {
        "type": "message",
        "user": "U0R46MR7W",
        "text": "try delete your fav.txt",
        "ts": "1460543187.000102"
    },
    {
        "type": "message",
        "user": "U0R46MR7W",
        "text": "and the create a new favorite",
        "ts": "1460543196.000103"
    },
    {
        "type": "message",
        "user": "U0R4EM6QN",
        "text": "nah when i click one of the existing favoriates nothing happens",
        "ts": "1460543633.000104"
    },
    {
        "type": "message",
        "user": "U0R4EM6QN",
        "text": "no changes",
        "ts": "1460543636.000105"
    },
    {
        "type": "message",
        "user": "U0R4EM6QN",
        "text": "nothing triggers up",
        "ts": "1460543642.000106"
    },
    {
        "type": "message",
        "user": "U0R4EM6QN",
        "text": "What about you joshua",
        "ts": "1460543736.000107"
    },
    {
        "type": "message",
        "user": "U0R4EM6QN",
        "text": "are you able to see wolfs change s",
        "ts": "1460543744.000108"
    },
    {
        "type": "message",
        "user": "U0R4CQRK9",
        "text": "not sure, haven't checked",
        "ts": "1460543759.000109"
    },
    {
        "type": "message",
        "user": "U0R4CQRK9",
        "text": "what are his changes?",
        "ts": "1460543762.000110"
    },
    {
        "type": "message",
        "subtype": "file_share",
        "text": "<@U0R4EM6QN|jeet> uploaded a file: <https:\/\/septgroupteam.slack.com\/files\/jeet\/F1092S34Y\/pasted_image_at_2016_04_13_08_38_pm.png|This is what i see wolf>",
        "file": {
            "id": "F1092S34Y",
            "created": 1460543931,
            "timestamp": 1460543931,
            "name": "Pasted image at 2016_04_13 08_38 PM.png",
            "title": "This is what i see wolf",
            "mimetype": "image\/png",
            "filetype": "png",
            "pretty_type": "PNG",
            "user": "U0R4EM6QN",
            "editable": false,
            "size": 347266,
            "mode": "hosted",
            "is_external": false,
            "external_type": "",
            "is_public": true,
            "public_url_shared": false,
            "display_as_bot": false,
            "username": "",
            "url_private": "https:\/\/files.slack.com\/files-pri\/T0R416NJU-F1092S34Y\/pasted_image_at_2016_04_13_08_38_pm.png?t=xoxe-25137226640-35377186839-35369919062-b50fb9a462",
            "url_private_download": "https:\/\/files.slack.com\/files-pri\/T0R416NJU-F1092S34Y\/download\/pasted_image_at_2016_04_13_08_38_pm.png?t=xoxe-25137226640-35377186839-35369919062-b50fb9a462",
            "thumb_64": "https:\/\/files.slack.com\/files-tmb\/T0R416NJU-F1092S34Y-be6253dcc6\/pasted_image_at_2016_04_13_08_38_pm_64.png?t=xoxe-25137226640-35377186839-35369919062-b50fb9a462",
            "thumb_80": "https:\/\/files.slack.com\/files-tmb\/T0R416NJU-F1092S34Y-be6253dcc6\/pasted_image_at_2016_04_13_08_38_pm_80.png?t=xoxe-25137226640-35377186839-35369919062-b50fb9a462",
            "thumb_360": "https:\/\/files.slack.com\/files-tmb\/T0R416NJU-F1092S34Y-be6253dcc6\/pasted_image_at_2016_04_13_08_38_pm_360.png?t=xoxe-25137226640-35377186839-35369919062-b50fb9a462",
            "thumb_360_w": 360,
            "thumb_360_h": 202,
            "thumb_480": "https:\/\/files.slack.com\/files-tmb\/T0R416NJU-F1092S34Y-be6253dcc6\/pasted_image_at_2016_04_13_08_38_pm_480.png?t=xoxe-25137226640-35377186839-35369919062-b50fb9a462",
            "thumb_480_w": 480,
            "thumb_480_h": 270,
            "thumb_160": "https:\/\/files.slack.com\/files-tmb\/T0R416NJU-F1092S34Y-be6253dcc6\/pasted_image_at_2016_04_13_08_38_pm_160.png?t=xoxe-25137226640-35377186839-35369919062-b50fb9a462",
            "thumb_720": "https:\/\/files.slack.com\/files-tmb\/T0R416NJU-F1092S34Y-be6253dcc6\/pasted_image_at_2016_04_13_08_38_pm_720.png?t=xoxe-25137226640-35377186839-35369919062-b50fb9a462",
            "thumb_720_w": 720,
            "thumb_720_h": 405,
            "thumb_960": "https:\/\/files.slack.com\/files-tmb\/T0R416NJU-F1092S34Y-be6253dcc6\/pasted_image_at_2016_04_13_08_38_pm_960.png?t=xoxe-25137226640-35377186839-35369919062-b50fb9a462",
            "thumb_960_w": 960,
            "thumb_960_h": 540,
            "thumb_1024": "https:\/\/files.slack.com\/files-tmb\/T0R416NJU-F1092S34Y-be6253dcc6\/pasted_image_at_2016_04_13_08_38_pm_1024.png?t=xoxe-25137226640-35377186839-35369919062-b50fb9a462",
            "thumb_1024_w": 1024,
            "thumb_1024_h": 576,
            "image_exif_rotation": 1,
            "original_w": 1366,
            "original_h": 768,
            "permalink": "https:\/\/septgroupteam.slack.com\/files\/jeet\/F1092S34Y\/pasted_image_at_2016_04_13_08_38_pm.png",
            "permalink_public": "https:\/\/slack-files.com\/T0R416NJU-F1092S34Y-2125ac78b6",
            "channels": [
                "C0R4C5BBL"
            ],
            "groups": [
    
            ],
            "ims": [
    
            ],
            "comments_count": 0
        },
        "user": "U0R4EM6QN",
        "upload": true,
        "display_as_bot": false,
        "username": "<@U0R4EM6QN|jeet>",
        "bot_id": null,
        "ts": "1460543934.000111"
    },
    {
        "type": "message",
        "user": "U0R46MR7W",
        "text": "delete fav.txt again",
        "ts": "1460544045.000112"
    },
    {
        "type": "message",
        "user": "U0R46MR7W",
        "text": "one",
        "ts": "1460544050.000113"
    },
    {
        "type": "message",
        "user": "U0R46MR7W",
        "text": "add one",
        "ts": "1460544053.000114"
    },
    {
        "type": "message",
        "user": "U0R46MR7W",
        "text": "add the nsw beallina weather station",
        "ts": "1460544078.000115"
    },
    {
        "type": "message",
        "user": "U0R46MR7W",
        "text": "close the application",
        "ts": "1460544083.000116"
    },
    {
        "type": "message",
        "user": "U0R46MR7W",
        "text": "start the application",
        "ts": "1460544086.000117"
    },
    {
        "type": "message",
        "user": "U0R46MR7W",
        "text": "is it working if not send me screen shot",
        "ts": "1460544097.000118"
    },
    {
        "type": "message",
        "user": "U0R46MR7W",
        "text": "also try sync again",
        "ts": "1460544101.000119"
    },
    {
        "type": "message",
        "user": "U0R46MR7W",
        "text": "close eclipse and reopen",
        "ts": "1460544109.000120"
    },
    {
        "type": "message",
        "user": "U0R46MR7W",
        "text": "as the revert was big",
        "ts": "1460544115.000121"
    },
    {
        "type": "message",
        "user": "U0R46MR7W",
        "text": "to check if the sync is working open a weather station and check the table there should be column with the heading wind dir",
        "ts": "1460544164.000122"
    },
    {
        "type": "message",
        "subtype": "file_share",
        "text": "<@U0R4EM6QN|jeet> uploaded a file: <https:\/\/septgroupteam.slack.com\/files\/jeet\/F1091GLBY\/pasted_image_at_2016_04_13_09_00_pm.png|Pasted image at 2016-04-13, 9:00 PM>",
        "file": {
            "id": "F1091GLBY",
            "created": 1460545265,
            "timestamp": 1460545265,
            "name": "Pasted image at 2016_04_13 09_00 PM.png",
            "title": "Pasted image at 2016-04-13, 9:00 PM",
            "mimetype": "image\/png",
            "filetype": "png",
            "pretty_type": "PNG",
            "user": "U0R4EM6QN",
            "editable": false,
            "size": 186249,
            "mode": "hosted",
            "is_external": false,
            "external_type": "",
            "is_public": true,
            "public_url_shared": false,
            "display_as_bot": false,
            "username": "",
            "url_private": "https:\/\/files.slack.com\/files-pri\/T0R416NJU-F1091GLBY\/pasted_image_at_2016_04_13_09_00_pm.png?t=xoxe-25137226640-35377186839-35369919062-b50fb9a462",
            "url_private_download": "https:\/\/files.slack.com\/files-pri\/T0R416NJU-F1091GLBY\/download\/pasted_image_at_2016_04_13_09_00_pm.png?t=xoxe-25137226640-35377186839-35369919062-b50fb9a462",
            "thumb_64": "https:\/\/files.slack.com\/files-tmb\/T0R416NJU-F1091GLBY-b435bd2f9f\/pasted_image_at_2016_04_13_09_00_pm_64.png?t=xoxe-25137226640-35377186839-35369919062-b50fb9a462",
            "thumb_80": "https:\/\/files.slack.com\/files-tmb\/T0R416NJU-F1091GLBY-b435bd2f9f\/pasted_image_at_2016_04_13_09_00_pm_80.png?t=xoxe-25137226640-35377186839-35369919062-b50fb9a462",
            "thumb_360": "https:\/\/files.slack.com\/files-tmb\/T0R416NJU-F1091GLBY-b435bd2f9f\/pasted_image_at_2016_04_13_09_00_pm_360.png?t=xoxe-25137226640-35377186839-35369919062-b50fb9a462",
            "thumb_360_w": 360,
            "thumb_360_h": 202,
            "thumb_480": "https:\/\/files.slack.com\/files-tmb\/T0R416NJU-F1091GLBY-b435bd2f9f\/pasted_image_at_2016_04_13_09_00_pm_480.png?t=xoxe-25137226640-35377186839-35369919062-b50fb9a462",
            "thumb_480_w": 480,
            "thumb_480_h": 270,
            "thumb_160": "https:\/\/files.slack.com\/files-tmb\/T0R416NJU-F1091GLBY-b435bd2f9f\/pasted_image_at_2016_04_13_09_00_pm_160.png?t=xoxe-25137226640-35377186839-35369919062-b50fb9a462",
            "thumb_720": "https:\/\/files.slack.com\/files-tmb\/T0R416NJU-F1091GLBY-b435bd2f9f\/pasted_image_at_2016_04_13_09_00_pm_720.png?t=xoxe-25137226640-35377186839-35369919062-b50fb9a462",
            "thumb_720_w": 720,
            "thumb_720_h": 405,
            "thumb_960": "https:\/\/files.slack.com\/files-tmb\/T0R416NJU-F1091GLBY-b435bd2f9f\/pasted_image_at_2016_04_13_09_00_pm_960.png?t=xoxe-25137226640-35377186839-35369919062-b50fb9a462",
            "thumb_960_w": 960,
            "thumb_960_h": 540,
            "thumb_1024": "https:\/\/files.slack.com\/files-tmb\/T0R416NJU-F1091GLBY-b435bd2f9f\/pasted_image_at_2016_04_13_09_00_pm_1024.png?t=xoxe-25137226640-35377186839-35369919062-b50fb9a462",
            "thumb_1024_w": 1024,
            "thumb_1024_h": 576,
            "image_exif_rotation": 1,
            "original_w": 1366,
            "original_h": 768,
            "permalink": "https:\/\/septgroupteam.slack.com\/files\/jeet\/F1091GLBY\/pasted_image_at_2016_04_13_09_00_pm.png",
            "permalink_public": "https:\/\/slack-files.com\/T0R416NJU-F1091GLBY-49222ad9d7",
            "channels": [
                "C0R4C5BBL"
            ],
            "groups": [
    
            ],
            "ims": [
    
            ],
            "comments_count": 0
        },
        "user": "U0R4EM6QN",
        "upload": true,
        "display_as_bot": false,
        "username": "<@U0R4EM6QN|jeet>",
        "bot_id": null,
        "ts": "1460545267.000123"
    },
    {
        "type": "message",
        "user": "U0R4EM6QN",
        "text": "Nope i see D\/r",
        "ts": "1460545276.000124"
    },
    {
        "type": "message",
        "user": "U0R46MR7W",
        "text": "in github does it say you have changes?",
        "ts": "1460545308.000125"
    },
    {
        "type": "message",
        "user": "U0R46MR7W",
        "text": "maybe revert changes and sync",
        "ts": "1460545326.000126"
    },
    {
        "type": "message",
        "user": "U0R46MR7W",
        "text": "under the history tab do you String update from 30 mins ago",
        "ts": "1460545345.000127"
    },
    {
        "type": "message",
        "subtype": "file_share",
        "text": "<@U0R4EM6QN|jeet> uploaded a file: <https:\/\/septgroupteam.slack.com\/files\/jeet\/F109LFGJW\/pasted_image_at_2016_04_13_09_03_pm.png|Pasted image at 2016-04-13, 9:03 PM>",
        "file": {
            "id": "F109LFGJW",
            "created": 1460545401,
            "timestamp": 1460545401,
            "name": "Pasted image at 2016_04_13 09_03 PM.png",
            "title": "Pasted image at 2016-04-13, 9:03 PM",
            "mimetype": "image\/png",
            "filetype": "png",
            "pretty_type": "PNG",
            "user": "U0R4EM6QN",
            "editable": false,
            "size": 269340,
            "mode": "hosted",
            "is_external": false,
            "external_type": "",
            "is_public": true,
            "public_url_shared": false,
            "display_as_bot": false,
            "username": "",
            "url_private": "https:\/\/files.slack.com\/files-pri\/T0R416NJU-F109LFGJW\/pasted_image_at_2016_04_13_09_03_pm.png?t=xoxe-25137226640-35377186839-35369919062-b50fb9a462",
            "url_private_download": "https:\/\/files.slack.com\/files-pri\/T0R416NJU-F109LFGJW\/download\/pasted_image_at_2016_04_13_09_03_pm.png?t=xoxe-25137226640-35377186839-35369919062-b50fb9a462",
            "thumb_64": "https:\/\/files.slack.com\/files-tmb\/T0R416NJU-F109LFGJW-fdcaf88d3c\/pasted_image_at_2016_04_13_09_03_pm_64.png?t=xoxe-25137226640-35377186839-35369919062-b50fb9a462",
            "thumb_80": "https:\/\/files.slack.com\/files-tmb\/T0R416NJU-F109LFGJW-fdcaf88d3c\/pasted_image_at_2016_04_13_09_03_pm_80.png?t=xoxe-25137226640-35377186839-35369919062-b50fb9a462",
            "thumb_360": "https:\/\/files.slack.com\/files-tmb\/T0R416NJU-F109LFGJW-fdcaf88d3c\/pasted_image_at_2016_04_13_09_03_pm_360.png?t=xoxe-25137226640-35377186839-35369919062-b50fb9a462",
            "thumb_360_w": 360,
            "thumb_360_h": 202,
            "thumb_480": "https:\/\/files.slack.com\/files-tmb\/T0R416NJU-F109LFGJW-fdcaf88d3c\/pasted_image_at_2016_04_13_09_03_pm_480.png?t=xoxe-25137226640-35377186839-35369919062-b50fb9a462",
            "thumb_480_w": 480,
            "thumb_480_h": 270,
            "thumb_160": "https:\/\/files.slack.com\/files-tmb\/T0R416NJU-F109LFGJW-fdcaf88d3c\/pasted_image_at_2016_04_13_09_03_pm_160.png?t=xoxe-25137226640-35377186839-35369919062-b50fb9a462",
            "thumb_720": "https:\/\/files.slack.com\/files-tmb\/T0R416NJU-F109LFGJW-fdcaf88d3c\/pasted_image_at_2016_04_13_09_03_pm_720.png?t=xoxe-25137226640-35377186839-35369919062-b50fb9a462",
            "thumb_720_w": 720,
            "thumb_720_h": 405,
            "thumb_960": "https:\/\/files.slack.com\/files-tmb\/T0R416NJU-F109LFGJW-fdcaf88d3c\/pasted_image_at_2016_04_13_09_03_pm_960.png?t=xoxe-25137226640-35377186839-35369919062-b50fb9a462",
            "thumb_960_w": 960,
            "thumb_960_h": 540,
            "thumb_1024": "https:\/\/files.slack.com\/files-tmb\/T0R416NJU-F109LFGJW-fdcaf88d3c\/pasted_image_at_2016_04_13_09_03_pm_1024.png?t=xoxe-25137226640-35377186839-35369919062-b50fb9a462",
            "thumb_1024_w": 1024,
            "thumb_1024_h": 576,
            "image_exif_rotation": 1,
            "original_w": 1366,
            "original_h": 768,
            "permalink": "https:\/\/septgroupteam.slack.com\/files\/jeet\/F109LFGJW\/pasted_image_at_2016_04_13_09_03_pm.png",
            "permalink_public": "https:\/\/slack-files.com\/T0R416NJU-F109LFGJW-2d8cf4a063",
            "channels": [
                "C0R4C5BBL"
            ],
            "groups": [
    
            ],
            "ims": [
    
            ],
            "comments_count": 0
        },
        "user": "U0R4EM6QN",
        "upload": true,
        "display_as_bot": false,
        "username": "<@U0R4EM6QN|jeet>",
        "bot_id": null,
        "ts": "1460545404.000128"
    },
    {
        "type": "message",
        "user": "U0R46MR7W",
        "text": "check you source files",
        "ts": "1460545445.000129"
    },
    {
        "type": "message",
        "user": "U0R4CQRK9",
        "text": "thats a weird history you got there, I dont see any of our changes",
        "ts": "1460545460.000130"
    },
    {
        "type": "message",
        "user": "U0R46MR7W",
        "text": "does it show the same thing in dialog.java",
        "ts": "1460545461.000131"
    },
    {
        "type": "message",
        "user": "U0R46MR7W",
        "text": "any of them&gt;",
        "ts": "1460545507.000132"
    },
    {
        "type": "message",
        "user": "U0R46MR7W",
        "text": "?",
        "ts": "1460545509.000133"
    },
    {
        "type": "message",
        "user": "U0R46MR7W",
        "text": "you need to sync to be able to see the history",
        "ts": "1460545519.000134"
    },
    {
        "type": "message",
        "user": "U0R4EM6QN",
        "text": "wait i think i know whats going on",
        "ts": "1460546150.000135"
    },
    {
        "type": "message",
        "user": "U0R46MR7W",
        "text": "you got it?",
        "ts": "1460546383.000136"
    },
    {
        "type": "message",
        "user": "U0R4EM6QN",
        "text": "Yep",
        "ts": "1460549550.000137"
    },
    {
        "type": "message",
        "user": "U0R4EM6QN",
        "text": "works",
        "ts": "1460549552.000138"
    },
    {
        "type": "message",
        "user": "U0R4EM6QN",
        "text": "now",
        "ts": "1460549554.000139"
    },
    {
        "type": "message",
        "user": "U0R4EM6QN",
        "text": "I have aced git now",
        "ts": "1460549561.000140"
    },
    {
        "type": "message",
        "user": "U0R4EM6QN",
        "text": ":simple_smile:",
        "ts": "1460549571.000141"
    },
    {
        "type": "message",
        "user": "U0R4EM6QN",
        "text": "Wolf u there",
        "ts": "1460549618.000142"
    },
    {
        "type": "message",
        "user": "U0R4EM6QN",
        "text": "I am working on  fixing the charts now",
        "ts": "1460549645.000143"
    },
    {
        "type": "message",
        "user": "U0R46MR7W",
        "text": "Yup just made some error handling",
        "ts": "1460550087.000144"
    },
    {
        "type": "message",
        "user": "U0R4D9RM5",
        "text": "\"COSC2299_1610 (Software Engineering: Process and Tools): Assignment --- extension\nInbox\nx \n\n<mailto:do-not-reply@blackboard.com|do-not-reply@blackboard.com>\n10:56 AM (2 minutes ago)\n\nto \nA few students have requested a short extension to the assignment submission, so I'm going to extend due date\/time to 11.30PM Friday April 22.\n\nThis puts some a bit of a spanned in the works re. other upcoming assessments; I'll discuss this in the lecture tonight.\n\nLawrence\"",
        "ts": "1460595455.000145"
    },
    {
        "type": "message",
        "user": "U0R4EM6QN",
        "text": "Well we could survive even without that",
        "ts": "1460611149.000146"
    },
    {
        "type": "message",
        "user": "U0R4EM6QN",
        "text": ":simple_smile:",
        "ts": "1460611153.000147"
    },
    {
        "type": "message",
        "user": "U0R4EM6QN",
        "text": "What say",
        "ts": "1460611155.000148"
    },
    {
        "type": "message",
        "user": "U0R4D9RM5",
        "text": "True :p just thought I'd let everyone know in case anyone missed the email.",
        "ts": "1460611193.000149"
    },
    {
        "type": "message",
        "user": "U0R4EM6QN",
        "text": "Also did u see my change",
        "ts": "1460611213.000150"
    },
    {
        "type": "message",
        "user": "U0R4EM6QN",
        "text": "In the way i show weather information",
        "ts": "1460611228.000151"
    },
    {
        "type": "message",
        "user": "U0R4D9RM5",
        "text": "What's with :\n&lt;&lt;&lt;&lt;&lt;&lt;&lt; HEAD\n&gt;&gt;&gt;&gt;&gt;&gt;&gt; origin\/master\n\nappearing throughout the code?",
        "ts": "1460611458.000152"
    },
    {
        "type": "message",
        "user": "U0R4EM6QN",
        "text": "Delete all of that",
        "ts": "1460611641.000153"
    },
    {
        "type": "message",
        "user": "U0R4EM6QN",
        "text": "I dont know why thats happening",
        "ts": "1460611651.000154"
    },
    {
        "type": "message",
        "user": "U0R4EM6QN",
        "text": "it happened to me as well",
        "ts": "1460611660.000155"
    },
    {
        "type": "message",
        "user": "U0R4EM6QN",
        "text": "i had to manually delete it",
        "ts": "1460611669.000156"
    },
    {
        "type": "message",
        "user": "U0R4EM6QN",
        "text": "its not a lot only at few places",
        "ts": "1460611678.000157"
    },
    {
        "type": "message",
        "user": "U0R4EM6QN",
        "text": "I guess am i right?",
        "ts": "1460611712.000158"
    },
    {
        "type": "message",
        "user": "U0R4D9RM5",
        "text": "Yeah, it's in the Dialog Class. It looks like a github related issue.",
        "ts": "1460611753.000159"
    },
    {
        "type": "message",
        "user": "U0R4D9RM5",
        "text": "I'm getting an array out of bounds exception in ReadFavoruites",
        "ts": "1460611877.000160"
    },
    {
        "type": "message",
        "user": "U0R4EM6QN",
        "text": "Delete all the favoriates",
        "ts": "1460611889.000161"
    },
    {
        "type": "message",
        "user": "U0R4EM6QN",
        "text": "in fav.txt",
        "ts": "1460611896.000162"
    },
    {
        "type": "message",
        "user": "U0R4EM6QN",
        "text": "start fresh",
        "ts": "1460611899.000163"
    },
    {
        "type": "message",
        "user": "U0R4EM6QN",
        "text": "with a black txt file",
        "ts": "1460611905.000164"
    },
    {
        "type": "message",
        "user": "U0R4EM6QN",
        "text": "blank",
        "ts": "1460611911.000165"
    },
    {
        "type": "message",
        "user": "U0R4D9RM5",
        "text": "Cool, so we have a Temp VS Time but also a Max Vs Min Temp chart.",
        "ts": "1460612085.000166"
    },
    {
        "type": "message",
        "user": "U0R4EM6QN",
        "text": "Yes",
        "ts": "1460612110.000167"
    },
    {
        "type": "message",
        "user": "U0R4EM6QN",
        "text": "but  is that ok or should i make it look better",
        "ts": "1460612122.000168"
    },
    {
        "type": "message",
        "user": "U0R4D9RM5",
        "text": "They are very plain, but they're not bad. It is a little weird that they're both horizontally centered on the window but the table of data isn't.",
        "ts": "1460612374.000169"
    },
    {
        "type": "message",
        "user": "U0R4EM6QN",
        "text": "Nah cause i ve set it that way",
        "ts": "1460612668.000170"
    },
    {
        "type": "message",
        "user": "U0R4EM6QN",
        "text": "as though there were no graphs",
        "ts": "1460612682.000171"
    },
    {
        "type": "message",
        "user": "U0R4EM6QN",
        "text": "but then you scroll and the magic window appears",
        "ts": "1460612695.000172"
    },
    {
        "type": "message",
        "user": "U0R4EM6QN",
        "text": "sory magic graphs appear",
        "ts": "1460612708.000173"
    },
    {
        "type": "message",
        "user": "U0R4EM6QN",
        "text": "Oh na i understood what you mean",
        "ts": "1460612947.000174"
    },
    {
        "type": "message",
        "user": "U0R4D9RM5",
        "text": "Also, is it possible to have an \"Maximize\" window button",
        "ts": "1460613061.000175"
    },
    {
        "type": "message",
        "subtype": "file_share",
        "text": "<@U0R4D9RM5|sarah-giapitzakis> uploaded a file: <https:\/\/septgroupteam.slack.com\/files\/sarah-giapitzakis\/F10HWBH25\/images.png|images.png>",
        "file": {
            "id": "F10HWBH25",
            "created": 1460613060,
            "timestamp": 1460613060,
            "name": "images.png",
            "title": "images.png",
            "mimetype": "image\/png",
            "filetype": "png",
            "pretty_type": "PNG",
            "user": "U0R4D9RM5",
            "editable": false,
            "size": 110617,
            "mode": "hosted",
            "is_external": false,
            "external_type": "",
            "is_public": true,
            "public_url_shared": false,
            "display_as_bot": false,
            "username": "",
            "url_private": "https:\/\/files.slack.com\/files-pri\/T0R416NJU-F10HWBH25\/images.png?t=xoxe-25137226640-35377186839-35369919062-b50fb9a462",
            "url_private_download": "https:\/\/files.slack.com\/files-pri\/T0R416NJU-F10HWBH25\/download\/images.png?t=xoxe-25137226640-35377186839-35369919062-b50fb9a462",
            "thumb_64": "https:\/\/files.slack.com\/files-tmb\/T0R416NJU-F10HWBH25-895e4dc841\/images_64.png?t=xoxe-25137226640-35377186839-35369919062-b50fb9a462",
            "thumb_80": "https:\/\/files.slack.com\/files-tmb\/T0R416NJU-F10HWBH25-895e4dc841\/images_80.png?t=xoxe-25137226640-35377186839-35369919062-b50fb9a462",
            "thumb_360": "https:\/\/files.slack.com\/files-tmb\/T0R416NJU-F10HWBH25-895e4dc841\/images_360.png?t=xoxe-25137226640-35377186839-35369919062-b50fb9a462",
            "thumb_360_w": 360,
            "thumb_360_h": 190,
            "thumb_480": "https:\/\/files.slack.com\/files-tmb\/T0R416NJU-F10HWBH25-895e4dc841\/images_480.png?t=xoxe-25137226640-35377186839-35369919062-b50fb9a462",
            "thumb_480_w": 480,
            "thumb_480_h": 253,
            "thumb_160": "https:\/\/files.slack.com\/files-tmb\/T0R416NJU-F10HWBH25-895e4dc841\/images_160.png?t=xoxe-25137226640-35377186839-35369919062-b50fb9a462",
            "thumb_720": "https:\/\/files.slack.com\/files-tmb\/T0R416NJU-F10HWBH25-895e4dc841\/images_720.png?t=xoxe-25137226640-35377186839-35369919062-b50fb9a462",
            "thumb_720_w": 720,
            "thumb_720_h": 379,
            "thumb_960": "https:\/\/files.slack.com\/files-tmb\/T0R416NJU-F10HWBH25-895e4dc841\/images_960.png?t=xoxe-25137226640-35377186839-35369919062-b50fb9a462",
            "thumb_960_w": 960,
            "thumb_960_h": 506,
            "thumb_1024": "https:\/\/files.slack.com\/files-tmb\/T0R416NJU-F10HWBH25-895e4dc841\/images_1024.png?t=xoxe-25137226640-35377186839-35369919062-b50fb9a462",
            "thumb_1024_w": 1024,
            "thumb_1024_h": 539,
            "image_exif_rotation": 1,
            "original_w": 1885,
            "original_h": 993,
            "permalink": "https:\/\/septgroupteam.slack.com\/files\/sarah-giapitzakis\/F10HWBH25\/images.png",
            "permalink_public": "https:\/\/slack-files.com\/T0R416NJU-F10HWBH25-3f5d31aa68",
            "channels": [
                "C0R4C5BBL"
            ],
            "groups": [
    
            ],
            "ims": [
    
            ],
            "comments_count": 0
        },
        "user": "U0R4D9RM5",
        "upload": true,
        "display_as_bot": false,
        "username": "<@U0R4D9RM5|sarah-giapitzakis>",
        "bot_id": null,
        "ts": "1460613063.000176"
    },
    {
        "type": "message",
        "user": "U0R4D9RM5",
        "text": "on the weather data screen?",
        "ts": "1460613063.000177"
    },
    {
        "type": "message",
        "user": "U0R46MR7W",
        "text": "We get at 10% bonus if we submit by the original date ",
        "ts": "1460615838.000178"
    }
]