[
    {
        "type": "message",
        "user": "U0R4D9RM5",
        "text": "Hey guys, apologies for bailing early on the tutorial today, made my early train! I'll get the eclipse repository base set up and pushed by tomorrow morning, then hopefully over the next week or so we can start planning the assignment out. :)",
        "ts": "1457425113.000014"
    },
    {
        "type": "message",
        "user": "U0R46MR7W",
        "text": "Hi Ive added a todo bot to slack use \/todo help to see the commands",
        "ts": "1457486536.000002"
    },
    {
        "type": "message",
        "user": "U0R46MR7W",
        "text": "\/lucidchart test",
        "ts": "1457487176.000005"
    },
    {
        "text": "",
        "bot_id": "B0RCVUDK7",
        "attachments": [
            {
                "fallback": "<https:\/\/www.lucidchart.com\/slack\/join?invitationUrl=https%3A%2F%2Fdocuments.lucidchart.com%2Fdocuments%2F2a41103e-3dd8-4707-9ac3-1952853c1db8%2Finvitations%2Fa6ce05b6-9c90-442a-aa74-7ee7445734bb>",
                "text": "wolfzimmermann has invited you to <https:\/\/www.lucidchart.com\/slack\/join?invitationUrl=https%3A%2F%2Fdocuments.lucidchart.com%2Fdocuments%2F2a41103e-3dd8-4707-9ac3-1952853c1db8%2Finvitations%2Fa6ce05b6-9c90-442a-aa74-7ee7445734bb|join a Lucidchart diagramming session>, 'test'. When you're done, you can post an image of the diagram back to this channel as well.",
                "title": "Join wolfzimmermann's Lucidchart diagram 'test'.",
                "id": 1,
                "title_link": "https:\/\/www.lucidchart.com\/slack\/join?invitationUrl=https%3A%2F%2Fdocuments.lucidchart.com%2Fdocuments%2F2a41103e-3dd8-4707-9ac3-1952853c1db8%2Finvitations%2Fa6ce05b6-9c90-442a-aa74-7ee7445734bb",
                "thumb_height": 75,
                "thumb_width": 75,
                "thumb_url": "https:\/\/d2slcw3kip6qmk.cloudfront.net\/marketing\/logos\/lucidchart-icon-2015-64px.png"
            }
        ],
        "type": "message",
        "subtype": "bot_message",
        "ts": "1457487176.000006"
    },
    {
        "user": "U0R46MR7W",
        "purpose": "This channel is for team-wide communication and announcements. All team members are in this channel.",
        "type": "message",
        "subtype": "channel_purpose",
        "text": "<@U0R46MR7W|wolfzimmermann> set the channel purpose: This channel is for team-wide communication and announcements. All team members are in this channel.",
        "ts": "1457487295.000007"
    }
]