[
    {
        "type": "message",
        "user": "U0R4EM6QN",
        "text": "Hey Sarah, i was just saying about the documentaton in general i havent even checked myself that what all is needed to document our progress  . And youre right in saying that most of it can be completed after you have an idea of how the application works. However i will be uploading the source code of a partially working GUI which shows dummy data and works as an actual one would however the data would be hardcoded.",
        "ts": "1459417238.000002"
    },
    {
        "type": "message",
        "user": "U0R4EM6QN",
        "text": "Also on the same note  joshua has notes of user interaction present (or accurate mock-ups of said interaction) that he did on his book based on which i did the design he must upload that too.",
        "ts": "1459417416.000003"
    },
    {
        "type": "message",
        "user": "U0R4EM6QN",
        "text": "I will change my repository to GIT ASAP and then everything is at one place. Sorry about that.",
        "ts": "1459417512.000004"
    },
    {
        "type": "message",
        "user": "U0R4D9RM5",
        "text": "It's all good Jeet. Let me know once the repositories have been merged or if I can help with that. :) I'm just worried we will get to submission and I'll have done nothing significant haha. We've got until April 18th for submission I think.",
        "ts": "1459426377.000005"
    },
    {
        "type": "message",
        "subtype": "file_share",
        "text": "<@U0R4EM6QN|jeet> uploaded a file: <https:\/\/septgroupteam.slack.com\/files\/jeet\/F0WSPJ5BQ\/pasted_image_at_2016_03_31_11_19_pm.png|Will this qualify as our temperature chart>",
        "file": {
            "id": "F0WSPJ5BQ",
            "created": 1459426811,
            "timestamp": 1459426811,
            "name": "Pasted image at 2016_03_31 11_19 PM.png",
            "title": "Will this qualify as our temperature chart",
            "mimetype": "image\/png",
            "filetype": "png",
            "pretty_type": "PNG",
            "user": "U0R4EM6QN",
            "editable": false,
            "size": 15818,
            "mode": "hosted",
            "is_external": false,
            "external_type": "",
            "is_public": true,
            "public_url_shared": false,
            "display_as_bot": false,
            "username": "",
            "url_private": "https:\/\/files.slack.com\/files-pri\/T0R416NJU-F0WSPJ5BQ\/pasted_image_at_2016_03_31_11_19_pm.png?t=xoxe-25137226640-35377186839-35369919062-b50fb9a462",
            "url_private_download": "https:\/\/files.slack.com\/files-pri\/T0R416NJU-F0WSPJ5BQ\/download\/pasted_image_at_2016_03_31_11_19_pm.png?t=xoxe-25137226640-35377186839-35369919062-b50fb9a462",
            "thumb_64": "https:\/\/files.slack.com\/files-tmb\/T0R416NJU-F0WSPJ5BQ-4d0a46b748\/pasted_image_at_2016_03_31_11_19_pm_64.png?t=xoxe-25137226640-35377186839-35369919062-b50fb9a462",
            "thumb_80": "https:\/\/files.slack.com\/files-tmb\/T0R416NJU-F0WSPJ5BQ-4d0a46b748\/pasted_image_at_2016_03_31_11_19_pm_80.png?t=xoxe-25137226640-35377186839-35369919062-b50fb9a462",
            "thumb_360": "https:\/\/files.slack.com\/files-tmb\/T0R416NJU-F0WSPJ5BQ-4d0a46b748\/pasted_image_at_2016_03_31_11_19_pm_360.png?t=xoxe-25137226640-35377186839-35369919062-b50fb9a462",
            "thumb_360_w": 360,
            "thumb_360_h": 194,
            "thumb_480": "https:\/\/files.slack.com\/files-tmb\/T0R416NJU-F0WSPJ5BQ-4d0a46b748\/pasted_image_at_2016_03_31_11_19_pm_480.png?t=xoxe-25137226640-35377186839-35369919062-b50fb9a462",
            "thumb_480_w": 480,
            "thumb_480_h": 259,
            "thumb_160": "https:\/\/files.slack.com\/files-tmb\/T0R416NJU-F0WSPJ5BQ-4d0a46b748\/pasted_image_at_2016_03_31_11_19_pm_160.png?t=xoxe-25137226640-35377186839-35369919062-b50fb9a462",
            "image_exif_rotation": 1,
            "original_w": 500,
            "original_h": 270,
            "permalink": "https:\/\/septgroupteam.slack.com\/files\/jeet\/F0WSPJ5BQ\/pasted_image_at_2016_03_31_11_19_pm.png",
            "permalink_public": "https:\/\/slack-files.com\/T0R416NJU-F0WSPJ5BQ-450c64abe6",
            "channels": [
                "C0R4C5BBL"
            ],
            "groups": [
    
            ],
            "ims": [
    
            ],
            "comments_count": 0
        },
        "user": "U0R4EM6QN",
        "upload": true,
        "display_as_bot": false,
        "username": "<@U0R4EM6QN|jeet>",
        "bot_id": null,
        "ts": "1459426812.000006"
    },
    {
        "type": "message",
        "user": "U0R4D9RM5",
        "text": "Like as a history of data?",
        "ts": "1459426870.000007"
    },
    {
        "type": "message",
        "user": "U0R4EM6QN",
        "text": "So the x axis will have dates from 0 to 31 say  and the y axis will have temperature in degree celcisus",
        "ts": "1459426882.000008"
    },
    {
        "type": "message",
        "user": "U0R4EM6QN",
        "text": "yes Sarah",
        "ts": "1459426885.000009"
    },
    {
        "type": "message",
        "user": "U0R4EM6QN",
        "text": "thats right",
        "ts": "1459426889.000010"
    },
    {
        "type": "message",
        "user": "U0R4EM6QN",
        "text": "so we need to do two things",
        "ts": "1459426895.000011"
    },
    {
        "type": "message",
        "user": "U0R4D9RM5",
        "text": "Looks good then",
        "ts": "1459426898.000012"
    },
    {
        "type": "message",
        "user": "U0R4EM6QN",
        "text": "one create a chart of all possible information",
        "ts": "1459426904.000013"
    },
    {
        "type": "message",
        "user": "U0R4EM6QN",
        "text": "sorry",
        "ts": "1459426911.000014"
    },
    {
        "type": "message",
        "user": "U0R4EM6QN",
        "text": "not a chart",
        "ts": "1459426913.000015"
    },
    {
        "type": "message",
        "user": "U0R4EM6QN",
        "text": "a Table",
        "ts": "1459426915.000016"
    },
    {
        "type": "message",
        "user": "U0R4EM6QN",
        "text": "of ground speed",
        "ts": "1459426920.000017"
    },
    {
        "type": "message",
        "user": "U0R4EM6QN",
        "text": "humidity",
        "ts": "1459426923.000018"
    },
    {
        "type": "message",
        "user": "U0R4EM6QN",
        "text": "9 am",
        "ts": "1459426925.000019"
    },
    {
        "type": "message",
        "user": "U0R4EM6QN",
        "text": "3 pm temperatures",
        "ts": "1459426933.000020"
    },
    {
        "type": "message",
        "user": "U0R4D9RM5",
        "text": "A visual table or a data structure table?",
        "ts": "1459426951.000021"
    },
    {
        "type": "message",
        "user": "U0R4EM6QN",
        "text": "visual table",
        "ts": "1459426958.000022"
    },
    {
        "type": "message",
        "user": "U0R4EM6QN",
        "text": "as specified on the new assignment spec",
        "ts": "1459426974.000023"
    },
    {
        "type": "message",
        "user": "U0R4D9RM5",
        "text": "Ah",
        "ts": "1459426978.000024"
    },
    {
        "type": "message",
        "user": "U0R4D9RM5",
        "text": "Yeah I know what you mean now",
        "ts": "1459426986.000025"
    },
    {
        "type": "message",
        "user": "U0R4EM6QN",
        "text": "and an alternate represenatation that you would have to provide",
        "ts": "1459426997.000026"
    },
    {
        "type": "message",
        "user": "U0R4EM6QN",
        "text": "could be any of the chart",
        "ts": "1459427002.000027"
    },
    {
        "type": "message",
        "user": "U0R4EM6QN",
        "text": "like a histogram",
        "ts": "1459427007.000028"
    },
    {
        "type": "message",
        "user": "U0R4EM6QN",
        "text": "or a line chart",
        "ts": "1459427011.000029"
    },
    {
        "type": "message",
        "user": "U0R4EM6QN",
        "text": "or scatter plot",
        "ts": "1459427015.000030"
    },
    {
        "type": "message",
        "user": "U0R4EM6QN",
        "text": "something visual easy to interpret basically",
        "ts": "1459427029.000031"
    },
    {
        "type": "message",
        "user": "U0R4EM6QN",
        "text": "so is the above OK for our purposes",
        "ts": "1459427039.000032"
    },
    {
        "type": "message",
        "user": "U0R4D9RM5",
        "text": "I can't speak for everyone but it looks like it is suitable for charting long term temperature data. ",
        "edited": {
            "user": "U0R4D9RM5",
            "ts": "1459427136.000000"
        },
        "ts": "1459427089.000033"
    },
    {
        "type": "message",
        "user": "U0R4EM6QN",
        "text": "Yep so i am thinking at the most we will provide a months data",
        "ts": "1459427114.000034"
    },
    {
        "type": "message",
        "user": "U0R4EM6QN",
        "text": "not more than that",
        "ts": "1459427118.000035"
    },
    {
        "type": "message",
        "user": "U0R4EM6QN",
        "text": "and use a histogram like the one above to display all the temperature",
        "ts": "1459427133.000036"
    },
    {
        "type": "message",
        "user": "U0R4EM6QN",
        "text": "instead of making it more complex",
        "ts": "1459427144.000038"
    },
    {
        "type": "message",
        "user": "U0R4EM6QN",
        "text": "What say ?",
        "ts": "1459427147.000039"
    },
    {
        "type": "message",
        "subtype": "file_share",
        "text": "<@U0R4EM6QN|jeet> uploaded a file: <https:\/\/septgroupteam.slack.com\/files\/jeet\/F0WSTP1QC\/pasted_image_at_2016_03_31_11_49_pm.png|Pasted image at 2016-03-31, 11:49 PM>",
        "file": {
            "id": "F0WSTP1QC",
            "created": 1459428578,
            "timestamp": 1459428578,
            "name": "Pasted image at 2016_03_31 11_49 PM.png",
            "title": "Pasted image at 2016-03-31, 11:49 PM",
            "mimetype": "image\/png",
            "filetype": "png",
            "pretty_type": "PNG",
            "user": "U0R4EM6QN",
            "editable": false,
            "size": 307630,
            "mode": "hosted",
            "is_external": false,
            "external_type": "",
            "is_public": true,
            "public_url_shared": false,
            "display_as_bot": false,
            "username": "",
            "url_private": "https:\/\/files.slack.com\/files-pri\/T0R416NJU-F0WSTP1QC\/pasted_image_at_2016_03_31_11_49_pm.png?t=xoxe-25137226640-35377186839-35369919062-b50fb9a462",
            "url_private_download": "https:\/\/files.slack.com\/files-pri\/T0R416NJU-F0WSTP1QC\/download\/pasted_image_at_2016_03_31_11_49_pm.png?t=xoxe-25137226640-35377186839-35369919062-b50fb9a462",
            "thumb_64": "https:\/\/files.slack.com\/files-tmb\/T0R416NJU-F0WSTP1QC-5c84862d08\/pasted_image_at_2016_03_31_11_49_pm_64.png?t=xoxe-25137226640-35377186839-35369919062-b50fb9a462",
            "thumb_80": "https:\/\/files.slack.com\/files-tmb\/T0R416NJU-F0WSTP1QC-5c84862d08\/pasted_image_at_2016_03_31_11_49_pm_80.png?t=xoxe-25137226640-35377186839-35369919062-b50fb9a462",
            "thumb_360": "https:\/\/files.slack.com\/files-tmb\/T0R416NJU-F0WSTP1QC-5c84862d08\/pasted_image_at_2016_03_31_11_49_pm_360.png?t=xoxe-25137226640-35377186839-35369919062-b50fb9a462",
            "thumb_360_w": 360,
            "thumb_360_h": 202,
            "thumb_480": "https:\/\/files.slack.com\/files-tmb\/T0R416NJU-F0WSTP1QC-5c84862d08\/pasted_image_at_2016_03_31_11_49_pm_480.png?t=xoxe-25137226640-35377186839-35369919062-b50fb9a462",
            "thumb_480_w": 480,
            "thumb_480_h": 270,
            "thumb_160": "https:\/\/files.slack.com\/files-tmb\/T0R416NJU-F0WSTP1QC-5c84862d08\/pasted_image_at_2016_03_31_11_49_pm_160.png?t=xoxe-25137226640-35377186839-35369919062-b50fb9a462",
            "thumb_720": "https:\/\/files.slack.com\/files-tmb\/T0R416NJU-F0WSTP1QC-5c84862d08\/pasted_image_at_2016_03_31_11_49_pm_720.png?t=xoxe-25137226640-35377186839-35369919062-b50fb9a462",
            "thumb_720_w": 720,
            "thumb_720_h": 405,
            "thumb_960": "https:\/\/files.slack.com\/files-tmb\/T0R416NJU-F0WSTP1QC-5c84862d08\/pasted_image_at_2016_03_31_11_49_pm_960.png?t=xoxe-25137226640-35377186839-35369919062-b50fb9a462",
            "thumb_960_w": 960,
            "thumb_960_h": 540,
            "thumb_1024": "https:\/\/files.slack.com\/files-tmb\/T0R416NJU-F0WSTP1QC-5c84862d08\/pasted_image_at_2016_03_31_11_49_pm_1024.png?t=xoxe-25137226640-35377186839-35369919062-b50fb9a462",
            "thumb_1024_w": 1024,
            "thumb_1024_h": 576,
            "image_exif_rotation": 1,
            "original_w": 1366,
            "original_h": 768,
            "permalink": "https:\/\/septgroupteam.slack.com\/files\/jeet\/F0WSTP1QC\/pasted_image_at_2016_03_31_11_49_pm.png",
            "permalink_public": "https:\/\/slack-files.com\/T0R416NJU-F0WSTP1QC-8bd17cc037",
            "channels": [
                "C0R4C5BBL"
            ],
            "groups": [
    
            ],
            "ims": [
    
            ],
            "comments_count": 0
        },
        "user": "U0R4EM6QN",
        "upload": true,
        "display_as_bot": false,
        "username": "<@U0R4EM6QN|jeet>",
        "bot_id": null,
        "ts": "1459428582.000040"
    },
    {
        "type": "message",
        "user": "U0R4EM6QN",
        "text": "This question is for WOLF When you extract data out of the BOM website do you obtain the whole months data as given as an example on the spec sheet.",
        "ts": "1459428647.000041"
    },
    {
        "type": "message",
        "user": "U0R4EM6QN",
        "text": "So that a histogram could be used to show entire months information ????",
        "ts": "1459428677.000042"
    },
    {
        "type": "message",
        "user": "U0R4EM6QN",
        "text": "Please let me know because the how you display the plot would get affected.",
        "ts": "1459428705.000043"
    },
    {
        "type": "message",
        "user": "U0R4EM6QN",
        "text": "The type of histogram i am using only allowing numbers as labels i would need to change if you do not obtain the entire months info",
        "ts": "1459428749.000044"
    }
]