[
    {
        "type": "message",
        "subtype": "file_share",
        "text": "<@U0R4EM6QN|jeet> uploaded a file: <https:\/\/septgroupteam.slack.com\/files\/jeet\/F0Y1D4VHA\/sept_ass2.zip|SEPT_ASS2.zip> and commented: This is the last upload",
        "file": {
            "id": "F0Y1D4VHA",
            "created": 1459845665,
            "timestamp": 1459845665,
            "name": "SEPT_ASS2.zip",
            "title": "SEPT_ASS2.zip",
            "mimetype": "application\/zip",
            "filetype": "zip",
            "pretty_type": "Zip",
            "user": "U0R4EM6QN",
            "editable": false,
            "size": 2056710,
            "mode": "hosted",
            "is_external": false,
            "external_type": "",
            "is_public": true,
            "public_url_shared": false,
            "display_as_bot": false,
            "username": "",
            "url_private": "https:\/\/files.slack.com\/files-pri\/T0R416NJU-F0Y1D4VHA\/sept_ass2.zip?t=xoxe-25137226640-35377186839-35369919062-b50fb9a462",
            "url_private_download": "https:\/\/files.slack.com\/files-pri\/T0R416NJU-F0Y1D4VHA\/download\/sept_ass2.zip?t=xoxe-25137226640-35377186839-35369919062-b50fb9a462",
            "permalink": "https:\/\/septgroupteam.slack.com\/files\/jeet\/F0Y1D4VHA\/sept_ass2.zip",
            "permalink_public": "https:\/\/slack-files.com\/T0R416NJU-F0Y1D4VHA-0492b841af",
            "channels": [
                "C0R4C5BBL"
            ],
            "groups": [
    
            ],
            "ims": [
    
            ],
            "comments_count": 1,
            "initial_comment": {
                "id": "Fc0Y07CMMH",
                "created": 1459845665,
                "timestamp": 1459845665,
                "user": "U0R4EM6QN",
                "comment": "This is the last upload"
            }
        },
        "user": "U0R4EM6QN",
        "upload": true,
        "display_as_bot": false,
        "username": "<@U0R4EM6QN|jeet>",
        "bot_id": null,
        "ts": "1459845665.000002"
    },
    {
        "type": "message",
        "user": "U0R4EM6QN",
        "text": "Hey wolf are you working on the integration or am i supposed to do it ?",
        "ts": "1459857853.000002"
    },
    {
        "type": "message",
        "user": "U0R4D9RM5",
        "text": "I think there has been a misconception of how to handle Favourites, is it okay if I just.. get in there and mess it all up to try and fix it?",
        "ts": "1459905514.000004"
    },
    {
        "type": "message",
        "user": "U0R4D9RM5",
        "text": "Are we missing a bunch of classes from the merge?",
        "ts": "1459905940.000005"
    },
    {
        "type": "message",
        "user": "U0R4D9RM5",
        "text": "Under MainViewWindowListener it's attempting to import\nimport com.sept01.main.ReadFavoriate;\nimport com.sept01.main.ReadScreenLoc;\nimport com.sept01.main.SaveFavouriate;\nimport com.sept01.main.SaveScreenLocation;\nWhich don't seem to exist.",
        "ts": "1459906028.000006"
    },
    {
        "type": "message",
        "user": "U0R46MR7W",
        "text": "Check in jeets zip file I didn't move all the things from main ",
        "ts": "1459906549.000007"
    },
    {
        "type": "message",
        "user": "U0R4D9RM5",
        "text": "Alrighty",
        "ts": "1459906567.000008"
    },
    {
        "type": "message",
        "user": "U0R4D9RM5",
        "text": "Hopefully we can get the program running at least, and then re factor and build from there.",
        "ts": "1459906638.000009"
    },
    {
        "type": "message",
        "user": "U0R4D9RM5",
        "text": "Jeet, are the jfree (for the charts) libs included in the zip? I can't find them",
        "ts": "1459907084.000010"
    },
    {
        "type": "message",
        "user": "U0R4EM6QN",
        "text": "Nope they are not",
        "ts": "1459912409.000011"
    },
    {
        "type": "message",
        "user": "U0R4EM6QN",
        "text": "My bad",
        "ts": "1459912413.000012"
    },
    {
        "type": "message",
        "user": "U0R4EM6QN",
        "text": "I added the lib directly by adding  external libs to source",
        "ts": "1459912493.000013"
    },
    {
        "type": "message",
        "user": "U0R4D9RM5",
        "text": "I'll just download it and add it then",
        "ts": "1459912508.000014"
    },
    {
        "type": "message",
        "user": "U0R4D9RM5",
        "text": "link me to the version?",
        "ts": "1459912515.000015"
    },
    {
        "type": "message",
        "user": "U0R4EM6QN",
        "text": "Are you trying to integrate the  two programs",
        "ts": "1459912548.000016"
    },
    {
        "type": "message",
        "user": "U0R4EM6QN",
        "text": "cuz i am working on the same thing now",
        "ts": "1459912555.000017"
    },
    {
        "type": "message",
        "user": "U0R4EM6QN",
        "text": "<http:\/\/www.jfree.org\/jfreechart\/download.html>",
        "attachments": [
            {
                "title": "JFreeChart: Download",
                "title_link": "http:\/\/www.jfree.org\/jfreechart\/download.html",
                "text": "The JFreeChart download page",
                "fallback": "JFreeChart: Download",
                "from_url": "http:\/\/www.jfree.org\/jfreechart\/download.html",
                "id": 1
            }
        ],
        "ts": "1459912602.000018"
    },
    {
        "type": "message",
        "user": "U0R4EM6QN",
        "text": "J common class library you need them all",
        "ts": "1459912615.000020"
    },
    {
        "type": "message",
        "user": "U0R4EM6QN",
        "text": "Link them to the source",
        "ts": "1459912629.000021"
    },
    {
        "type": "message",
        "user": "U0R4D9RM5",
        "text": "Oh okay,  well I'll let you intergrate them, I can patch it up and work on broken \/ missing functionality after you get it working instead",
        "ts": "1459912671.000022"
    },
    {
        "type": "message",
        "user": "U0R4EM6QN",
        "text": "The thing is though that we did  integration yesterdat",
        "ts": "1459912729.000023"
    },
    {
        "type": "message",
        "user": "U0R4EM6QN",
        "text": "yesterday",
        "ts": "1459912732.000024"
    },
    {
        "type": "message",
        "user": "U0R4EM6QN",
        "text": "so now its all about patchwork",
        "ts": "1459912744.000025"
    },
    {
        "type": "message",
        "user": "U0R4EM6QN",
        "text": "and because i had the envoirnment already with me",
        "ts": "1459912757.000026"
    },
    {
        "type": "message",
        "user": "U0R4EM6QN",
        "text": "I have tons of broken commented code",
        "ts": "1459912784.000027"
    },
    {
        "type": "message",
        "user": "U0R4EM6QN",
        "text": "which i trying to fix",
        "ts": "1459912798.000028"
    },
    {
        "type": "message",
        "user": "U0R4D9RM5",
        "text": "My suggestion is we just comment out any functions that are broken  and don't integrate with our code, allowing it to launch with missing functionality, and then work on building those bits with our functions",
        "ts": "1459912804.000029"
    },
    {
        "type": "message",
        "user": "U0R46MR7W",
        "text": "Hey can we commit and push the current changes",
        "ts": "1459914212.000030"
    },
    {
        "type": "message",
        "subtype": "file_share",
        "text": "<@U0R4EM6QN|jeet> uploaded a file: <https:\/\/septgroupteam.slack.com\/files\/jeet\/F0YANB7TR\/pasted_image_at_2016_04_06_03_26_pm.png|Pasted image at 2016-04-06, 3:26 PM>",
        "file": {
            "id": "F0YANB7TR",
            "created": 1459920407,
            "timestamp": 1459920407,
            "name": "Pasted image at 2016_04_06 03_26 PM.png",
            "title": "Pasted image at 2016-04-06, 3:26 PM",
            "mimetype": "image\/png",
            "filetype": "png",
            "pretty_type": "PNG",
            "user": "U0R4EM6QN",
            "editable": false,
            "size": 169559,
            "mode": "hosted",
            "is_external": false,
            "external_type": "",
            "is_public": true,
            "public_url_shared": false,
            "display_as_bot": false,
            "username": "",
            "url_private": "https:\/\/files.slack.com\/files-pri\/T0R416NJU-F0YANB7TR\/pasted_image_at_2016_04_06_03_26_pm.png?t=xoxe-25137226640-35377186839-35369919062-b50fb9a462",
            "url_private_download": "https:\/\/files.slack.com\/files-pri\/T0R416NJU-F0YANB7TR\/download\/pasted_image_at_2016_04_06_03_26_pm.png?t=xoxe-25137226640-35377186839-35369919062-b50fb9a462",
            "thumb_64": "https:\/\/files.slack.com\/files-tmb\/T0R416NJU-F0YANB7TR-b402c306b9\/pasted_image_at_2016_04_06_03_26_pm_64.png?t=xoxe-25137226640-35377186839-35369919062-b50fb9a462",
            "thumb_80": "https:\/\/files.slack.com\/files-tmb\/T0R416NJU-F0YANB7TR-b402c306b9\/pasted_image_at_2016_04_06_03_26_pm_80.png?t=xoxe-25137226640-35377186839-35369919062-b50fb9a462",
            "thumb_360": "https:\/\/files.slack.com\/files-tmb\/T0R416NJU-F0YANB7TR-b402c306b9\/pasted_image_at_2016_04_06_03_26_pm_360.png?t=xoxe-25137226640-35377186839-35369919062-b50fb9a462",
            "thumb_360_w": 360,
            "thumb_360_h": 202,
            "thumb_480": "https:\/\/files.slack.com\/files-tmb\/T0R416NJU-F0YANB7TR-b402c306b9\/pasted_image_at_2016_04_06_03_26_pm_480.png?t=xoxe-25137226640-35377186839-35369919062-b50fb9a462",
            "thumb_480_w": 480,
            "thumb_480_h": 270,
            "thumb_160": "https:\/\/files.slack.com\/files-tmb\/T0R416NJU-F0YANB7TR-b402c306b9\/pasted_image_at_2016_04_06_03_26_pm_160.png?t=xoxe-25137226640-35377186839-35369919062-b50fb9a462",
            "thumb_720": "https:\/\/files.slack.com\/files-tmb\/T0R416NJU-F0YANB7TR-b402c306b9\/pasted_image_at_2016_04_06_03_26_pm_720.png?t=xoxe-25137226640-35377186839-35369919062-b50fb9a462",
            "thumb_720_w": 720,
            "thumb_720_h": 405,
            "thumb_960": "https:\/\/files.slack.com\/files-tmb\/T0R416NJU-F0YANB7TR-b402c306b9\/pasted_image_at_2016_04_06_03_26_pm_960.png?t=xoxe-25137226640-35377186839-35369919062-b50fb9a462",
            "thumb_960_w": 960,
            "thumb_960_h": 540,
            "thumb_1024": "https:\/\/files.slack.com\/files-tmb\/T0R416NJU-F0YANB7TR-b402c306b9\/pasted_image_at_2016_04_06_03_26_pm_1024.png?t=xoxe-25137226640-35377186839-35369919062-b50fb9a462",
            "thumb_1024_w": 1024,
            "thumb_1024_h": 576,
            "image_exif_rotation": 1,
            "original_w": 1366,
            "original_h": 768,
            "permalink": "https:\/\/septgroupteam.slack.com\/files\/jeet\/F0YANB7TR\/pasted_image_at_2016_04_06_03_26_pm.png",
            "permalink_public": "https:\/\/slack-files.com\/T0R416NJU-F0YANB7TR-48fb70078d",
            "channels": [
                "C0R4C5BBL"
            ],
            "groups": [
    
            ],
            "ims": [
    
            ],
            "comments_count": 0
        },
        "user": "U0R4EM6QN",
        "upload": true,
        "display_as_bot": false,
        "username": "<@U0R4EM6QN|jeet>",
        "bot_id": null,
        "ts": "1459920410.000031"
    },
    {
        "type": "message",
        "user": "U0R4EM6QN",
        "text": "Program literally freezes trying to process that amounts of data",
        "ts": "1459920431.000032"
    },
    {
        "type": "message",
        "user": "U0R4EM6QN",
        "text": "Might need to multithread",
        "ts": "1459920464.000033"
    },
    {
        "type": "message",
        "user": "U0R4EM6QN",
        "text": "This is major issue i am not sure",
        "ts": "1459920617.000034"
    },
    {
        "type": "message",
        "user": "U0R4EM6QN",
        "text": "Hey wolf you know how your program took minutes to get data off the website",
        "ts": "1459920638.000035"
    },
    {
        "type": "message",
        "user": "U0R4EM6QN",
        "text": "If it does the same thing on a  java GUI then the thread freezes",
        "ts": "1459920655.000036"
    },
    {
        "type": "message",
        "user": "U0R46MR7W",
        "text": "Should take 2-3 seconds ",
        "ts": "1459920658.000037"
    },
    {
        "type": "message",
        "user": "U0R4EM6QN",
        "text": "Nah its taking more than that man",
        "ts": "1459920671.000038"
    },
    {
        "type": "message",
        "user": "U0R4EM6QN",
        "text": "Also sometimes your requests show errors",
        "ts": "1459920684.000039"
    },
    {
        "type": "message",
        "user": "U0R4EM6QN",
        "text": "on some runs",
        "ts": "1459920687.000040"
    },
    {
        "type": "message",
        "user": "U0R46MR7W",
        "text": "Weird what errors?  ",
        "ts": "1459920735.000041"
    },
    {
        "type": "message",
        "subtype": "file_share",
        "text": "<@U0R4EM6QN|jeet> uploaded a file: <https:\/\/septgroupteam.slack.com\/files\/jeet\/F0YAMM508\/pasted_image_at_2016_04_06_03_33_pm.png|Pasted image at 2016-04-06, 3:33 PM>",
        "file": {
            "id": "F0YAMM508",
            "created": 1459920802,
            "timestamp": 1459920802,
            "name": "Pasted image at 2016_04_06 03_33 PM.png",
            "title": "Pasted image at 2016-04-06, 3:33 PM",
            "mimetype": "image\/png",
            "filetype": "png",
            "pretty_type": "PNG",
            "user": "U0R4EM6QN",
            "editable": false,
            "size": 245733,
            "mode": "hosted",
            "is_external": false,
            "external_type": "",
            "is_public": true,
            "public_url_shared": false,
            "display_as_bot": false,
            "username": "",
            "url_private": "https:\/\/files.slack.com\/files-pri\/T0R416NJU-F0YAMM508\/pasted_image_at_2016_04_06_03_33_pm.png?t=xoxe-25137226640-35377186839-35369919062-b50fb9a462",
            "url_private_download": "https:\/\/files.slack.com\/files-pri\/T0R416NJU-F0YAMM508\/download\/pasted_image_at_2016_04_06_03_33_pm.png?t=xoxe-25137226640-35377186839-35369919062-b50fb9a462",
            "thumb_64": "https:\/\/files.slack.com\/files-tmb\/T0R416NJU-F0YAMM508-5874c036db\/pasted_image_at_2016_04_06_03_33_pm_64.png?t=xoxe-25137226640-35377186839-35369919062-b50fb9a462",
            "thumb_80": "https:\/\/files.slack.com\/files-tmb\/T0R416NJU-F0YAMM508-5874c036db\/pasted_image_at_2016_04_06_03_33_pm_80.png?t=xoxe-25137226640-35377186839-35369919062-b50fb9a462",
            "thumb_360": "https:\/\/files.slack.com\/files-tmb\/T0R416NJU-F0YAMM508-5874c036db\/pasted_image_at_2016_04_06_03_33_pm_360.png?t=xoxe-25137226640-35377186839-35369919062-b50fb9a462",
            "thumb_360_w": 360,
            "thumb_360_h": 202,
            "thumb_480": "https:\/\/files.slack.com\/files-tmb\/T0R416NJU-F0YAMM508-5874c036db\/pasted_image_at_2016_04_06_03_33_pm_480.png?t=xoxe-25137226640-35377186839-35369919062-b50fb9a462",
            "thumb_480_w": 480,
            "thumb_480_h": 270,
            "thumb_160": "https:\/\/files.slack.com\/files-tmb\/T0R416NJU-F0YAMM508-5874c036db\/pasted_image_at_2016_04_06_03_33_pm_160.png?t=xoxe-25137226640-35377186839-35369919062-b50fb9a462",
            "thumb_720": "https:\/\/files.slack.com\/files-tmb\/T0R416NJU-F0YAMM508-5874c036db\/pasted_image_at_2016_04_06_03_33_pm_720.png?t=xoxe-25137226640-35377186839-35369919062-b50fb9a462",
            "thumb_720_w": 720,
            "thumb_720_h": 405,
            "thumb_960": "https:\/\/files.slack.com\/files-tmb\/T0R416NJU-F0YAMM508-5874c036db\/pasted_image_at_2016_04_06_03_33_pm_960.png?t=xoxe-25137226640-35377186839-35369919062-b50fb9a462",
            "thumb_960_w": 960,
            "thumb_960_h": 540,
            "thumb_1024": "https:\/\/files.slack.com\/files-tmb\/T0R416NJU-F0YAMM508-5874c036db\/pasted_image_at_2016_04_06_03_33_pm_1024.png?t=xoxe-25137226640-35377186839-35369919062-b50fb9a462",
            "thumb_1024_w": 1024,
            "thumb_1024_h": 576,
            "image_exif_rotation": 1,
            "original_w": 1366,
            "original_h": 768,
            "permalink": "https:\/\/septgroupteam.slack.com\/files\/jeet\/F0YAMM508\/pasted_image_at_2016_04_06_03_33_pm.png",
            "permalink_public": "https:\/\/slack-files.com\/T0R416NJU-F0YAMM508-b0c55e9c96",
            "channels": [
                "C0R4C5BBL"
            ],
            "groups": [
    
            ],
            "ims": [
    
            ],
            "comments_count": 0
        },
        "user": "U0R4EM6QN",
        "upload": true,
        "display_as_bot": false,
        "username": "<@U0R4EM6QN|jeet>",
        "bot_id": null,
        "ts": "1459920805.000042"
    },
    {
        "type": "message",
        "user": "U0R4EM6QN",
        "text": "Apparently some get response errors",
        "ts": "1459920808.000043"
    },
    {
        "type": "message",
        "subtype": "file_share",
        "text": "<@U0R4EM6QN|jeet> uploaded a file: <https:\/\/septgroupteam.slack.com\/files\/jeet\/F0YAP3YBZ\/pasted_image_at_2016_04_06_03_33_pm.png|Pasted image at 2016-04-06, 3:33 PM>",
        "file": {
            "id": "F0YAP3YBZ",
            "created": 1459920832,
            "timestamp": 1459920832,
            "name": "Pasted image at 2016_04_06 03_33 PM.png",
            "title": "Pasted image at 2016-04-06, 3:33 PM",
            "mimetype": "image\/png",
            "filetype": "png",
            "pretty_type": "PNG",
            "user": "U0R4EM6QN",
            "editable": false,
            "size": 240115,
            "mode": "hosted",
            "is_external": false,
            "external_type": "",
            "is_public": true,
            "public_url_shared": false,
            "display_as_bot": false,
            "username": "",
            "url_private": "https:\/\/files.slack.com\/files-pri\/T0R416NJU-F0YAP3YBZ\/pasted_image_at_2016_04_06_03_33_pm.png?t=xoxe-25137226640-35377186839-35369919062-b50fb9a462",
            "url_private_download": "https:\/\/files.slack.com\/files-pri\/T0R416NJU-F0YAP3YBZ\/download\/pasted_image_at_2016_04_06_03_33_pm.png?t=xoxe-25137226640-35377186839-35369919062-b50fb9a462",
            "thumb_64": "https:\/\/files.slack.com\/files-tmb\/T0R416NJU-F0YAP3YBZ-f1b466b991\/pasted_image_at_2016_04_06_03_33_pm_64.png?t=xoxe-25137226640-35377186839-35369919062-b50fb9a462",
            "thumb_80": "https:\/\/files.slack.com\/files-tmb\/T0R416NJU-F0YAP3YBZ-f1b466b991\/pasted_image_at_2016_04_06_03_33_pm_80.png?t=xoxe-25137226640-35377186839-35369919062-b50fb9a462",
            "thumb_360": "https:\/\/files.slack.com\/files-tmb\/T0R416NJU-F0YAP3YBZ-f1b466b991\/pasted_image_at_2016_04_06_03_33_pm_360.png?t=xoxe-25137226640-35377186839-35369919062-b50fb9a462",
            "thumb_360_w": 360,
            "thumb_360_h": 202,
            "thumb_480": "https:\/\/files.slack.com\/files-tmb\/T0R416NJU-F0YAP3YBZ-f1b466b991\/pasted_image_at_2016_04_06_03_33_pm_480.png?t=xoxe-25137226640-35377186839-35369919062-b50fb9a462",
            "thumb_480_w": 480,
            "thumb_480_h": 270,
            "thumb_160": "https:\/\/files.slack.com\/files-tmb\/T0R416NJU-F0YAP3YBZ-f1b466b991\/pasted_image_at_2016_04_06_03_33_pm_160.png?t=xoxe-25137226640-35377186839-35369919062-b50fb9a462",
            "thumb_720": "https:\/\/files.slack.com\/files-tmb\/T0R416NJU-F0YAP3YBZ-f1b466b991\/pasted_image_at_2016_04_06_03_33_pm_720.png?t=xoxe-25137226640-35377186839-35369919062-b50fb9a462",
            "thumb_720_w": 720,
            "thumb_720_h": 405,
            "thumb_960": "https:\/\/files.slack.com\/files-tmb\/T0R416NJU-F0YAP3YBZ-f1b466b991\/pasted_image_at_2016_04_06_03_33_pm_960.png?t=xoxe-25137226640-35377186839-35369919062-b50fb9a462",
            "thumb_960_w": 960,
            "thumb_960_h": 540,
            "thumb_1024": "https:\/\/files.slack.com\/files-tmb\/T0R416NJU-F0YAP3YBZ-f1b466b991\/pasted_image_at_2016_04_06_03_33_pm_1024.png?t=xoxe-25137226640-35377186839-35369919062-b50fb9a462",
            "thumb_1024_w": 1024,
            "thumb_1024_h": 576,
            "image_exif_rotation": 1,
            "original_w": 1366,
            "original_h": 768,
            "permalink": "https:\/\/septgroupteam.slack.com\/files\/jeet\/F0YAP3YBZ\/pasted_image_at_2016_04_06_03_33_pm.png",
            "permalink_public": "https:\/\/slack-files.com\/T0R416NJU-F0YAP3YBZ-aa828f2b93",
            "channels": [
                "C0R4C5BBL"
            ],
            "groups": [
    
            ],
            "ims": [
    
            ],
            "comments_count": 0
        },
        "user": "U0R4EM6QN",
        "upload": true,
        "display_as_bot": false,
        "username": "<@U0R4EM6QN|jeet>",
        "bot_id": null,
        "ts": "1459920834.000044"
    },
    {
        "type": "message",
        "user": "U0R46MR7W",
        "text": "Call the the getstate weather need to be in lower case",
        "ts": "1459920869.000045"
    },
    {
        "type": "message",
        "user": "U0R4EM6QN",
        "text": "Yep",
        "ts": "1459920885.000046"
    },
    {
        "type": "message",
        "user": "U0R46MR7W",
        "text": "Try vic rather than VIC",
        "ts": "1459920887.000047"
    },
    {
        "type": "message",
        "user": "U0R46MR7W",
        "text": "I will change it to auto lower it when I can get back to my pc",
        "ts": "1459920920.000048"
    },
    {
        "type": "message",
        "user": "U0R46MR7W",
        "text": "Weather.Getstateweater(\"vic\") I think it is",
        "ts": "1459921016.000049"
    },
    {
        "type": "message",
        "user": "U0R46MR7W",
        "text": "Maybe you just change the getstateweather class to lower the string I can't atm locked out of my apartment ",
        "ts": "1459921185.000050"
    }
]