[
    {
        "type": "message",
        "user": "U0R46MR7W",
        "text": "AddtoFavListener",
        "ts": "1460704144.000194"
    },
    {
        "type": "message",
        "user": "U0R46MR7W",
        "text": "where is it?",
        "ts": "1460704146.000195"
    },
    {
        "type": "message",
        "user": "U0R46MR7W",
        "text": "project wont build",
        "ts": "1460704152.000196"
    },
    {
        "type": "message",
        "user": "U0R46MR7W",
        "text": "com.sept01.view.listener.AddtoFavListener;",
        "ts": "1460704546.000197"
    },
    {
        "type": "message",
        "user": "U0R46MR7W",
        "text": "seems to be missing",
        "ts": "1460704550.000198"
    },
    {
        "type": "message",
        "user": "U0R4EM6QN",
        "text": "Nope it shoudl all be here",
        "ts": "1460706279.000199"
    },
    {
        "type": "message",
        "user": "U0R46MR7W",
        "text": "can you upload the .java",
        "ts": "1460706307.000200"
    },
    {
        "type": "message",
        "user": "U0R46MR7W",
        "text": "ill do it manually",
        "ts": "1460706311.000201"
    },
    {
        "type": "message",
        "user": "U0R46MR7W",
        "text": "github doesnt have it",
        "ts": "1460706318.000202"
    },
    {
        "type": "message",
        "user": "U0R4EM6QN",
        "text": "Sorry recently added that in",
        "ts": "1460706339.000203"
    },
    {
        "type": "message",
        "user": "U0R4EM6QN",
        "text": "You should now be able to add or remove favouriates",
        "ts": "1460706368.000204"
    },
    {
        "type": "message",
        "user": "U0R4EM6QN",
        "text": "and no repeats of favouroates",
        "ts": "1460706374.000205"
    },
    {
        "type": "message",
        "user": "U0R46MR7W",
        "text": "RemFavListener",
        "ts": "1460706377.000206"
    },
    {
        "type": "message",
        "user": "U0R46MR7W",
        "text": "is also what is it",
        "ts": "1460706384.000207"
    },
    {
        "type": "message",
        "user": "U0R46MR7W",
        "text": "its missing too",
        "ts": "1460706396.000208"
    },
    {
        "type": "message",
        "user": "U0R46MR7W",
        "text": "where should it be'",
        "ts": "1460706407.000209"
    },
    {
        "type": "message",
        "user": "U0R46MR7W",
        "text": "should it be in com.sept01.view.listner",
        "ts": "1460707007.000210"
    },
    {
        "type": "message",
        "subtype": "file_share",
        "text": "<@U0R46MR7W|wolfzimmermann> uploaded a file: <https:\/\/septgroupteam.slack.com\/files\/wolfzimmermann\/F10UT36C9\/missing.jpg|missing.JPG>",
        "file": {
            "id": "F10UT36C9",
            "created": 1460707134,
            "timestamp": 1460707134,
            "name": "missing.JPG",
            "title": "missing.JPG",
            "mimetype": "image\/jpeg",
            "filetype": "jpg",
            "pretty_type": "JPEG",
            "user": "U0R46MR7W",
            "editable": false,
            "size": 36951,
            "mode": "hosted",
            "is_external": false,
            "external_type": "",
            "is_public": true,
            "public_url_shared": false,
            "display_as_bot": false,
            "username": "",
            "url_private": "https:\/\/files.slack.com\/files-pri\/T0R416NJU-F10UT36C9\/missing.jpg?t=xoxe-25137226640-35377186839-35369919062-b50fb9a462",
            "url_private_download": "https:\/\/files.slack.com\/files-pri\/T0R416NJU-F10UT36C9\/download\/missing.jpg?t=xoxe-25137226640-35377186839-35369919062-b50fb9a462",
            "thumb_64": "https:\/\/files.slack.com\/files-tmb\/T0R416NJU-F10UT36C9-d0ff1d231c\/missing_64.jpg?t=xoxe-25137226640-35377186839-35369919062-b50fb9a462",
            "thumb_80": "https:\/\/files.slack.com\/files-tmb\/T0R416NJU-F10UT36C9-d0ff1d231c\/missing_80.jpg?t=xoxe-25137226640-35377186839-35369919062-b50fb9a462",
            "thumb_360": "https:\/\/files.slack.com\/files-tmb\/T0R416NJU-F10UT36C9-d0ff1d231c\/missing_360.jpg?t=xoxe-25137226640-35377186839-35369919062-b50fb9a462",
            "thumb_360_w": 360,
            "thumb_360_h": 84,
            "thumb_480": "https:\/\/files.slack.com\/files-tmb\/T0R416NJU-F10UT36C9-d0ff1d231c\/missing_480.jpg?t=xoxe-25137226640-35377186839-35369919062-b50fb9a462",
            "thumb_480_w": 480,
            "thumb_480_h": 112,
            "thumb_160": "https:\/\/files.slack.com\/files-tmb\/T0R416NJU-F10UT36C9-d0ff1d231c\/missing_160.jpg?t=xoxe-25137226640-35377186839-35369919062-b50fb9a462",
            "thumb_720": "https:\/\/files.slack.com\/files-tmb\/T0R416NJU-F10UT36C9-d0ff1d231c\/missing_720.jpg?t=xoxe-25137226640-35377186839-35369919062-b50fb9a462",
            "thumb_720_w": 720,
            "thumb_720_h": 167,
            "thumb_960": "https:\/\/files.slack.com\/files-tmb\/T0R416NJU-F10UT36C9-d0ff1d231c\/missing_960.jpg?t=xoxe-25137226640-35377186839-35369919062-b50fb9a462",
            "thumb_960_w": 960,
            "thumb_960_h": 223,
            "thumb_1024": "https:\/\/files.slack.com\/files-tmb\/T0R416NJU-F10UT36C9-d0ff1d231c\/missing_1024.jpg?t=xoxe-25137226640-35377186839-35369919062-b50fb9a462",
            "thumb_1024_w": 1024,
            "thumb_1024_h": 238,
            "image_exif_rotation": 1,
            "original_w": 1106,
            "original_h": 257,
            "permalink": "https:\/\/septgroupteam.slack.com\/files\/wolfzimmermann\/F10UT36C9\/missing.jpg",
            "permalink_public": "https:\/\/slack-files.com\/T0R416NJU-F10UT36C9-48b77661f6",
            "channels": [
                "C0R4C5BBL"
            ],
            "groups": [
    
            ],
            "ims": [
    
            ],
            "comments_count": 0
        },
        "user": "U0R46MR7W",
        "upload": true,
        "display_as_bot": false,
        "username": "<@U0R46MR7W|wolfzimmermann>",
        "bot_id": null,
        "ts": "1460707136.000211"
    },
    {
        "type": "message",
        "user": "U0R46MR7W",
        "text": "try edit them and make sure they are showing in github and commit them",
        "ts": "1460708289.000212"
    },
    {
        "type": "message",
        "user": "U0R46MR7W",
        "text": "check on the github website and make sure they are there if not just upload the .javas here",
        "ts": "1460708323.000213"
    },
    {
        "type": "message",
        "user": "U0R4EM6QN",
        "text": "Its added",
        "ts": "1460708853.000214"
    },
    {
        "type": "message",
        "user": "U0R4EM6QN",
        "text": "Both should now be there",
        "ts": "1460708910.000215"
    },
    {
        "type": "message",
        "user": "U0R4EM6QN",
        "text": "Also i dont think there is a need to show multiple datasets for max and mix temperatures",
        "ts": "1460712792.000216"
    },
    {
        "type": "message",
        "user": "U0R4EM6QN",
        "text": "What we have now accurately gives the time and  temperature info",
        "ts": "1460712816.000217"
    },
    {
        "type": "message",
        "user": "U0R4EM6QN",
        "text": "Time info will be lost if we consider multiple datasets",
        "ts": "1460712837.000218"
    },
    {
        "type": "message",
        "user": "U0R4EM6QN",
        "text": "I think what we have now is fine as long as it depicts right info",
        "ts": "1460712853.000219"
    },
    {
        "type": "message",
        "user": "U0R4EM6QN",
        "text": "If  everybody thinks that we must change then i can change",
        "ts": "1460712875.000220"
    },
    {
        "type": "message",
        "user": "U0R4EM6QN",
        "text": "Just to reiterate",
        "ts": "1460713158.000221"
    },
    {
        "type": "message",
        "user": "U0R4EM6QN",
        "text": "Most of the things are fixed",
        "ts": "1460713174.000222"
    },
    {
        "type": "message",
        "user": "U0R4EM6QN",
        "text": "1) Code Cleaning and making the UI look better needs to done by Joshua",
        "ts": "1460713651.000223"
    },
    {
        "type": "message",
        "user": "U0R4EM6QN",
        "text": "2) Sarah is taking care of the documentation",
        "ts": "1460713661.000224"
    },
    {
        "type": "message",
        "user": "U0R4EM6QN",
        "text": "3) Wolf need to do the tweaking and make sure everything is in place as need by the spec",
        "ts": "1460713713.000225"
    },
    {
        "type": "message",
        "user": "U0R4EM6QN",
        "text": "As discussed yesterday everything you asked me to fix wolf has been fixed please take it from here.",
        "ts": "1460713745.000226"
    },
    {
        "type": "message",
        "user": "U0R4EM6QN",
        "text": "Thanks",
        "ts": "1460713971.000227"
    },
    {
        "type": "message",
        "user": "U0R4CQRK9",
        "text": "I've synced the latest changes, but there are errors involved when attemepting to run it. I will be doing the new images for buttons, but can't fix code until the errors are fixed, I can't be the only one having these errors?",
        "ts": "1460726034.000228"
    },
    {
        "type": "message",
        "user": "U0R4EM6QN",
        "text": "What errors",
        "ts": "1460726414.000229"
    },
    {
        "type": "message",
        "user": "U0R4EM6QN",
        "text": "Describe em",
        "ts": "1460726467.000230"
    },
    {
        "type": "message",
        "user": "U0R4EM6QN",
        "text": "There should be no errors other than additional strings added in by GIT HUB you just have to delete  em",
        "ts": "1460726504.000231"
    },
    {
        "type": "message",
        "user": "U0R4D9RM5",
        "text": "Hey guys~ fantastic work everyone! :simple_smile:\nNow that the program is functional and mostly finished I should be able to polish up the user documentation, I'll update it all through github.\nI'm a little stuck with the System Tests, as I'm not actually sure what else we can test in terms of functionality, and I also don't know how to 'test' the program refreshes. If someone wants to help with that, that would be sweet.\nI've got crazy amounts of stuff on today, but I'll make a point to commit tonight to trying to implement jUnit tests that will hopefully reflect well on the assessors.\n\nJoshua - How did the component and sequence diagrams go?",
        "ts": "1460763241.000232"
    },
    {
        "type": "message",
        "user": "U0R4CQRK9",
        "text": "I have completed the component diagram, the sequence diagram will be done by today",
        "ts": "1460788430.000233"
    }
]