[
    {
        "type": "message",
        "user": "U0R46MR7W",
        "text": "ACT seems to be part of NSW",
        "ts": "1460102396.000072"
    },
    {
        "type": "message",
        "user": "U0R46MR7W",
        "text": "as far as BOM cares",
        "ts": "1460102401.000073"
    },
    {
        "type": "message",
        "user": "U0R4D9RM5",
        "text": "Antartica?",
        "ts": "1460102483.000074"
    },
    {
        "type": "message",
        "user": "U0R46MR7W",
        "text": "Australia capital territory",
        "ts": "1460102508.000075"
    },
    {
        "type": "message",
        "user": "U0R4D9RM5",
        "text": "Ohh",
        "ts": "1460102518.000076"
    },
    {
        "type": "message",
        "user": "U0R4D9RM5",
        "text": "Is that a problem?",
        "ts": "1460102525.000077"
    },
    {
        "type": "message",
        "user": "U0R46MR7W",
        "text": "well all data for act will be loading into NSW",
        "ts": "1460102541.000078"
    },
    {
        "type": "message",
        "user": "U0R46MR7W",
        "text": "due to how BOM has it I dont see a good way of sorting the ACT stuff out",
        "ts": "1460102562.000079"
    },
    {
        "type": "message",
        "user": "U0R4D9RM5",
        "text": "Hmmmm",
        "ts": "1460102629.000080"
    },
    {
        "type": "message",
        "user": "U0R46MR7W",
        "text": "Also I can fix the Antarctica  button but for now it will just show ANT",
        "ts": "1460102715.000081"
    },
    {
        "type": "message",
        "user": "U0R46MR7W",
        "text": "maybe jeet can fix that though",
        "ts": "1460102727.000082"
    },
    {
        "type": "message",
        "user": "U0R4D9RM5",
        "text": "Yeah. Just fix it for now.",
        "ts": "1460102748.000083"
    },
    {
        "type": "message",
        "user": "U0R4D9RM5",
        "text": "So what time was our \"meeting\" supposed to be exactly?",
        "ts": "1460102765.000084"
    },
    {
        "type": "message",
        "user": "U0R46MR7W",
        "text": "uhh it was 4:30",
        "ts": "1460102776.000085"
    },
    {
        "type": "message",
        "user": "U0R46MR7W",
        "text": "but didn't happen",
        "ts": "1460102797.000086"
    },
    {
        "type": "message",
        "user": "U0R4D9RM5",
        "text": "I see. Hrm.",
        "ts": "1460102799.000087"
    },
    {
        "type": "message",
        "user": "U0R4D9RM5",
        "text": "I've just been lurking around here all day, working on documentation and other assignments.",
        "ts": "1460102811.000088"
    },
    {
        "type": "message",
        "user": "U0R4D9RM5",
        "text": "Well do you wanna make a comprehensive to-do list with me for the assignment when you're done with fixing Antartica?",
        "ts": "1460102880.000089"
    },
    {
        "type": "message",
        "user": "U0R46MR7W",
        "text": "Yeah we should go through the trello and remake the tasks",
        "ts": "1460102907.000090"
    },
    {
        "type": "message",
        "user": "U0R4D9RM5",
        "text": ":smile:",
        "ts": "1460102913.000091"
    },
    {
        "type": "message",
        "user": "U0R46MR7W",
        "text": "okay lets do it",
        "ts": "1460102942.000092"
    },
    {
        "type": "message",
        "user": "U0R4D9RM5",
        "text": "woo",
        "ts": "1460102948.000093"
    },
    {
        "type": "message",
        "user": "U0R46MR7W",
        "text": ":+1:",
        "ts": "1460102990.000094"
    },
    {
        "type": "message",
        "user": "U0R4D9RM5",
        "text": "I guess the first question, is what functionality is currently broken\/not finished?",
        "ts": "1460103025.000095"
    },
    {
        "type": "message",
        "user": "U0R46MR7W",
        "text": "Okay we have data loading",
        "ts": "1460103038.000096"
    },
    {
        "type": "message",
        "user": "U0R46MR7W",
        "text": "gui main menu",
        "ts": "1460103046.000097"
    },
    {
        "type": "message",
        "user": "U0R46MR7W",
        "text": "and some other sub menus",
        "ts": "1460103063.000098"
    },
    {
        "type": "message",
        "user": "U0R46MR7W",
        "text": "window management is working",
        "ts": "1460103075.000099"
    },
    {
        "type": "message",
        "user": "U0R46MR7W",
        "text": "Data charts are not working",
        "ts": "1460103101.000100"
    },
    {
        "type": "message",
        "user": "U0R4D9RM5",
        "text": "What do you mean exactly by Window management?",
        "ts": "1460103142.000101"
    },
    {
        "type": "message",
        "user": "U0R46MR7W",
        "text": "where the windows open and what not",
        "ts": "1460103354.000102"
    },
    {
        "type": "message",
        "user": "U0R4D9RM5",
        "text": "Did you check out the user document at all? It's full of mistakes and isn't finished yet. Mostly placeholder stuff until the program comes together a bit more. But did you think it was somewhat suitable?",
        "ts": "1460103360.000103"
    },
    {
        "type": "message",
        "user": "U0R4D9RM5",
        "text": "Alrighty",
        "ts": "1460103371.000104"
    },
    {
        "type": "message",
        "user": "U0R46MR7W",
        "text": "look good",
        "ts": "1460103460.000105"
    },
    {
        "type": "message",
        "user": "U0R46MR7W",
        "text": "looks",
        "ts": "1460103463.000106"
    },
    {
        "type": "message",
        "user": "U0R4D9RM5",
        "text": "c:",
        "ts": "1460103470.000107"
    },
    {
        "type": "message",
        "user": "U0R4D9RM5",
        "text": "What else should go on the to-do list?",
        "ts": "1460103582.000108"
    },
    {
        "type": "message",
        "user": "U0R46MR7W",
        "text": "Data refresh",
        "ts": "1460103796.000109"
    },
    {
        "type": "message",
        "user": "U0R46MR7W",
        "text": "The program should have either a refresh button (to check if updated information is available) or a continually running background thread that automatically refreshes the information. The information should be automatically refreshed when the program starts up.",
        "ts": "1460103804.000110"
    },
    {
        "type": "message",
        "user": "U0R46MR7W",
        "text": "that would need to be called from the GUI some how",
        "ts": "1460103837.000111"
    },
    {
        "type": "message",
        "user": "U0R46MR7W",
        "text": "Nice the tasks look great should we delete a few of the old ones that overlap",
        "ts": "1460103919.000112"
    },
    {
        "type": "message",
        "user": "U0R4D9RM5",
        "text": "Yeah, that's why I put it into it's own list.",
        "ts": "1460103947.000113"
    },
    {
        "type": "message",
        "user": "U0R4D9RM5",
        "text": "Hrm",
        "ts": "1460103949.000114"
    },
    {
        "type": "message",
        "user": "U0R46MR7W",
        "text": "Do we need a build system of some sort",
        "ts": "1460104098.000115"
    },
    {
        "type": "message",
        "user": "U0R4D9RM5",
        "text": "Can we just export a .jar file that will execute?",
        "ts": "1460104119.000116"
    },
    {
        "type": "message",
        "user": "U0R46MR7W",
        "text": "but we have libs",
        "ts": "1460104130.000117"
    },
    {
        "type": "message",
        "user": "U0R46MR7W",
        "text": "Ill give it try now",
        "ts": "1460104139.000118"
    },
    {
        "type": "message",
        "user": "U0R4D9RM5",
        "text": "I added in the libs that were missing from Jeet's code.",
        "ts": "1460104151.000119"
    },
    {
        "type": "message",
        "user": "U0R4D9RM5",
        "text": "I'm just going through the marking guide picking out some key things and adding them to the to-do list",
        "ts": "1460104178.000120"
    },
    {
        "type": "message",
        "user": "U0R46MR7W",
        "text": "yeah sounds good",
        "ts": "1460104201.000121"
    },
    {
        "type": "message",
        "user": "U0R4D9RM5",
        "text": "I hate that 5% bonus mark section.",
        "ts": "1460104226.000122"
    },
    {
        "type": "message",
        "user": "U0R46MR7W",
        "text": "What is it?",
        "ts": "1460104244.000123"
    },
    {
        "type": "message",
        "user": "U0R4D9RM5",
        "text": "It's not a clear goal we can achieve, we basically have to have done something fancy and feel the need to point it out to the markers.",
        "ts": "1460104246.000124"
    },
    {
        "type": "message",
        "user": "U0R4D9RM5",
        "text": "\"Bonus - 5%\nup to 5% bonus for aspects that are more advanced and\/or novel, e.g., the implementation of design pattern\/s, more extensive test cases or unit testing, etc\nYou must point out any such features in your README file to ensure the markers noticethem.\"",
        "ts": "1460104253.000125"
    },
    {
        "type": "message",
        "user": "U0R46MR7W",
        "text": "weird",
        "ts": "1460104268.000126"
    },
    {
        "type": "message",
        "user": "U0R46MR7W",
        "text": "I dont like that",
        "ts": "1460104281.000127"
    },
    {
        "type": "message",
        "user": "U0R4D9RM5",
        "text": "So I guess if we feel we did anything exciting we should include it in the readme?",
        "ts": "1460104288.000128"
    },
    {
        "type": "message",
        "user": "U0R4D9RM5",
        "text": "Yeah, it's annoying.",
        "ts": "1460104294.000129"
    },
    {
        "type": "message",
        "user": "U0R4D9RM5",
        "text": "Error handling + UI makes 20% of the grade.",
        "ts": "1460104320.000130"
    },
    {
        "type": "message",
        "user": "U0R46MR7W",
        "text": "damm thats alot",
        "ts": "1460104344.000131"
    },
    {
        "type": "message",
        "user": "U0R46MR7W",
        "text": "I need to build better error handling into my data scrape tbh",
        "ts": "1460104366.000132"
    },
    {
        "type": "message",
        "user": "U0R4D9RM5",
        "text": "I find it really amusing that \nis the product multi-platform; android-only should support different phone platform and screen sizes\nis part of the marking guide. Even professional android developers struggle intensely with managing different screen sizes.",
        "ts": "1460104368.000133"
    },
    {
        "type": "message",
        "user": "U0R46MR7W",
        "text": "yeah",
        "ts": "1460104384.000134"
    },
    {
        "type": "message",
        "user": "U0R46MR7W",
        "text": "doing this on android would be such a pain",
        "ts": "1460104416.000135"
    },
    {
        "type": "message",
        "user": "U0R4D9RM5",
        "text": "Yup.",
        "ts": "1460104446.000136"
    },
    {
        "type": "message",
        "user": "U0R4D9RM5",
        "text": "Luckily 25% is \"Process\"\nHigh-level design: clarity, design\nis there come clear description of the high-level design\ndoes the design\/architecture look appropriate\nEvidence of testing\nare there test cases and their status\nare they reasonably comprehensive\nEvidence of collaborative process and tool use\nminimum tools to provide logs for include: project planning, communication, code repository, test management\ndo tools seem to have been used properly and effectively\ndo tools reflect a constant contribution over at least the final mark",
        "ts": "1460104503.000137"
    },
    {
        "type": "message",
        "user": "U0R4D9RM5",
        "text": "which once we implement some testing we should get most of the marks for, I hope haha",
        "ts": "1460104538.000138"
    },
    {
        "type": "message",
        "user": "U0R46MR7W",
        "text": "true that's good and quite reasonable",
        "ts": "1460104608.000139"
    },
    {
        "type": "message",
        "user": "U0R46MR7W",
        "text": "Okay to make it work after the export we need to copy images folder into the same directory as the .jar",
        "ts": "1460104836.000140"
    },
    {
        "type": "message",
        "user": "U0R4D9RM5",
        "text": "Alrighty.",
        "ts": "1460104880.000141"
    },
    {
        "type": "message",
        "user": "U0R4D9RM5",
        "text": "I'm just trying to get junit testing working",
        "ts": "1460104895.000142"
    },
    {
        "type": "message",
        "user": "U0R4D9RM5",
        "text": "lol",
        "ts": "1460104927.000143"
    },
    {
        "type": "message",
        "user": "U0R4D9RM5",
        "text": "would've helped if I downloaded the lib",
        "ts": "1460104933.000144"
    },
    {
        "type": "message",
        "user": "U0R46MR7W",
        "text": "Haha",
        "ts": "1460105052.000145"
    },
    {
        "type": "message",
        "user": "U0R46MR7W",
        "text": "I have done that to many times",
        "ts": "1460105100.000146"
    },
    {
        "type": "message",
        "user": "U0R4D9RM5",
        "text": "I made the poor assumption junit was something automatically built into java. :stuck_out_tongue:",
        "ts": "1460105261.000147"
    },
    {
        "type": "message",
        "user": "U0R4D9RM5",
        "text": "Now I'm having the weird problem of my public class UnitTests line giving me syntax errors.",
        "ts": "1460105301.000148"
    },
    {
        "type": "message",
        "user": "U0R46MR7W",
        "text": "haha It would make sense if it was built in.",
        "ts": "1460105331.000149"
    },
    {
        "type": "message",
        "user": "U0R4D9RM5",
        "text": "Maybe it's still a library issue...",
        "ts": "1460105471.000150"
    },
    {
        "type": "message",
        "user": "U0R4D9RM5",
        "text": ".... &gt;.&gt;",
        "ts": "1460105652.000151"
    },
    {
        "type": "message",
        "user": "U0R4D9RM5",
        "text": "omg",
        "ts": "1460105654.000152"
    },
    {
        "type": "message",
        "user": "U0R4D9RM5",
        "text": "I'm like for several minutes sitting here going WHERE ARE MY MF MISPLACED CONSTRUCTS!? turns out I was defining my imports inside my class *headdesk*",
        "ts": "1460105678.000153"
    },
    {
        "type": "message",
        "user": "U0R46MR7W",
        "text": "that sucks",
        "ts": "1460105775.000154"
    },
    {
        "type": "message",
        "user": "U0R4D9RM5",
        "text": "I'm just a tool apparently :stuck_out_tongue:",
        "ts": "1460105785.000155"
    },
    {
        "type": "message",
        "user": "U0R4D9RM5",
        "text": "but anyway, I'm finally all good to start coding the tests.",
        "ts": "1460105798.000156"
    },
    {
        "type": "message",
        "user": "U0R46MR7W",
        "text": "yay we can have tests and confirm things actually work haha",
        "ts": "1460105878.000157"
    },
    {
        "type": "message",
        "user": "U0R4D9RM5",
        "text": "got any suggestions for what I should start writing the tests for?",
        "ts": "1460105890.000158"
    },
    {
        "type": "message",
        "user": "U0R46MR7W",
        "text": "Im going to have dinner Ill probably be back on later",
        "ts": "1460105891.000159"
    },
    {
        "type": "message",
        "user": "U0R4D9RM5",
        "text": "I will also do so shortly.",
        "ts": "1460105900.000160"
    },
    {
        "type": "message",
        "user": "U0R46MR7W",
        "text": "data loading maybe",
        "ts": "1460105908.000161"
    },
    {
        "type": "message",
        "user": "U0R4D9RM5",
        "text": "yeah",
        "ts": "1460105912.000162"
    },
    {
        "type": "message",
        "user": "U0R46MR7W",
        "text": "or gui loading",
        "ts": "1460105932.000163"
    },
    {
        "type": "message",
        "user": "U0R46MR7W",
        "text": "thats pretty much everything we have haha",
        "ts": "1460105946.000164"
    },
    {
        "type": "message",
        "user": "U0R4D9RM5",
        "text": "alright, sounds good, it shouldn't conflict with much with working on other things since it's just in the new UnitTests class",
        "ts": "1460105977.000165"
    },
    {
        "type": "message",
        "user": "U0R46MR7W",
        "text": "okay good luck",
        "ts": "1460106028.000166"
    },
    {
        "type": "message",
        "user": "U0R4EM6QN",
        "text": "Hey guys i completely forgot about this",
        "ts": "1460107491.000167"
    },
    {
        "type": "message",
        "user": "U0R4EM6QN",
        "text": "sheat",
        "ts": "1460107508.000168"
    },
    {
        "type": "message",
        "user": "U0R4D9RM5",
        "text": "Hey Jeet.",
        "ts": "1460107513.000169"
    },
    {
        "type": "message",
        "user": "U0R4EM6QN",
        "text": "Extremely sorry",
        "ts": "1460107524.000170"
    },
    {
        "type": "message",
        "user": "U0R4EM6QN",
        "text": "Hi Sarah",
        "ts": "1460107537.000171"
    },
    {
        "type": "message",
        "user": "U0R46MR7W",
        "text": "Hello ",
        "ts": "1460107551.000172"
    },
    {
        "type": "message",
        "user": "U0R4D9RM5",
        "text": "It's all good. Wolf and I put together a To-Do list on trello.",
        "ts": "1460107555.000173"
    },
    {
        "type": "message",
        "user": "U0R4EM6QN",
        "text": "I am two hours late ino the  meeting",
        "ts": "1460107557.000174"
    },
    {
        "type": "message",
        "user": "U0R4D9RM5",
        "text": "and I'm working on developing user documentation and Junit testing",
        "ts": "1460107563.000175"
    },
    {
        "type": "message",
        "user": "U0R4EM6QN",
        "text": "Lovely",
        "ts": "1460107571.000176"
    },
    {
        "type": "message",
        "user": "U0R4EM6QN",
        "text": "Thats nice i wanted to see someone do that",
        "ts": "1460107583.000177"
    },
    {
        "type": "message",
        "user": "U0R4EM6QN",
        "text": "Youre Great!",
        "ts": "1460107587.000178"
    },
    {
        "type": "message",
        "user": "U0R4EM6QN",
        "text": ":simple_smile:",
        "ts": "1460107599.000179"
    },
    {
        "type": "message",
        "user": "U0R4D9RM5",
        "text": "You can find the work in progress user documentation on github c:",
        "ts": "1460107631.000180"
    },
    {
        "type": "message",
        "user": "U0R4EM6QN",
        "text": "Ohk",
        "ts": "1460107641.000181"
    },
    {
        "type": "message",
        "user": "U0R4D9RM5",
        "text": "My full attention will be on SEPT as soon as CT is over.",
        "ts": "1460107645.000182"
    },
    {
        "type": "message",
        "user": "U0R4EM6QN",
        "text": "I am just quickly going to see that now",
        "ts": "1460107652.000183"
    },
    {
        "type": "message",
        "user": "U0R4EM6QN",
        "text": "Yep same",
        "ts": "1460107655.000184"
    },
    {
        "type": "message",
        "user": "U0R4EM6QN",
        "text": "did u see my example",
        "ts": "1460107660.000185"
    },
    {
        "type": "message",
        "user": "U0R4D9RM5",
        "text": "I did. I think you sorta got what I was saying",
        "ts": "1460107700.000186"
    },
    {
        "type": "message",
        "user": "U0R4EM6QN",
        "text": "But Wolf was saying that Null string is present in every language",
        "ts": "1460107727.000187"
    },
    {
        "type": "message",
        "user": "U0R4EM6QN",
        "text": "that confused me",
        "ts": "1460107731.000188"
    },
    {
        "type": "message",
        "user": "U0R4EM6QN",
        "text": "again",
        "ts": "1460107740.000189"
    },
    {
        "type": "message",
        "user": "U0R4EM6QN",
        "text": ":disappointed:",
        "ts": "1460107745.000190"
    },
    {
        "type": "message",
        "user": "U0R4D9RM5",
        "text": "the language of a machine that requires a non null transition to get to the final state is a different language to that of a machine that doesn't",
        "ts": "1460108225.000191"
    },
    {
        "type": "message",
        "user": "U0R4EM6QN",
        "text": "true",
        "ts": "1460108456.000192"
    },
    {
        "type": "message",
        "user": "U0R4D9RM5",
        "text": "so I would argue that the empty string is in fact not present in every language.",
        "ts": "1460108483.000193"
    },
    {
        "type": "message",
        "user": "U0R4D9RM5",
        "text": "but I don't know, I'm done worrying about it, going to focus on the rest of CT and helping out with SEPT.",
        "ts": "1460108526.000194"
    },
    {
        "type": "message",
        "user": "U0R4CQRK9",
        "text": "Completely missed the meeting yesterday, didn't really expect that there would be one since I was busy with my project management course",
        "ts": "1460168445.000002"
    },
    {
        "type": "message",
        "user": "U0R4CQRK9",
        "text": "Just wondering how the merge is still going and if there is something that I can help with it",
        "ts": "1460168461.000003"
    },
    {
        "type": "message",
        "user": "U0R4D9RM5",
        "text": "I think that Wolf and Jeet have merged the repositories pretty successfully, I've put a to-do list up on Trello.",
        "ts": "1460168496.000004"
    },
    {
        "type": "message",
        "user": "U0R4CQRK9",
        "text": "Alright, ill check it out",
        "ts": "1460168644.000005"
    }
]