[
    {
        "text": "added an integration to this channel: <https:\/\/septgroupteam.slack.com\/services\/B0RQR1GUX|Lucidchart>",
        "bot_id": "B0RQR1GUX",
        "type": "message",
        "subtype": "bot_add",
        "user": "U0R4EM6QN",
        "ts": "1457604242.000002"
    },
    {
        "text": "added an integration to this channel: <https:\/\/septgroupteam.slack.com\/services\/B0RQHLX6Y|Lucidchart>",
        "bot_id": "B0RQHLX6Y",
        "type": "message",
        "subtype": "bot_add",
        "user": "U0R4CQRK9",
        "ts": "1457604739.000003"
    },
    {
        "type": "message",
        "user": "U0R4CQRK9",
        "text": "Everyone now should have access to the google docs file, where we will put together everything related to planning",
        "ts": "1457605199.000004"
    },
    {
        "type": "message",
        "user": "U0R46MR7W",
        "text": "Should we each create a user story?",
        "ts": "1457652334.000002"
    }
]