[
    {
        "user": "U0R46MR7W",
        "type": "message",
        "subtype": "channel_join",
        "text": "<@U0R46MR7W|wolfzimmermann> has joined the channel",
        "ts": "1457420132.862376"
    },
    {
        "user": "U0R4CQRK9",
        "type": "message",
        "subtype": "channel_join",
        "text": "<@U0R4CQRK9|joshua> has joined the channel",
        "ts": "1457420339.000002"
    },
    {
        "type": "message",
        "user": "U0R4CQRK9",
        "text": "test",
        "ts": "1457420383.000003"
    },
    {
        "user": "U0R4EM6QN",
        "type": "message",
        "subtype": "channel_join",
        "text": "<@U0R4EM6QN|jeet> has joined the channel",
        "ts": "1457420468.000004"
    },
    {
        "type": "message",
        "user": "U0R4EM6QN",
        "text": "test",
        "ts": "1457420511.000005"
    },
    {
        "user": "U0R4D9RM5",
        "type": "message",
        "subtype": "channel_join",
        "text": "<@U0R4D9RM5|sarah-giapitzakis> has joined the channel",
        "ts": "1457420554.000006"
    },
    {
        "type": "message",
        "user": "U0R46MR7W",
        "text": "Hi",
        "ts": "1457420560.000007"
    },
    {
        "type": "message",
        "user": "U0R4D9RM5",
        "text": "sup",
        "ts": "1457420580.000008"
    },
    {
        "type": "message",
        "user": "U0R4D9RM5",
        "text": ":smile:",
        "ts": "1457420631.000009"
    },
    {
        "type": "message",
        "user": "U0R46MR7W",
        "text": "Hi",
        "ts": "1457420640.000010"
    },
    {
        "type": "message",
        "user": "U0R4CQRK9",
        "text": "test",
        "ts": "1457420677.000011"
    },
    {
        "type": "message",
        "user": "U0R46MR7W",
        "text": "<#C0R4A8NBF>  hello",
        "ts": "1457420706.000012",
        "reactions": [
            {
                "name": "+1",
                "users": [
                    "U0R46MR7W"
                ],
                "count": 1
            }
        ]
    },
    {
        "type": "message",
        "user": "U0R4EM6QN",
        "text": "changed",
        "ts": "1457420746.000013",
        "reactions": [
            {
                "name": "+1",
                "users": [
                    "U0R46MR7W"
                ],
                "count": 1
            }
        ]
    }
]