[
    {
        "type": "message",
        "user": "U0R4D9RM5",
        "text": "I've set up a document to record our unit test cases in. <https:\/\/docs.google.com\/spreadsheets\/d\/10E4AJDnos2QnCehT1e85acxdDuK1OrQMPE8uHDcs0pg\/edit?usp=sharing>",
        "ts": "1460447950.000007"
    },
    {
        "user": "U0ZTCA30C",
        "type": "message",
        "subtype": "channel_join",
        "text": "<@U0ZTCA30C|adityajagtap> has joined the channel",
        "ts": "1460451825.000008"
    },
    {
        "type": "message",
        "user": "U0R4CQRK9",
        "text": "<https:\/\/www.lucidchart.com\/invitations\/accept\/d669f079-5794-47cd-a226-f760779ee5b7>",
        "ts": "1460452176.000009"
    },
    {
        "type": "message",
        "user": "U0R4CQRK9",
        "text": "link to the Component System",
        "ts": "1460452184.000010"
    },
    {
        "type": "message",
        "user": "U0R4D9RM5",
        "text": "If everyone could check in progress Friday night or Saturday morning that would be sweet, that way we can review submission criteria and make an initial submission and check what is left to be finished before Sunday night. :D hope everyone has a fantastic week, I'll try and smash out the jUnit tests before then, and finish up the documentation when Joshua is finished with the ui. ",
        "ts": "1460454764.000011"
    },
    {
        "type": "message",
        "user": "U0R4EM6QN",
        "text": "We have an issue",
        "ts": "1460467009.000012"
    },
    {
        "type": "message",
        "user": "U0R4EM6QN",
        "text": "The minimum information that should be presented...\na. Each location records a number of different measurements - these should\nall be captured from the web site and stored\/presented to the user. For\nexample (Laverton, Victoria) can be found here:\n<http:\/\/www.bom.gov.au\/climate\/dwo\/IDCJDW3043.latest.shtml>.\nb. The program should be able to graph the temperature history for each site\nin the favourites list, including the max, min, 9am and 3pm temperatures",
        "ts": "1460467011.000013"
    },
    {
        "type": "message",
        "user": "U0R4EM6QN",
        "text": "We have access to 9am and 3pm temperatures",
        "ts": "1460467026.000014"
    },
    {
        "type": "message",
        "user": "U0R46MR7W",
        "text": "Yup there is a key in the weatherstation data I think it's local_Time_full you can see I use it for the Data table. You should be able to just a simpledateformat and parse the time and search the weatherstation data for the times. Also to get the low and high for the day just search using the day and record the highest and lowest temp value",
        "ts": "1460499739.000015"
    },
    {
        "type": "message",
        "user": "U0R46MR7W",
        "text": "From our meeting yesterday : Jeet is getting the graph functioning, Sarah is doing the tests, Joshua is working on the ui\/ux, and im working on error handling for the data and working with jeet to get the data in shape for the graph",
        "ts": "1460509192.000016"
    },
    {
        "type": "message",
        "user": "U0R4D9RM5",
        "text": "Sounds great. I'm just about to jump into writing the tests. I'm going to double check the lectures to make sure that what I write are \"system tests\", as that's what they've asked for specifically.  I'll work on the user docs after all the tests are done, as the docs don't seem to need to be as extensive as I originally interpreted from the specs (mostly just need to show how to install the program?).",
        "ts": "1460510576.000017"
    },
    {
        "type": "message",
        "user": "U0R4EM6QN",
        "text": "Also just to check guys i have commiiited my recently developed code that can  graph the  9 am and 3 pm temp on the same panel as the table",
        "ts": "1460510697.000018"
    },
    {
        "type": "message",
        "user": "U0R4EM6QN",
        "text": "without having to click a button",
        "ts": "1460510704.000019"
    },
    {
        "type": "message",
        "user": "U0R4EM6QN",
        "text": "i have synced the changes but just wanted to know if that is reflected in your sides",
        "ts": "1460510724.000020"
    },
    {
        "type": "message",
        "user": "U0R46MR7W",
        "text": "not showing",
        "ts": "1460510872.000021"
    },
    {
        "type": "message",
        "user": "U0R4D9RM5",
        "text": "I'm not seeing them either. Only changes are from 12 hours ago.",
        "ts": "1460510958.000022"
    },
    {
        "type": "message",
        "user": "U0R46MR7W",
        "text": "try push",
        "ts": "1460511061.000023"
    },
    {
        "type": "message",
        "user": "U0R4D9RM5",
        "text": "I think I've misunderstood what kind of testing they were asking for.",
        "ts": "1460512590.000024"
    },
    {
        "type": "message",
        "user": "U0R4D9RM5",
        "text": "\". have an appropriate level of testing. This means you should have checked the\nfunctionality of your system against the specifications below. Any errors\ndiscovered should be fixed. You should have a list of final acceptance tests that\nyou make whenever you build your software\"\n\nI thought this meant Unit Testing \n\n\"a document describing test cases - approximately 8-10 system-level tests is appropriate, properly documented (as described in lectures); your submission must also include the status of tests (i.e., passed, being fixed), preferably as a log\/screenshot of a management\/tracking tool\"\n\nbut we've been asked for system tests, which are high level tests on functionality and using the program, I don't think they're coded tests.",
        "ts": "1460512640.000025"
    },
    {
        "type": "message",
        "user": "U0R46MR7W",
        "text": "Okay do you think we should still do any unit tests?",
        "ts": "1460512830.000026"
    },
    {
        "type": "message",
        "user": "U0R4D9RM5",
        "text": "I think that it would reflect well as a general coding convention.",
        "ts": "1460512846.000027"
    },
    {
        "type": "message",
        "user": "U0R4D9RM5",
        "text": "As the next lecture is on JUnit tests I think",
        "ts": "1460512860.000028"
    },
    {
        "type": "message",
        "user": "U0R46MR7W",
        "text": "yes",
        "ts": "1460512875.000029"
    },
    {
        "type": "message",
        "user": "U0R4D9RM5",
        "text": "Well that means we need to devise 8-10 tests based on functions from the specs and write them down, record the results.  Which should be easy enough.",
        "ts": "1460512904.000030"
    },
    {
        "type": "message",
        "user": "U0R4D9RM5",
        "text": "And then devise some unit tests to implement as well I suppose!",
        "ts": "1460512919.000031"
    },
    {
        "type": "message",
        "user": "U0R4D9RM5",
        "text": "I'm in such a slow mode today &gt;.&gt; feeling lazy",
        "ts": "1460512932.000032"
    },
    {
        "type": "message",
        "user": "U0R4D9RM5",
        "text": "need some coffeeeee",
        "ts": "1460512937.000033"
    },
    {
        "type": "message",
        "user": "U0R4D9RM5",
        "text": "So it's \nSystem Tests\nUnit Tests\nUser Docs\nwas there anything else?",
        "ts": "1460513016.000034"
    },
    {
        "type": "message",
        "user": "U0R4EM6QN",
        "text": "hey sarah",
        "ts": "1460516211.000035"
    },
    {
        "type": "message",
        "user": "U0R4D9RM5",
        "text": "hey",
        "ts": "1460516221.000036"
    },
    {
        "type": "message",
        "user": "U0R4EM6QN",
        "text": "are u in uni",
        "ts": "1460516230.000037"
    },
    {
        "type": "message",
        "user": "U0R4D9RM5",
        "text": "No, I'm at home. What's up?",
        "ts": "1460516242.000038"
    },
    {
        "type": "message",
        "user": "U0R4EM6QN",
        "text": "i am experiencing issues with git",
        "ts": "1460516248.000039"
    },
    {
        "type": "message",
        "user": "U0R4EM6QN",
        "text": "can u see wolfs changes",
        "ts": "1460516255.000040"
    },
    {
        "type": "message",
        "user": "U0R4D9RM5",
        "text": "Yep",
        "ts": "1460516281.000041"
    },
    {
        "type": "message",
        "user": "U0R4EM6QN",
        "text": "When i  tried to push mine it said that it had conflicts",
        "ts": "1460516295.000042"
    },
    {
        "type": "message",
        "user": "U0R4D9RM5",
        "text": "Yeah, it means you've edited a file that has been changed by someone else since you last synced.",
        "ts": "1460516329.000043"
    },
    {
        "type": "message",
        "user": "U0R4EM6QN",
        "text": "I am unable to resolve them now",
        "ts": "1460516355.000044"
    },
    {
        "type": "message",
        "user": "U0R4EM6QN",
        "text": "Also the changes have been lost",
        "ts": "1460516361.000045"
    },
    {
        "type": "message",
        "user": "U0R4EM6QN",
        "text": "But can you see wolfs changes though",
        "ts": "1460516379.000046"
    },
    {
        "type": "message",
        "user": "U0R4EM6QN",
        "text": "i cant",
        "ts": "1460516381.000047"
    },
    {
        "type": "message",
        "user": "U0R4D9RM5",
        "text": "It says that he made changes last 37 minutes ago.",
        "ts": "1460516393.000048"
    },
    {
        "type": "message",
        "user": "U0R4D9RM5",
        "text": "It looks like all he has done is some formatting, by removing empty lines.",
        "ts": "1460516423.000049"
    },
    {
        "type": "message",
        "user": "U0R4EM6QN",
        "text": "When can you see my commit",
        "ts": "1460516440.000050"
    },
    {
        "type": "message",
        "user": "U0R4D9RM5",
        "text": "Your last commit was 18 hours ago.",
        "ts": "1460516453.000051"
    },
    {
        "type": "message",
        "user": "U0R4EM6QN",
        "text": "sheat",
        "ts": "1460516473.000052"
    },
    {
        "type": "message",
        "user": "U0R4D9RM5",
        "text": "Are you not using the github client?",
        "ts": "1460516485.000053"
    },
    {
        "type": "message",
        "user": "U0R4EM6QN",
        "text": "i am",
        "ts": "1460516493.000054"
    },
    {
        "type": "message",
        "subtype": "file_share",
        "text": "<@U0R4EM6QN|jeet> uploaded a file: <https:\/\/septgroupteam.slack.com\/files\/jeet\/F106SR94G\/pasted_image_at_2016_04_13_01_01_pm.png|Pasted image at 2016-04-13, 1:01 PM>",
        "file": {
            "id": "F106SR94G",
            "created": 1460516521,
            "timestamp": 1460516521,
            "name": "Pasted image at 2016_04_13 01_01 PM.png",
            "title": "Pasted image at 2016-04-13, 1:01 PM",
            "mimetype": "image\/png",
            "filetype": "png",
            "pretty_type": "PNG",
            "user": "U0R4EM6QN",
            "editable": false,
            "size": 301016,
            "mode": "hosted",
            "is_external": false,
            "external_type": "",
            "is_public": true,
            "public_url_shared": false,
            "display_as_bot": false,
            "username": "",
            "url_private": "https:\/\/files.slack.com\/files-pri\/T0R416NJU-F106SR94G\/pasted_image_at_2016_04_13_01_01_pm.png?t=xoxe-25137226640-35377186839-35369919062-b50fb9a462",
            "url_private_download": "https:\/\/files.slack.com\/files-pri\/T0R416NJU-F106SR94G\/download\/pasted_image_at_2016_04_13_01_01_pm.png?t=xoxe-25137226640-35377186839-35369919062-b50fb9a462",
            "thumb_64": "https:\/\/files.slack.com\/files-tmb\/T0R416NJU-F106SR94G-97b20e9cd4\/pasted_image_at_2016_04_13_01_01_pm_64.png?t=xoxe-25137226640-35377186839-35369919062-b50fb9a462",
            "thumb_80": "https:\/\/files.slack.com\/files-tmb\/T0R416NJU-F106SR94G-97b20e9cd4\/pasted_image_at_2016_04_13_01_01_pm_80.png?t=xoxe-25137226640-35377186839-35369919062-b50fb9a462",
            "thumb_360": "https:\/\/files.slack.com\/files-tmb\/T0R416NJU-F106SR94G-97b20e9cd4\/pasted_image_at_2016_04_13_01_01_pm_360.png?t=xoxe-25137226640-35377186839-35369919062-b50fb9a462",
            "thumb_360_w": 360,
            "thumb_360_h": 202,
            "thumb_480": "https:\/\/files.slack.com\/files-tmb\/T0R416NJU-F106SR94G-97b20e9cd4\/pasted_image_at_2016_04_13_01_01_pm_480.png?t=xoxe-25137226640-35377186839-35369919062-b50fb9a462",
            "thumb_480_w": 480,
            "thumb_480_h": 270,
            "thumb_160": "https:\/\/files.slack.com\/files-tmb\/T0R416NJU-F106SR94G-97b20e9cd4\/pasted_image_at_2016_04_13_01_01_pm_160.png?t=xoxe-25137226640-35377186839-35369919062-b50fb9a462",
            "thumb_720": "https:\/\/files.slack.com\/files-tmb\/T0R416NJU-F106SR94G-97b20e9cd4\/pasted_image_at_2016_04_13_01_01_pm_720.png?t=xoxe-25137226640-35377186839-35369919062-b50fb9a462",
            "thumb_720_w": 720,
            "thumb_720_h": 405,
            "thumb_960": "https:\/\/files.slack.com\/files-tmb\/T0R416NJU-F106SR94G-97b20e9cd4\/pasted_image_at_2016_04_13_01_01_pm_960.png?t=xoxe-25137226640-35377186839-35369919062-b50fb9a462",
            "thumb_960_w": 960,
            "thumb_960_h": 540,
            "thumb_1024": "https:\/\/files.slack.com\/files-tmb\/T0R416NJU-F106SR94G-97b20e9cd4\/pasted_image_at_2016_04_13_01_01_pm_1024.png?t=xoxe-25137226640-35377186839-35369919062-b50fb9a462",
            "thumb_1024_w": 1024,
            "thumb_1024_h": 576,
            "image_exif_rotation": 1,
            "original_w": 1366,
            "original_h": 768,
            "permalink": "https:\/\/septgroupteam.slack.com\/files\/jeet\/F106SR94G\/pasted_image_at_2016_04_13_01_01_pm.png",
            "permalink_public": "https:\/\/slack-files.com\/T0R416NJU-F106SR94G-886d021f2b",
            "channels": [
                "C0R4C5BBL"
            ],
            "groups": [
    
            ],
            "ims": [
    
            ],
            "comments_count": 0
        },
        "user": "U0R4EM6QN",
        "upload": true,
        "display_as_bot": false,
        "username": "<@U0R4EM6QN|jeet>",
        "bot_id": null,
        "ts": "1460516524.000055"
    },
    {
        "type": "message",
        "user": "U0R4EM6QN",
        "text": "It shows conflicts which i am unable to resolve",
        "ts": "1460516537.000056"
    },
    {
        "type": "message",
        "user": "U0R4D9RM5",
        "text": "can you check your line 49, does it say \n\nsetIconImage(Toolkit.getDefaultToolkit().getImage(\"images\/background.png\")); ?",
        "edited": {
            "user": "U0R4D9RM5",
            "ts": "1460516728.000000"
        },
        "ts": "1460516717.000057"
    },
    {
        "type": "message",
        "user": "U0R4D9RM5",
        "text": "in MainView.java",
        "ts": "1460516736.000060"
    },
    {
        "type": "message",
        "user": "U0R4EM6QN",
        "text": "yes",
        "ts": "1460517239.000061"
    },
    {
        "type": "message",
        "user": "U0R4EM6QN",
        "text": "i copied all the changes over even then it is complaining",
        "ts": "1460517250.000062"
    },
    {
        "type": "message",
        "user": "U0R4D9RM5",
        "text": "Well that's because it's detecting changes in general. Because you've edited it at a different time.",
        "ts": "1460517278.000063"
    },
    {
        "type": "message",
        "user": "U0R4D9RM5",
        "text": "my advice would be to either copy into your code all the conflicts from wolfs code and overwrite it (which could cause problems)\nOR (the safer option)\ncopy all your changes out of your code, \"discard\" all changes in github that you've made, re-sync, and then make your changes again and then commit and sync.",
        "edited": {
            "user": "U0R4D9RM5",
            "ts": "1460517363.000000"
        },
        "ts": "1460517351.000064"
    },
    {
        "type": "message",
        "user": "U0R4D9RM5",
        "text": "The problem is, your changes are conflicting with changes made 18 hours ago by wolf, you should have synced in the last 18 hours if you were going to make changes.",
        "ts": "1460517390.000066"
    },
    {
        "type": "message",
        "user": "U0R4EM6QN",
        "text": "Yea i committed",
        "ts": "1460517978.000067"
    },
    {
        "type": "message",
        "user": "U0R4EM6QN",
        "text": "But that only locally committed",
        "ts": "1460517986.000068"
    },
    {
        "type": "message",
        "user": "U0R4EM6QN",
        "text": "i didnt sync which is what caused the problem that i am uanble to resolve",
        "ts": "1460518001.000069"
    },
    {
        "type": "message",
        "user": "U0R4D9RM5",
        "text": "1. copy all your changes out of your code, (and put them somewhere safe)\n2. \"discard\" all changes in github that you've made, \n3. re-sync , \n4. then make your changes again \n5. and then commit and sync your changes",
        "edited": {
            "user": "U0R4D9RM5",
            "ts": "1460518105.000000"
        },
        "ts": "1460518084.000070"
    },
    {
        "type": "message",
        "user": "U0R4EM6QN",
        "text": "How do you discard changes",
        "ts": "1460518270.000072"
    },
    {
        "type": "message",
        "user": "U0R4EM6QN",
        "text": "i am trying to do that",
        "ts": "1460518274.000073"
    },
    {
        "type": "message",
        "user": "U0R4D9RM5",
        "text": "go to changes tab, click where it has the number of changes, right click, and choose discard all changes",
        "edited": {
            "user": "U0R4D9RM5",
            "ts": "1460518302.000000"
        },
        "ts": "1460518294.000074"
    },
    {
        "type": "message",
        "user": "U0R4EM6QN",
        "text": "Failed to discard changes",
        "ts": "1460518353.000076"
    },
    {
        "type": "message",
        "user": "U0R4EM6QN",
        "text": "is what it says",
        "ts": "1460518358.000077"
    },
    {
        "type": "message",
        "user": "U0R4D9RM5",
        "text": "...",
        "ts": "1460518364.000078"
    },
    {
        "type": "message",
        "user": "U0R4D9RM5",
        "text": "Well I've never seen that error before",
        "ts": "1460518377.000079"
    },
    {
        "type": "message",
        "user": "U0R4EM6QN",
        "text": "How do i start fresh",
        "ts": "1460518818.000080"
    },
    {
        "type": "message",
        "user": "U0R4D9RM5",
        "text": "If you can't discard changes, you might need to remove the local copy of the repository and re-clone and re-import into eclispse",
        "edited": {
            "user": "U0R4D9RM5",
            "ts": "1460518877.000000"
        },
        "ts": "1460518874.000081"
    },
    {
        "type": "message",
        "user": "U0R4EM6QN",
        "text": "Import a new folder wiith all the current git files",
        "ts": "1460518904.000083"
    },
    {
        "type": "message",
        "user": "U0R4D9RM5",
        "text": "I'm currently working on writing up system tests, if anyone has any suggestions for tests based on the requirements that would be sweet\n<https:\/\/docs.google.com\/spreadsheets\/d\/10E4AJDnos2QnCehT1e85acxdDuK1OrQMPE8uHDcs0pg\/edit?usp=sharing>\nSystem tests need to be based on the required functionality and tested without knowledge of the code. So I'm having trouble coming up with 8-10 of them, and methods of testing them.",
        "ts": "1460523078.000084"
    }
]