[
    {
        "type": "message",
        "user": "U0R4D9RM5",
        "text": "The mock ups look sweet",
        "ts": "1458631396.000002"
    },
    {
        "type": "message",
        "subtype": "file_share",
        "text": "<@U0R46MR7W|wolfzimmermann> uploaded a file: <https:\/\/septgroupteam.slack.com\/files\/wolfzimmermann\/F0UFPPXD4\/git.jpg|git.JPG>",
        "file": {
            "id": "F0UFPPXD4",
            "created": 1458646004,
            "timestamp": 1458646004,
            "name": "git.JPG",
            "title": "git.JPG",
            "mimetype": "image\/jpeg",
            "filetype": "jpg",
            "pretty_type": "JPEG",
            "user": "U0R46MR7W",
            "editable": false,
            "size": 17810,
            "mode": "hosted",
            "is_external": false,
            "external_type": "",
            "is_public": true,
            "public_url_shared": false,
            "display_as_bot": false,
            "username": "",
            "url_private": "https:\/\/files.slack.com\/files-pri\/T0R416NJU-F0UFPPXD4\/git.jpg?t=xoxe-25137226640-35377186839-35369919062-b50fb9a462",
            "url_private_download": "https:\/\/files.slack.com\/files-pri\/T0R416NJU-F0UFPPXD4\/download\/git.jpg?t=xoxe-25137226640-35377186839-35369919062-b50fb9a462",
            "thumb_64": "https:\/\/files.slack.com\/files-tmb\/T0R416NJU-F0UFPPXD4-ea0666769b\/git_64.jpg?t=xoxe-25137226640-35377186839-35369919062-b50fb9a462",
            "thumb_80": "https:\/\/files.slack.com\/files-tmb\/T0R416NJU-F0UFPPXD4-ea0666769b\/git_80.jpg?t=xoxe-25137226640-35377186839-35369919062-b50fb9a462",
            "thumb_360": "https:\/\/files.slack.com\/files-tmb\/T0R416NJU-F0UFPPXD4-ea0666769b\/git_360.jpg?t=xoxe-25137226640-35377186839-35369919062-b50fb9a462",
            "thumb_360_w": 239,
            "thumb_360_h": 360,
            "thumb_160": "https:\/\/files.slack.com\/files-tmb\/T0R416NJU-F0UFPPXD4-ea0666769b\/git_160.jpg?t=xoxe-25137226640-35377186839-35369919062-b50fb9a462",
            "image_exif_rotation": 1,
            "original_w": 295,
            "original_h": 445,
            "permalink": "https:\/\/septgroupteam.slack.com\/files\/wolfzimmermann\/F0UFPPXD4\/git.jpg",
            "permalink_public": "https:\/\/slack-files.com\/T0R416NJU-F0UFPPXD4-9273724033",
            "channels": [
                "C0R4C5BBL"
            ],
            "groups": [
    
            ],
            "ims": [
    
            ],
            "comments_count": 0
        },
        "user": "U0R46MR7W",
        "upload": true,
        "display_as_bot": false,
        "username": "<@U0R46MR7W|wolfzimmermann>",
        "bot_id": null,
        "ts": "1458646005.000002"
    }
]