[
    {
        "type": "message",
        "user": "U0R46MR7W",
        "text": "\/lucidchart test",
        "ts": "1458027140.000002"
    },
    {
        "text": "",
        "bot_id": "B0RQKE9UN",
        "attachments": [
            {
                "fallback": "<https:\/\/www.lucidchart.com\/slack\/join?invitationUrl=https%3A%2F%2Fdocuments.lucidchart.com%2Fdocuments%2Fcd365ae6-661c-4764-93d6-3d7d0ede6cce%2Finvitations%2F6c84a852-df25-4b7d-bfc0-ffe0cf21cb75>",
                "text": "wolfzimmermann has invited you to <https:\/\/www.lucidchart.com\/slack\/join?invitationUrl=https%3A%2F%2Fdocuments.lucidchart.com%2Fdocuments%2Fcd365ae6-661c-4764-93d6-3d7d0ede6cce%2Finvitations%2F6c84a852-df25-4b7d-bfc0-ffe0cf21cb75|join a Lucidchart diagramming session>, 'test'. When you're done, you can post an image of the diagram back to this channel as well.",
                "title": "Join wolfzimmermann's Lucidchart diagram 'test'.",
                "id": 1,
                "title_link": "https:\/\/www.lucidchart.com\/slack\/join?invitationUrl=https%3A%2F%2Fdocuments.lucidchart.com%2Fdocuments%2Fcd365ae6-661c-4764-93d6-3d7d0ede6cce%2Finvitations%2F6c84a852-df25-4b7d-bfc0-ffe0cf21cb75",
                "thumb_height": 75,
                "thumb_width": 75,
                "thumb_url": "https:\/\/d2slcw3kip6qmk.cloudfront.net\/marketing\/logos\/lucidchart-icon-2015-64px.png"
            }
        ],
        "type": "message",
        "subtype": "bot_message",
        "ts": "1458027140.000003"
    },
    {
        "type": "message",
        "user": "U0R4D9RM5",
        "text": "<@U0R46MR7W>: is there anything I can do to help?",
        "edited": {
            "user": "U0R4D9RM5",
            "ts": "1458101318.000000"
        },
        "ts": "1458101117.000002"
    },
    {
        "type": "message",
        "user": "U0R46MR7W",
        "text": "Ill commit what I have done so far",
        "ts": "1458101366.000004"
    },
    {
        "type": "message",
        "user": "U0R46MR7W",
        "text": "At the moment I'm just working out the structure and getting started pulling the data in",
        "ts": "1458101589.000005"
    },
    {
        "type": "message",
        "user": "U0R46MR7W",
        "text": "Having trouble getting the areas for the weather data",
        "ts": "1458101634.000006"
    },
    {
        "type": "message",
        "user": "U0R46MR7W",
        "text": "I have state but then I am going direct to weather station",
        "ts": "1458101654.000007"
    },
    {
        "type": "message",
        "user": "U0R4D9RM5",
        "text": "Apparently I'm missing some libraries, should I add them in manually?",
        "ts": "1458101823.000008"
    },
    {
        "type": "message",
        "user": "U0R46MR7W",
        "text": "did the libs folder not upload?",
        "ts": "1458101856.000009"
    },
    {
        "type": "message",
        "user": "U0R4D9RM5",
        "text": "Oh it's there. I didn't see it, it's just not linked in eclipse for me I think. hang on.",
        "ts": "1458101884.000010"
    },
    {
        "type": "message",
        "user": "U0R46MR7W",
        "text": "the .jar might not of uploaded",
        "ts": "1458101902.000011"
    },
    {
        "type": "message",
        "user": "U0R46MR7W",
        "text": "Not sure how to make it upload and keep linked",
        "ts": "1458102053.000012"
    },
    {
        "type": "message",
        "user": "U0R4D9RM5",
        "text": "It's alright,  eclipse was just being broken, I've re-imported the project as a git project and it's working now.",
        "ts": "1458102070.000013"
    },
    {
        "type": "message",
        "user": "U0R46MR7W",
        "text": "okay the webscraper is the jaunt lib",
        "ts": "1458102126.000014"
    },
    {
        "type": "message",
        "user": "U0R46MR7W",
        "text": "and the other is for handling json",
        "ts": "1458102141.000015"
    },
    {
        "type": "message",
        "user": "U0R4D9RM5",
        "text": "I assumed as much",
        "ts": "1458102151.000016"
    },
    {
        "type": "message",
        "user": "U0R4D9RM5",
        "text": "should we capitalize weatherData to WeatherData?",
        "ts": "1458102278.000017"
    },
    {
        "type": "message",
        "user": "U0R46MR7W",
        "text": "woops",
        "ts": "1458102294.000018"
    },
    {
        "type": "message",
        "user": "U0R46MR7W",
        "text": "yes",
        "ts": "1458102296.000019"
    },
    {
        "type": "message",
        "user": "U0R4D9RM5",
        "text": "hrrrm",
        "ts": "1458102403.000020"
    },
    {
        "type": "message",
        "user": "U0R4D9RM5",
        "text": "that didn't work as expected",
        "ts": "1458102408.000021"
    },
    {
        "type": "message",
        "user": "U0R4D9RM5",
        "text": "I think it's fixed now",
        "ts": "1458102471.000022"
    },
    {
        "type": "message",
        "user": "U0R46MR7W",
        "text": "I updated the class name",
        "ts": "1458102567.000023"
    },
    {
        "type": "message",
        "user": "U0R46MR7W",
        "text": "the file",
        "ts": "1458102573.000024"
    },
    {
        "type": "message",
        "user": "U0R46MR7W",
        "text": "did not update the first time",
        "ts": "1458102583.000025"
    },
    {
        "type": "message",
        "user": "U0R4D9RM5",
        "text": "ah",
        "ts": "1458102589.000026"
    },
    {
        "type": "message",
        "user": "U0R46MR7W",
        "text": "Im going to go for a bit. Do you want to work on the webscraping or implement the user class?",
        "ts": "1458102675.000027"
    },
    {
        "type": "message",
        "user": "U0R46MR7W",
        "text": "We still need to create like placeholders for all the functions we think we will need aswell",
        "ts": "1458102772.000028"
    },
    {
        "type": "message",
        "user": "U0R4D9RM5",
        "text": "I can pretty easily try and create some placeholder classes and methods from the diagram. I'll do some research into the webcrawler but I've never actually worked with that kind of thing before so we'll see how it goes.",
        "ts": "1458102860.000029"
    },
    {
        "type": "message",
        "user": "U0R4D9RM5",
        "text": "In the class diagram the User class has two attributes I'm unclear on. What is \"details\" meant to contain? and should we have a class for location? Or should it be a string of like an address or something?",
        "ts": "1458105430.000030"
    },
    {
        "type": "message",
        "user": "U0R46MR7W",
        "text": "Could be current GPS co-ordinates",
        "ts": "1458106935.000031"
    }
]