[
    {
        "type": "message",
        "subtype": "file_share",
        "text": "<@U0R4EM6QN|jeet> uploaded a file: <https:\/\/septgroupteam.slack.com\/files\/jeet\/F0X72JRU4\/linechart.jpeg|LineChart.jpeg>",
        "file": {
            "id": "F0X72JRU4",
            "created": 1459508440,
            "timestamp": 1459508440,
            "name": "LineChart.jpeg",
            "title": "LineChart.jpeg",
            "mimetype": "image\/jpeg",
            "filetype": "jpg",
            "pretty_type": "JPEG",
            "user": "U0R4EM6QN",
            "editable": false,
            "size": 24665,
            "mode": "hosted",
            "is_external": false,
            "external_type": "",
            "is_public": true,
            "public_url_shared": false,
            "display_as_bot": false,
            "username": "",
            "url_private": "https:\/\/files.slack.com\/files-pri\/T0R416NJU-F0X72JRU4\/linechart.jpeg?t=xoxe-25137226640-35377186839-35369919062-b50fb9a462",
            "url_private_download": "https:\/\/files.slack.com\/files-pri\/T0R416NJU-F0X72JRU4\/download\/linechart.jpeg?t=xoxe-25137226640-35377186839-35369919062-b50fb9a462",
            "thumb_64": "https:\/\/files.slack.com\/files-tmb\/T0R416NJU-F0X72JRU4-f2c560f8a1\/linechart_64.jpg?t=xoxe-25137226640-35377186839-35369919062-b50fb9a462",
            "thumb_80": "https:\/\/files.slack.com\/files-tmb\/T0R416NJU-F0X72JRU4-f2c560f8a1\/linechart_80.jpg?t=xoxe-25137226640-35377186839-35369919062-b50fb9a462",
            "thumb_360": "https:\/\/files.slack.com\/files-tmb\/T0R416NJU-F0X72JRU4-f2c560f8a1\/linechart_360.jpg?t=xoxe-25137226640-35377186839-35369919062-b50fb9a462",
            "thumb_360_w": 360,
            "thumb_360_h": 270,
            "thumb_160": "https:\/\/files.slack.com\/files-tmb\/T0R416NJU-F0X72JRU4-f2c560f8a1\/linechart_160.jpg?t=xoxe-25137226640-35377186839-35369919062-b50fb9a462",
            "image_exif_rotation": 1,
            "original_w": 400,
            "original_h": 300,
            "permalink": "https:\/\/septgroupteam.slack.com\/files\/jeet\/F0X72JRU4\/linechart.jpeg",
            "permalink_public": "https:\/\/slack-files.com\/T0R416NJU-F0X72JRU4-e12cc33916",
            "channels": [
                "C0R4C5BBL"
            ],
            "groups": [
    
            ],
            "ims": [
    
            ],
            "comments_count": 0
        },
        "user": "U0R4EM6QN",
        "upload": true,
        "display_as_bot": false,
        "username": "<@U0R4EM6QN|jeet>",
        "bot_id": null,
        "ts": "1459508442.000002"
    },
    {
        "type": "message",
        "user": "U0R4EM6QN",
        "text": "This is an alternate representation",
        "ts": "1459508460.000003"
    },
    {
        "type": "message",
        "user": "U0R4EM6QN",
        "text": "Which can consider time  information",
        "ts": "1459508498.000004"
    },
    {
        "type": "message",
        "user": "U0R4D9RM5",
        "text": "Oh I like that. It's very useful for displaying the temperature throughout the day. ",
        "ts": "1459512422.000005"
    },
    {
        "type": "message",
        "user": "U0R4EM6QN",
        "text": "I am yet to change my rep to GIT and upload code to GIT so that you can download and run that file will be doing that by tommorrow.",
        "ts": "1459515090.000007"
    },
    {
        "type": "message",
        "user": "U0R4EM6QN",
        "text": "I checked what must be documented",
        "ts": "1459515218.000008"
    },
    {
        "type": "message",
        "user": "U0R4EM6QN",
        "text": "Includes the following : -",
        "ts": "1459515225.000009"
    },
    {
        "type": "message",
        "user": "U0R4EM6QN",
        "text": "The documenation must be a HTML document",
        "edited": {
            "user": "U0R4EM6QN",
            "ts": "1459515308.000000"
        },
        "ts": "1459515236.000010"
    },
    {
        "type": "message",
        "user": "U0R4EM6QN",
        "text": "It must be like a guide written in HTML like a how to use the program kind of a thing",
        "edited": {
            "user": "U0R4EM6QN",
            "ts": "1459515405.000000"
        },
        "ts": "1459515239.000011"
    },
    {
        "type": "message",
        "user": "U0R4EM6QN",
        "text": "You could potentially use the document i just sent to get started",
        "ts": "1459515423.000014"
    },
    {
        "type": "message",
        "user": "U0R4EM6QN",
        "text": "I am also going to upload the code by tommorrow so you could reproduce the pictures to be documented",
        "ts": "1459515448.000015"
    },
    {
        "type": "message",
        "subtype": "file_share",
        "text": "<@U0R4EM6QN|jeet> uploaded a file: <https:\/\/septgroupteam.slack.com\/files\/jeet\/F0X7YE83Y\/user_documentation.docx|User documentation.docx> and commented: Sarah this shows what is going to be the flow of the program and the the WISAPPLICATION runs",
        "file": {
            "id": "F0X7YE83Y",
            "created": 1459516078,
            "timestamp": 1459516078,
            "name": "User documentation.docx",
            "title": "User documentation.docx",
            "mimetype": "application\/vnd.openxmlformats-officedocument.wordprocessingml.document",
            "filetype": "docx",
            "pretty_type": "Word Document",
            "user": "U0R4EM6QN",
            "editable": false,
            "size": 2385536,
            "mode": "hosted",
            "is_external": false,
            "external_type": "",
            "is_public": true,
            "public_url_shared": false,
            "display_as_bot": false,
            "username": "",
            "url_private": "https:\/\/files.slack.com\/files-pri\/T0R416NJU-F0X7YE83Y\/user_documentation.docx?t=xoxe-25137226640-35377186839-35369919062-b50fb9a462",
            "url_private_download": "https:\/\/files.slack.com\/files-pri\/T0R416NJU-F0X7YE83Y\/download\/user_documentation.docx?t=xoxe-25137226640-35377186839-35369919062-b50fb9a462",
            "permalink": "https:\/\/septgroupteam.slack.com\/files\/jeet\/F0X7YE83Y\/user_documentation.docx",
            "permalink_public": "https:\/\/slack-files.com\/T0R416NJU-F0X7YE83Y-4e2a43337c",
            "channels": [
                "C0R4C5BBL"
            ],
            "groups": [
    
            ],
            "ims": [
    
            ],
            "comments_count": 1,
            "initial_comment": {
                "id": "Fc0X8GAMJN",
                "created": 1459516078,
                "timestamp": 1459516078,
                "user": "U0R4EM6QN",
                "comment": "Sarah this shows what is going to be the flow of the program and the the WISAPPLICATION runs"
            }
        },
        "user": "U0R4EM6QN",
        "upload": true,
        "display_as_bot": false,
        "username": "<@U0R4EM6QN|jeet>",
        "bot_id": null,
        "ts": "1459516078.000017"
    },
    {
        "type": "message",
        "user": "U0R4EM6QN",
        "text": "If you need anything else in the meantime to document let me know.",
        "ts": "1459516147.000018"
    },
    {
        "type": "message",
        "user": "U0R4D9RM5",
        "text": "Ok, thanks Jeet, I'll go over everything tomorrow and see if I can start putting together something.",
        "ts": "1459517612.000019"
    }
]