[
    {
        "type": "message",
        "user": "U0R4D9RM5",
        "text": "Sweet.",
        "ts": "1460618615.000179"
    },
    {
        "type": "message",
        "user": "U0R4D9RM5",
        "text": "So I should stop procrastinating and finish working on stuff.",
        "ts": "1460618635.000180"
    },
    {
        "type": "message",
        "user": "U0R4D9RM5",
        "text": "Does anyone have any suggestions for how to actually \"Test\" the data refreshes? \n<https:\/\/docs.google.com\/spreadsheets\/d\/10E4AJDnos2QnCehT1e85acxdDuK1OrQMPE8uHDcs0pg\/edit?usp=sharing>",
        "ts": "1460618943.000181"
    },
    {
        "type": "message",
        "user": "U0R4EM6QN",
        "text": "Thanks for your input sarah",
        "ts": "1460619857.000182"
    },
    {
        "type": "message",
        "user": "U0R4EM6QN",
        "text": "Will work on fixing the look of the UI",
        "ts": "1460619866.000183"
    },
    {
        "type": "message",
        "user": "U0R4D9RM5",
        "text": ":simple_smile:",
        "ts": "1460619879.000184"
    },
    {
        "type": "message",
        "user": "U0R4D9RM5",
        "text": "Are you implementing a refresh button into the main application?",
        "ts": "1460620395.000185"
    },
    {
        "type": "message",
        "user": "U0R4EM6QN",
        "text": "No i am not quite sure about that wolf will look into that",
        "ts": "1460677428.000186"
    },
    {
        "type": "message",
        "user": "U0R4D9RM5",
        "text": "\"Bonus for on-time submission - 10%\nautomatics 5% for submission by original deadline (18\/4, 9AM) without re-submission after that\"",
        "ts": "1460678808.000187"
    },
    {
        "type": "message",
        "user": "U0R46MR7W",
        "text": "Jeet if you make a button in the dialog windows I will look at making a data refresh",
        "ts": "1460687139.000188"
    },
    {
        "type": "message",
        "user": "U0R4EM6QN",
        "text": "I am doing that now",
        "ts": "1460687537.000189"
    },
    {
        "type": "message",
        "user": "U0R4EM6QN",
        "text": "You will have in it 10 mins",
        "ts": "1460687551.000190"
    },
    {
        "type": "message",
        "subtype": "file_share",
        "text": "<@U0R4EM6QN|jeet> uploaded a file: <https:\/\/septgroupteam.slack.com\/files\/jeet\/F10T15P9S\/pasted_image_at_2016_04_15_12_34_pm.png|Pasted image at 2016-04-15, 12:34 PM>",
        "file": {
            "id": "F10T15P9S",
            "created": 1460687705,
            "timestamp": 1460687705,
            "name": "Pasted image at 2016_04_15 12_34 PM.png",
            "title": "Pasted image at 2016-04-15, 12:34 PM",
            "mimetype": "image\/png",
            "filetype": "png",
            "pretty_type": "PNG",
            "user": "U0R4EM6QN",
            "editable": false,
            "size": 243750,
            "mode": "hosted",
            "is_external": false,
            "external_type": "",
            "is_public": true,
            "public_url_shared": false,
            "display_as_bot": false,
            "username": "",
            "url_private": "https:\/\/files.slack.com\/files-pri\/T0R416NJU-F10T15P9S\/pasted_image_at_2016_04_15_12_34_pm.png?t=xoxe-25137226640-35377186839-35369919062-b50fb9a462",
            "url_private_download": "https:\/\/files.slack.com\/files-pri\/T0R416NJU-F10T15P9S\/download\/pasted_image_at_2016_04_15_12_34_pm.png?t=xoxe-25137226640-35377186839-35369919062-b50fb9a462",
            "thumb_64": "https:\/\/files.slack.com\/files-tmb\/T0R416NJU-F10T15P9S-03d5f73283\/pasted_image_at_2016_04_15_12_34_pm_64.png?t=xoxe-25137226640-35377186839-35369919062-b50fb9a462",
            "thumb_80": "https:\/\/files.slack.com\/files-tmb\/T0R416NJU-F10T15P9S-03d5f73283\/pasted_image_at_2016_04_15_12_34_pm_80.png?t=xoxe-25137226640-35377186839-35369919062-b50fb9a462",
            "thumb_360": "https:\/\/files.slack.com\/files-tmb\/T0R416NJU-F10T15P9S-03d5f73283\/pasted_image_at_2016_04_15_12_34_pm_360.png?t=xoxe-25137226640-35377186839-35369919062-b50fb9a462",
            "thumb_360_w": 360,
            "thumb_360_h": 202,
            "thumb_480": "https:\/\/files.slack.com\/files-tmb\/T0R416NJU-F10T15P9S-03d5f73283\/pasted_image_at_2016_04_15_12_34_pm_480.png?t=xoxe-25137226640-35377186839-35369919062-b50fb9a462",
            "thumb_480_w": 480,
            "thumb_480_h": 270,
            "thumb_160": "https:\/\/files.slack.com\/files-tmb\/T0R416NJU-F10T15P9S-03d5f73283\/pasted_image_at_2016_04_15_12_34_pm_160.png?t=xoxe-25137226640-35377186839-35369919062-b50fb9a462",
            "thumb_720": "https:\/\/files.slack.com\/files-tmb\/T0R416NJU-F10T15P9S-03d5f73283\/pasted_image_at_2016_04_15_12_34_pm_720.png?t=xoxe-25137226640-35377186839-35369919062-b50fb9a462",
            "thumb_720_w": 720,
            "thumb_720_h": 405,
            "thumb_960": "https:\/\/files.slack.com\/files-tmb\/T0R416NJU-F10T15P9S-03d5f73283\/pasted_image_at_2016_04_15_12_34_pm_960.png?t=xoxe-25137226640-35377186839-35369919062-b50fb9a462",
            "thumb_960_w": 960,
            "thumb_960_h": 540,
            "thumb_1024": "https:\/\/files.slack.com\/files-tmb\/T0R416NJU-F10T15P9S-03d5f73283\/pasted_image_at_2016_04_15_12_34_pm_1024.png?t=xoxe-25137226640-35377186839-35369919062-b50fb9a462",
            "thumb_1024_w": 1024,
            "thumb_1024_h": 576,
            "image_exif_rotation": 1,
            "original_w": 1366,
            "original_h": 768,
            "permalink": "https:\/\/septgroupteam.slack.com\/files\/jeet\/F10T15P9S\/pasted_image_at_2016_04_15_12_34_pm.png",
            "permalink_public": "https:\/\/slack-files.com\/T0R416NJU-F10T15P9S-3afb0cf512",
            "channels": [
                "C0R4C5BBL"
            ],
            "groups": [
    
            ],
            "ims": [
    
            ],
            "comments_count": 0
        },
        "user": "U0R4EM6QN",
        "upload": true,
        "display_as_bot": false,
        "username": "<@U0R4EM6QN|jeet>",
        "bot_id": null,
        "ts": "1460687708.000191"
    },
    {
        "type": "message",
        "user": "U0R4EM6QN",
        "text": "Check the update out",
        "ts": "1460687948.000192"
    },
    {
        "type": "message",
        "user": "U0R4EM6QN",
        "text": "Everything is collapsable elements can be hidden and shown",
        "ts": "1460687965.000193"
    }
]