[
    {
        "type": "message",
        "subtype": "file_share",
        "text": "<@U0R4CQRK9|joshua> uploaded a file: <https:\/\/septgroupteam.slack.com\/files\/joshua\/F0W61QFU7\/progress.png|progress.png> and commented: Progress so far",
        "file": {
            "id": "F0W61QFU7",
            "created": 1459250466,
            "timestamp": 1459250466,
            "name": "progress.png",
            "title": "progress.png",
            "mimetype": "image\/png",
            "filetype": "png",
            "pretty_type": "PNG",
            "user": "U0R4CQRK9",
            "editable": false,
            "size": 328995,
            "mode": "hosted",
            "is_external": false,
            "external_type": "",
            "is_public": true,
            "public_url_shared": false,
            "display_as_bot": false,
            "username": "",
            "url_private": "https:\/\/files.slack.com\/files-pri\/T0R416NJU-F0W61QFU7\/progress.png?t=xoxe-25137226640-35377186839-35369919062-b50fb9a462",
            "url_private_download": "https:\/\/files.slack.com\/files-pri\/T0R416NJU-F0W61QFU7\/download\/progress.png?t=xoxe-25137226640-35377186839-35369919062-b50fb9a462",
            "thumb_64": "https:\/\/files.slack.com\/files-tmb\/T0R416NJU-F0W61QFU7-7da4c779ed\/progress_64.png?t=xoxe-25137226640-35377186839-35369919062-b50fb9a462",
            "thumb_80": "https:\/\/files.slack.com\/files-tmb\/T0R416NJU-F0W61QFU7-7da4c779ed\/progress_80.png?t=xoxe-25137226640-35377186839-35369919062-b50fb9a462",
            "thumb_360": "https:\/\/files.slack.com\/files-tmb\/T0R416NJU-F0W61QFU7-7da4c779ed\/progress_360.png?t=xoxe-25137226640-35377186839-35369919062-b50fb9a462",
            "thumb_360_w": 360,
            "thumb_360_h": 203,
            "thumb_480": "https:\/\/files.slack.com\/files-tmb\/T0R416NJU-F0W61QFU7-7da4c779ed\/progress_480.png?t=xoxe-25137226640-35377186839-35369919062-b50fb9a462",
            "thumb_480_w": 480,
            "thumb_480_h": 270,
            "thumb_160": "https:\/\/files.slack.com\/files-tmb\/T0R416NJU-F0W61QFU7-7da4c779ed\/progress_160.png?t=xoxe-25137226640-35377186839-35369919062-b50fb9a462",
            "thumb_720": "https:\/\/files.slack.com\/files-tmb\/T0R416NJU-F0W61QFU7-7da4c779ed\/progress_720.png?t=xoxe-25137226640-35377186839-35369919062-b50fb9a462",
            "thumb_720_w": 720,
            "thumb_720_h": 405,
            "thumb_960": "https:\/\/files.slack.com\/files-tmb\/T0R416NJU-F0W61QFU7-7da4c779ed\/progress_960.png?t=xoxe-25137226640-35377186839-35369919062-b50fb9a462",
            "thumb_960_w": 960,
            "thumb_960_h": 540,
            "thumb_1024": "https:\/\/files.slack.com\/files-tmb\/T0R416NJU-F0W61QFU7-7da4c779ed\/progress_1024.png?t=xoxe-25137226640-35377186839-35369919062-b50fb9a462",
            "thumb_1024_w": 1024,
            "thumb_1024_h": 576,
            "image_exif_rotation": 1,
            "original_w": 1920,
            "original_h": 1080,
            "permalink": "https:\/\/septgroupteam.slack.com\/files\/joshua\/F0W61QFU7\/progress.png",
            "permalink_public": "https:\/\/slack-files.com\/T0R416NJU-F0W61QFU7-929c365612",
            "channels": [
                "C0R4C5BBL"
            ],
            "groups": [
    
            ],
            "ims": [
    
            ],
            "comments_count": 1,
            "initial_comment": {
                "id": "Fc0W60EF3J",
                "created": 1459250466,
                "timestamp": 1459250466,
                "user": "U0R4CQRK9",
                "comment": "Progress so far"
            }
        },
        "user": "U0R4CQRK9",
        "upload": true,
        "display_as_bot": false,
        "username": "<@U0R4CQRK9|joshua>",
        "bot_id": null,
        "ts": "1459250469.000002"
    },
    {
        "type": "message",
        "user": "U0R4CQRK9",
        "text": "Jeet will need to resize the application such that the centre panel is constrained to a 5:3 ratio to ensure the images fit. Will upload the zip file with my changes, which include clicking on center to remove the side bar. The GUI code should ideally be on the github jeet",
        "ts": "1459250496.000003"
    },
    {
        "type": "message",
        "subtype": "file_share",
        "text": "<@U0R4CQRK9|joshua> uploaded a file: <https:\/\/septgroupteam.slack.com\/files\/joshua\/F0W67SHCH\/sept_ass1.zip|SEPT_ASS1.zip> and commented: Updated changes to the zip file jeet made",
        "file": {
            "id": "F0W67SHCH",
            "created": 1459250757,
            "timestamp": 1459250757,
            "name": "SEPT_ASS1.zip",
            "title": "SEPT_ASS1.zip",
            "mimetype": "application\/zip",
            "filetype": "zip",
            "pretty_type": "Zip",
            "user": "U0R4CQRK9",
            "editable": false,
            "size": 4753340,
            "mode": "hosted",
            "is_external": false,
            "external_type": "",
            "is_public": true,
            "public_url_shared": false,
            "display_as_bot": false,
            "username": "",
            "url_private": "https:\/\/files.slack.com\/files-pri\/T0R416NJU-F0W67SHCH\/sept_ass1.zip?t=xoxe-25137226640-35377186839-35369919062-b50fb9a462",
            "url_private_download": "https:\/\/files.slack.com\/files-pri\/T0R416NJU-F0W67SHCH\/download\/sept_ass1.zip?t=xoxe-25137226640-35377186839-35369919062-b50fb9a462",
            "permalink": "https:\/\/septgroupteam.slack.com\/files\/joshua\/F0W67SHCH\/sept_ass1.zip",
            "permalink_public": "https:\/\/slack-files.com\/T0R416NJU-F0W67SHCH-a8b34c9e49",
            "channels": [
                "C0R4C5BBL"
            ],
            "groups": [
    
            ],
            "ims": [
    
            ],
            "comments_count": 1,
            "initial_comment": {
                "id": "Fc0W4M0L75",
                "created": 1459250757,
                "timestamp": 1459250757,
                "user": "U0R4CQRK9",
                "comment": "Updated changes to the zip file jeet made"
            }
        },
        "user": "U0R4CQRK9",
        "upload": true,
        "display_as_bot": false,
        "username": "<@U0R4CQRK9|joshua>",
        "bot_id": null,
        "ts": "1459250758.000004"
    },
    {
        "type": "message",
        "user": "U0R4EM6QN",
        "text": "I  could upload it on GIT but like i said i have aready configured bitbucket for the same.",
        "ts": "1459251748.000002"
    },
    {
        "type": "message",
        "user": "U0R4EM6QN",
        "text": "I will soon have all my uploads to GIT since this is good place to update i will upload code here as well.",
        "ts": "1459251796.000003"
    },
    {
        "type": "message",
        "user": "U0R4EM6QN",
        "text": "Also the pictures you have used for the locations upload them to me",
        "ts": "1459251874.000004"
    },
    {
        "type": "message",
        "user": "U0R4EM6QN",
        "text": "I am currently sourcing them from google maps",
        "ts": "1459251899.000005"
    },
    {
        "type": "message",
        "user": "U0R4EM6QN",
        "text": "Also i reckon if WOLF has finished loading all the backend data then next class we could probably do the integration and have it all working",
        "ts": "1459252029.000006"
    },
    {
        "type": "message",
        "user": "U0R4EM6QN",
        "text": "I  think one of us must start working on the documentation and atleast get the draft of the documentation ready",
        "ts": "1459252314.000007"
    },
    {
        "type": "message",
        "user": "U0R4EM6QN",
        "text": "in that way we are all working on different aspects of the assignment",
        "ts": "1459252330.000008"
    },
    {
        "type": "message",
        "user": "U0R4EM6QN",
        "text": "<https:\/\/nairabhijeet@bitbucket.org\/nairabhijeet\/softwareeng-protools.git>",
        "attachments": [
            {
                "title": "Bitbucket",
                "title_link": "https:\/\/nairabhijeet@bitbucket.org\/nairabhijeet\/softwareeng-protools.git",
                "text": "Bitbucket is a Git and Mercurial based source code management and collaboration solution in the cloud. Bitbucket is simple and powerful, enables code collaboration for teams, works with the tools that matter, and is easy to use even for teams new to Git and Mercurial",
                "fallback": "Bitbucket",
                "from_url": "https:\/\/nairabhijeet@bitbucket.org\/nairabhijeet\/softwareeng-protools.git",
                "id": 1
            }
        ],
        "ts": "1459253170.000009"
    },
    {
        "type": "message",
        "user": "U0R4EM6QN",
        "text": "I believe that the optimisation of data structures is necessary",
        "ts": "1459253719.000011"
    },
    {
        "type": "message",
        "user": "U0R4EM6QN",
        "text": "I reckon WOLF the easiest way is use an arraylist instead of a hashmap also i wanted to know what objects are you creating to store the data for a weather statio",
        "ts": "1459253839.000012"
    }
]