[
    {
        "type": "message",
        "user": "U0R4CQRK9",
        "text": "Still working on the first concept of the app, the full thing should be on invision sometime tomorrow, otherwise I'll bring in the images tomorrow",
        "ts": "1458560756.000007",
        "reactions": [
            {
                "name": "+1",
                "users": [
                    "U0R46MR7W"
                ],
                "count": 1
            }
        ]
    },
    {
        "type": "message",
        "user": "U0R4CQRK9",
        "text": "The first concept will all be done before we meet again",
        "ts": "1458560774.000008"
    }
]