[
    {
        "user": "U0R46MR7W",
        "type": "message",
        "subtype": "channel_join",
        "text": "<@U0R46MR7W|wolfzimmermann> has joined the channel",
        "ts": "1458028070.000002"
    },
    {
        "user": "U0R4CQRK9",
        "inviter": "U0R46MR7W",
        "type": "message",
        "subtype": "channel_join",
        "text": "<@U0R4CQRK9|joshua> has joined the channel",
        "ts": "1458028071.000003"
    },
    {
        "user": "U0R4EM6QN",
        "inviter": "U0R46MR7W",
        "type": "message",
        "subtype": "channel_join",
        "text": "<@U0R4EM6QN|jeet> has joined the channel",
        "ts": "1458028071.000004"
    },
    {
        "user": "U0R4D9RM5",
        "inviter": "U0R46MR7W",
        "type": "message",
        "subtype": "channel_join",
        "text": "<@U0R4D9RM5|sarah-giapitzakis> has joined the channel",
        "ts": "1458028071.000005"
    },
    {
        "user": "U0RD4DJP3",
        "inviter": "U0R46MR7W",
        "type": "message",
        "subtype": "channel_join",
        "text": "<@U0RD4DJP3|subcurrent> has joined the channel",
        "ts": "1458028071.000006"
    }
]